experiment,threshold,false_match_rate,true_match_rate
lfw_development,1.9230355571434032,0.0,0.0
lfw_development,0.9230355571434032,0.0,0.0022624434389140274
lfw_development,0.9042162456798771,0.0,0.004524886877828055
lfw_development,0.9020390129106328,0.0,0.006787330316742082
lfw_development,0.891010481840575,0.0,0.00904977375565611
lfw_development,0.8839239554662346,0.0,0.011312217194570135
lfw_development,0.8821926981701825,0.0,0.013574660633484163
lfw_development,0.8815726759695027,0.0,0.01583710407239819
lfw_development,0.8765006483927273,0.0,0.01809954751131222
lfw_development,0.8734423920753515,0.0,0.020361990950226245
lfw_development,0.8715844252805498,0.0,0.02262443438914027
lfw_development,0.8658793983295008,0.0,0.024886877828054297
lfw_development,0.8628913219118813,0.0,0.027149321266968326
lfw_development,0.8583851697144791,0.0,0.029411764705882353
lfw_development,0.8569325008922821,0.0,0.03167420814479638
lfw_development,0.8563690464183035,0.0,0.033936651583710405
lfw_development,0.8509509396172938,0.0,0.03619909502262444
lfw_development,0.8470817755289607,0.0,0.038461538461538464
lfw_development,0.8404900867082591,0.0,0.04072398190045249
lfw_development,0.8378449139689046,0.0,0.042986425339366516
lfw_development,0.8355235134208763,0.0,0.04524886877828054
lfw_development,0.8324843173623717,0.0,0.04751131221719457
lfw_development,0.83203015891304,0.0,0.049773755656108594
lfw_development,0.8303584573585227,0.0,0.05203619909502263
lfw_development,0.8295319991423347,0.0,0.05429864253393665
lfw_development,0.8291910278072506,0.0,0.05656108597285068
lfw_development,0.8284959858954801,0.0,0.058823529411764705
lfw_development,0.8263828523256227,0.0,0.06108597285067873
lfw_development,0.8257905308581297,0.0,0.06334841628959276
lfw_development,0.823723121593875,0.0,0.06561085972850679
lfw_development,0.8229943648746477,0.0,0.06787330316742081
lfw_development,0.8206268061468167,0.0,0.07013574660633484
lfw_development,0.8204088979847783,0.0,0.07239819004524888
lfw_development,0.8190423974787766,0.0,0.0746606334841629
lfw_development,0.8167203436573479,0.0,0.07692307692307693
lfw_development,0.8160531934547564,0.0,0.07918552036199095
lfw_development,0.8146251232711128,0.0,0.08144796380090498
lfw_development,0.812926871728444,0.0,0.083710407239819
lfw_development,0.8110442484359428,0.0,0.08597285067873303
lfw_development,0.8108842951646512,0.0,0.08823529411764706
lfw_development,0.810413709786981,0.0,0.09049773755656108
lfw_development,0.8094604542603514,0.0,0.09276018099547512
lfw_development,0.8075598665460568,0.0,0.09502262443438914
lfw_development,0.8002611574334385,0.0,0.09728506787330317
lfw_development,0.7991372551239111,0.0,0.09954751131221719
lfw_development,0.7967246048724721,0.0,0.10180995475113122
lfw_development,0.794945747807452,0.0,0.10407239819004525
lfw_development,0.7945252666951111,0.0,0.10633484162895927
lfw_development,0.7938762523035934,0.0,0.1085972850678733
lfw_development,0.7937389184425867,0.0,0.11085972850678733
lfw_development,0.7932374609057716,0.0,0.11312217194570136
lfw_development,0.7931774858086478,0.0,0.11538461538461539
lfw_development,0.7928475639660973,0.0,0.11764705882352941
lfw_development,0.7926954022193518,0.0,0.11990950226244344
lfw_development,0.7912803034586977,0.0,0.12217194570135746
lfw_development,0.7898153955875331,0.0,0.1244343891402715
lfw_development,0.7876441155208548,0.0,0.12669683257918551
lfw_development,0.7858630402814892,0.0,0.12895927601809956
lfw_development,0.7830288574177551,0.0,0.13122171945701358
lfw_development,0.7816519867589529,0.0,0.1334841628959276
lfw_development,0.7816293398413316,0.0,0.13574660633484162
lfw_development,0.7812212622015563,0.0,0.13800904977375567
lfw_development,0.7790503689384806,0.0,0.14027149321266968
lfw_development,0.7785770954435157,0.0,0.1425339366515837
lfw_development,0.7777951669938029,0.0,0.14479638009049775
lfw_development,0.7775802355022229,0.0,0.14705882352941177
lfw_development,0.7757657580917149,0.0,0.1493212669683258
lfw_development,0.775567111297377,0.0,0.1515837104072398
lfw_development,0.7747987412963745,0.0,0.15384615384615385
lfw_development,0.7728717430212464,0.0,0.15610859728506787
lfw_development,0.7724610881934437,0.0,0.1583710407239819
lfw_development,0.7714564702906815,0.0,0.16063348416289594
lfw_development,0.7696427847818258,0.0,0.16289592760180996
lfw_development,0.7684754605989919,0.0,0.16515837104072398
lfw_development,0.7682992934615945,0.0,0.167420814479638
lfw_development,0.7680466304955342,0.0,0.16968325791855204
lfw_development,0.767198858044436,0.0,0.17194570135746606
lfw_development,0.7671062715437029,0.0,0.17420814479638008
lfw_development,0.7665673931744457,0.0,0.17647058823529413
lfw_development,0.765879916155149,0.0,0.17873303167420815
lfw_development,0.7626980958647271,0.0,0.18099547511312217
lfw_development,0.7622055944512757,0.0,0.1832579185520362
lfw_development,0.7599035230423665,0.0,0.18552036199095023
lfw_development,0.7591808784773746,0.0,0.18778280542986425
lfw_development,0.7587837115808194,0.0,0.19004524886877827
lfw_development,0.7583581102838726,0.0,0.19230769230769232
lfw_development,0.7582745756292688,0.0,0.19457013574660634
lfw_development,0.7582411268498268,0.0,0.19683257918552036
lfw_development,0.7582359935538796,0.0,0.19909502262443438
lfw_development,0.7548179787350515,0.0,0.20135746606334842
lfw_development,0.7544739306369117,0.0,0.20361990950226244
lfw_development,0.7539963258766978,0.0,0.20588235294117646
lfw_development,0.7524908029651073,0.0,0.2081447963800905
lfw_development,0.7518209454378258,0.0,0.21040723981900453
lfw_development,0.7515487426450819,0.0,0.21266968325791855
lfw_development,0.7505158965927299,0.0,0.2149321266968326
lfw_development,0.7496490610062063,0.0,0.2171945701357466
lfw_development,0.7492431608723962,0.0,0.21945701357466063
lfw_development,0.7487170708381147,0.0,0.22171945701357465
lfw_development,0.7484421227200393,0.0,0.2239819004524887
lfw_development,0.7476719801700037,0.0,0.22624434389140272
lfw_development,0.7476366830302061,0.0,0.22850678733031674
lfw_development,0.746861329362437,0.0,0.23076923076923078
lfw_development,0.7461280431882249,0.0,0.2330316742081448
lfw_development,0.7453334624779236,0.0,0.23529411764705882
lfw_development,0.7452477497638286,0.0,0.23755656108597284
lfw_development,0.7442704202237918,0.0,0.2398190045248869
lfw_development,0.7441266687188532,0.0,0.2420814479638009
lfw_development,0.7439918074487012,0.0,0.24434389140271492
lfw_development,0.7437964649289507,0.0,0.24660633484162897
lfw_development,0.7407705917173735,0.0,0.248868778280543
lfw_development,0.7397342960508078,0.0,0.251131221719457
lfw_development,0.7393566312087307,0.0,0.25339366515837103
lfw_development,0.7393379155478711,0.0,0.25565610859728505
lfw_development,0.7392296747804222,0.0,0.2579185520361991
lfw_development,0.7388961518924118,0.0,0.26018099547511314
lfw_development,0.7381146054343954,0.0,0.26244343891402716
lfw_development,0.7371057928829617,0.0,0.2647058823529412
lfw_development,0.7370388722412397,0.0,0.2669683257918552
lfw_development,0.736915581518971,0.0,0.2692307692307692
lfw_development,0.7368108684241752,0.0,0.27149321266968324
lfw_development,0.736625869700858,0.0,0.2737556561085973
lfw_development,0.734787914669796,0.0,0.27601809954751133
lfw_development,0.734353976953727,0.0,0.27828054298642535
lfw_development,0.7342957765395964,0.0,0.28054298642533937
lfw_development,0.7339651826752468,0.0,0.2828054298642534
lfw_development,0.733860685727184,0.0,0.2850678733031674
lfw_development,0.7336583930311066,0.0,0.2873303167420814
lfw_development,0.7335764465168466,0.0,0.2895927601809955
lfw_development,0.7330088867103546,0.0,0.2918552036199095
lfw_development,0.7322066347695876,0.0,0.29411764705882354
lfw_development,0.7310138801320645,0.0,0.29638009049773756
lfw_development,0.7308455144460994,0.0,0.2986425339366516
lfw_development,0.7302500199887635,0.0,0.3009049773755656
lfw_development,0.7300707708699619,0.0,0.3031674208144796
lfw_development,0.7297914873419141,0.0,0.3054298642533937
lfw_development,0.7290738046401888,0.0,0.3076923076923077
lfw_development,0.7281850135757909,0.0,0.30995475113122173
lfw_development,0.7267698015789081,0.0,0.31221719457013575
lfw_development,0.7264863266143669,0.0,0.31447963800904977
lfw_development,0.7262678619502316,0.0,0.3167420814479638
lfw_development,0.7255739467433615,0.0,0.3190045248868778
lfw_development,0.7254393548773579,0.0,0.3212669683257919
lfw_development,0.7252338161272343,0.0,0.3235294117647059
lfw_development,0.7249880658337161,0.0,0.3257918552036199
lfw_development,0.7248402184826752,0.0,0.32805429864253394
lfw_development,0.7237255579723724,0.0,0.33031674208144796
lfw_development,0.7237041704601196,0.0,0.332579185520362
lfw_development,0.7235534161822343,0.0,0.334841628959276
lfw_development,0.7233080945359517,0.0,0.33710407239819007
lfw_development,0.7231333425762911,0.0,0.3393665158371041
lfw_development,0.7211194291564854,0.0,0.3416289592760181
lfw_development,0.7179291977544932,0.0,0.3438914027149321
lfw_development,0.7176213654755544,0.0,0.34615384615384615
lfw_development,0.7175188582065598,0.0,0.34841628959276016
lfw_development,0.717119233763836,0.0,0.3506787330316742
lfw_development,0.7169351410540872,0.0,0.35294117647058826
lfw_development,0.7161613407277205,0.0,0.3552036199095023
lfw_development,0.7152893751604098,0.0,0.3574660633484163
lfw_development,0.7152253210905143,0.0,0.3597285067873303
lfw_development,0.7136475426978898,0.0,0.36199095022624433
lfw_development,0.7134224736974859,0.0,0.36425339366515835
lfw_development,0.713148346322023,0.0,0.3665158371040724
lfw_development,0.7111003308199839,0.0,0.36877828054298645
lfw_development,0.7101496984525714,0.0,0.37104072398190047
lfw_development,0.7098970294275182,0.0,0.3733031674208145
lfw_development,0.7087203789211667,0.0,0.3755656108597285
lfw_development,0.7086334644071004,0.0,0.3778280542986425
lfw_development,0.7080245581012454,0.0,0.38009049773755654
lfw_development,0.7075410877665367,0.0,0.38235294117647056
lfw_development,0.7070309299653039,0.0,0.38461538461538464
lfw_development,0.7058384294644291,0.0,0.38687782805429866
lfw_development,0.7057814175317911,0.0,0.3891402714932127
lfw_development,0.7039064221656524,0.0,0.3914027149321267
lfw_development,0.7037644607520179,0.0,0.3936651583710407
lfw_development,0.7036993701852864,0.0,0.39592760180995473
lfw_development,0.7036028111882916,0.0,0.39819004524886875
lfw_development,0.7029032380180404,0.0,0.4004524886877828
lfw_development,0.7023213820904425,0.0,0.40271493212669685
lfw_development,0.7015929398343411,0.0,0.40497737556561086
lfw_development,0.7008583176218735,0.0,0.4072398190045249
lfw_development,0.7000133315678345,0.0,0.4095022624434389
lfw_development,0.699065404820736,0.0,0.4117647058823529
lfw_development,0.6975468948098594,0.0,0.41402714932126694
lfw_development,0.6970311064110397,0.0,0.416289592760181
lfw_development,0.6962687369942544,0.0,0.41855203619909503
lfw_development,0.6961199327746604,0.0,0.42081447963800905
lfw_development,0.6954891042274581,0.0,0.4230769230769231
lfw_development,0.6954399295475348,0.0,0.4253393665158371
lfw_development,0.6949872820159326,0.0,0.4276018099547511
lfw_development,0.694411646590485,0.0,0.4298642533936652
lfw_development,0.6938875073527769,0.0,0.4321266968325792
lfw_development,0.6933748025252162,0.0,0.4343891402714932
lfw_development,0.6930606846437581,0.0,0.43665158371040724
lfw_development,0.6927546414251847,0.0,0.43891402714932126
lfw_development,0.6927298125329607,0.0,0.4411764705882353
lfw_development,0.6924768556907003,0.0,0.4434389140271493
lfw_development,0.6923863657396352,0.0,0.4457013574660634
lfw_development,0.6923121975002517,0.0,0.4479638009049774
lfw_development,0.6920360946839494,0.0,0.4502262443438914
lfw_development,0.6920135500904597,0.0,0.45248868778280543
lfw_development,0.6918732642965537,0.0,0.45475113122171945
lfw_development,0.6913457189277791,0.0,0.45701357466063347
lfw_development,0.6912894341286903,0.0,0.4592760180995475
lfw_development,0.6911330923236363,0.0,0.46153846153846156
lfw_development,0.6894991270758755,0.0,0.4638009049773756
lfw_development,0.6891952302394223,0.0,0.4660633484162896
lfw_development,0.6891010601647167,0.0,0.4683257918552036
lfw_development,0.6870291961815063,0.0,0.47058823529411764
lfw_development,0.6868987205177695,0.0,0.47285067873303166
lfw_development,0.6855691325939545,0.0,0.4751131221719457
lfw_development,0.6852858985027371,0.0,0.47737556561085975
lfw_development,0.6852484137945343,0.0,0.4796380090497738
lfw_development,0.684993200504969,0.0,0.4819004524886878
lfw_development,0.6836898380739868,0.0,0.4841628959276018
lfw_development,0.6832299044093453,0.0,0.48642533936651583
lfw_development,0.6821121231496229,0.0,0.48868778280542985
lfw_development,0.6819915501963774,0.0,0.49095022624434387
lfw_development,0.6809071076103288,0.0,0.49321266968325794
lfw_development,0.6804705745673328,0.0,0.49547511312217196
lfw_development,0.68020950825654,0.0,0.497737556561086
lfw_development,0.6785627308015766,0.0,0.5
lfw_development,0.6782429226131759,0.0,0.502262443438914
lfw_development,0.6768848272948192,0.0,0.504524886877828
lfw_development,0.6764858198287875,0.0,0.5067873303167421
lfw_development,0.6755832229931229,0.0,0.5090497737556561
lfw_development,0.6751610616781507,0.0,0.5113122171945701
lfw_development,0.6751350119446271,0.0,0.5135746606334841
lfw_development,0.6748934001423553,0.0,0.5158371040723982
lfw_development,0.6747598070491438,0.0,0.5180995475113123
lfw_development,0.6744728616812551,0.0,0.5203619909502263
lfw_development,0.6730894007407882,0.0,0.5226244343891403
lfw_development,0.6727675395959635,0.0,0.5248868778280543
lfw_development,0.6722096948404295,0.0,0.5271493212669683
lfw_development,0.672072522359616,0.0,0.5294117647058824
lfw_development,0.6704665095485451,0.0,0.5316742081447964
lfw_development,0.6701683058249644,0.0,0.5339366515837104
lfw_development,0.669682324951967,0.0,0.5361990950226244
lfw_development,0.6691918833033129,0.0,0.5384615384615384
lfw_development,0.6690152293149276,0.0,0.5407239819004525
lfw_development,0.6689474087597668,0.0,0.5429864253393665
lfw_development,0.667914425196598,0.0,0.5452488687782805
lfw_development,0.6672943650354288,0.0,0.5475113122171946
lfw_development,0.6672468158364191,0.0,0.5497737556561086
lfw_development,0.6672393834950952,0.0,0.5520361990950227
lfw_development,0.6672220855394979,0.0,0.5542986425339367
lfw_development,0.6646629810266081,0.0,0.5565610859728507
lfw_development,0.66405081661763,0.0,0.5588235294117647
lfw_development,0.6611006259851699,0.0,0.5610859728506787
lfw_development,0.6606679591974649,0.0,0.5633484162895928
lfw_development,0.6603698440506214,0.0,0.5656108597285068
lfw_development,0.6597761066931183,0.0,0.5678733031674208
lfw_development,0.6596768166650685,0.0,0.5701357466063348
lfw_development,0.6593996229323763,0.0,0.5723981900452488
lfw_development,0.6586754891459913,0.0,0.5746606334841629
lfw_development,0.6584317146481687,0.0,0.5769230769230769
lfw_development,0.6578246220807489,0.0,0.579185520361991
lfw_development,0.6570551829750216,0.0,0.581447963800905
lfw_development,0.6570405166934434,0.0,0.583710407239819
lfw_development,0.6566904853112023,0.0,0.5859728506787331
lfw_development,0.6562154991885987,0.0,0.5882352941176471
lfw_development,0.6561405028806921,0.0,0.5904977375565611
lfw_development,0.655255709160691,0.0,0.5927601809954751
lfw_development,0.6549051708885658,0.0,0.5950226244343891
lfw_development,0.6536966535944012,0.0,0.5972850678733032
lfw_development,0.6534209543941907,0.0,0.5995475113122172
lfw_development,0.6527919177766177,0.0,0.6018099547511312
lfw_development,0.6524954679389936,0.0,0.6040723981900452
lfw_development,0.6519605579661074,0.0,0.6063348416289592
lfw_development,0.6514976098350458,0.0,0.6085972850678733
lfw_development,0.6510849796851591,0.0,0.6108597285067874
lfw_development,0.6508952147344732,0.0,0.6131221719457014
lfw_development,0.6508147100961578,0.0,0.6153846153846154
lfw_development,0.6504099495792688,0.0,0.6176470588235294
lfw_development,0.6502066059487033,0.0,0.6199095022624435
lfw_development,0.6499286967485499,0.0,0.6221719457013575
lfw_development,0.6496449017794859,0.0,0.6244343891402715
lfw_development,0.6484615571178922,0.0,0.6266968325791855
lfw_development,0.6466126975738608,0.0,0.6289592760180995
lfw_development,0.6463954302180749,0.0,0.6312217194570136
lfw_development,0.646324624376456,0.0,0.6334841628959276
lfw_development,0.6454262369773646,0.0,0.6357466063348416
lfw_development,0.6453463455866223,0.0,0.6380090497737556
lfw_development,0.6452487386560118,0.0,0.6402714932126696
lfw_development,0.6450643588435185,0.0,0.6425339366515838
lfw_development,0.6447111753697574,0.0,0.6447963800904978
lfw_development,0.644576436251665,0.0,0.6470588235294118
lfw_development,0.6429803337653398,0.0,0.6493212669683258
lfw_development,0.6426998938550156,0.0,0.6515837104072398
lfw_development,0.6423542522829394,0.0,0.6538461538461539
lfw_development,0.6420930517905352,0.0,0.6561085972850679
lfw_development,0.6407563221854646,0.0,0.6583710407239819
lfw_development,0.6405408414011861,0.0,0.6606334841628959
lfw_development,0.6383623835268166,0.0,0.6628959276018099
lfw_development,0.6383297187763621,0.0,0.665158371040724
lfw_development,0.6381636178522715,0.0,0.667420814479638
lfw_development,0.6381082852841684,0.0,0.669683257918552
lfw_development,0.6378795576203933,0.0,0.6719457013574661
lfw_development,0.6377155457110294,0.0,0.6742081447963801
lfw_development,0.6371440089786965,0.0,0.6764705882352942
lfw_development,0.6343796191171229,0.0,0.6787330316742082
lfw_development,0.631877502051535,0.0,0.6809954751131222
lfw_development,0.631176940904365,0.0,0.6832579185520362
lfw_development,0.6309974803024705,0.0,0.6855203619909502
lfw_development,0.6308511147992378,0.0,0.6877828054298643
lfw_development,0.6305779118398049,0.0,0.6900452488687783
lfw_development,0.6295164954983685,0.0,0.6923076923076923
lfw_development,0.6290440426280437,0.0,0.6945701357466063
lfw_development,0.6272947857549018,0.0,0.6968325791855203
lfw_development,0.6268293323461465,0.0,0.6990950226244343
lfw_development,0.6245568542182667,0.0,0.7013574660633484
lfw_development,0.6234403702099345,0.0,0.7036199095022625
lfw_development,0.6230049432282103,0.0,0.7058823529411765
lfw_development,0.6213537120291397,0.0,0.7081447963800905
lfw_development,0.6212024386559258,0.0,0.7104072398190046
lfw_development,0.6206438756836563,0.0,0.7126696832579186
lfw_development,0.6205709527796769,0.0,0.7149321266968326
lfw_development,0.6205310139546188,0.0,0.7171945701357466
lfw_development,0.6195772541904754,0.0,0.7194570135746606
lfw_development,0.6193504148132323,0.0,0.7217194570135747
lfw_development,0.6189744802373081,0.0,0.7239819004524887
lfw_development,0.6189461585364341,0.0,0.7262443438914027
lfw_development,0.6188804348619965,0.0,0.7285067873303167
lfw_development,0.6186174298648547,0.0,0.7307692307692307
lfw_development,0.6176262829245095,0.0,0.7330316742081447
lfw_development,0.6175937701411225,0.0,0.7352941176470589
lfw_development,0.6165344233744627,0.0,0.7375565610859729
lfw_development,0.615522408409573,0.0,0.7398190045248869
lfw_development,0.6154255241143197,0.0,0.7420814479638009
lfw_development,0.6146280223561511,0.0,0.744343891402715
lfw_development,0.6130492758015105,0.0,0.746606334841629
lfw_development,0.6128417797981629,0.0,0.748868778280543
lfw_development,0.6096868830866872,0.0,0.751131221719457
lfw_development,0.6084152861341915,0.0,0.753393665158371
lfw_development,0.608408112186848,0.0,0.755656108597285
lfw_development,0.6082024594294339,0.0,0.7579185520361991
lfw_development,0.6076255461125428,0.0,0.7601809954751131
lfw_development,0.6071876271383485,0.0,0.7624434389140271
lfw_development,0.607055700900047,0.0,0.7647058823529411
lfw_development,0.6065492755052704,0.0,0.7669683257918553
lfw_development,0.6064888699964848,0.0,0.7692307692307693
lfw_development,0.6044575534024303,0.0,0.7714932126696833
lfw_development,0.603313538526306,0.0,0.7737556561085973
lfw_development,0.6025739596535696,0.0,0.7760180995475113
lfw_development,0.6020055009844877,0.0,0.7782805429864253
lfw_development,0.6019767497336607,0.0,0.7805429864253394
lfw_development,0.6002772758394713,0.0,0.7828054298642534
lfw_development,0.5994621591987117,0.0,0.7850678733031674
lfw_development,0.5988925133780966,0.0,0.7873303167420814
lfw_development,0.5974891586421128,0.0,0.7895927601809954
lfw_development,0.5974692687086176,0.0,0.7918552036199095
lfw_development,0.5970886851136504,0.0,0.7941176470588235
lfw_development,0.5969872686647913,0.0,0.7963800904977375
lfw_development,0.5942478609872424,0.0,0.7986425339366516
lfw_development,0.5941184986198169,0.0,0.8009049773755657
lfw_development,0.587367579852953,0.0,0.8031674208144797
lfw_development,0.5869388203041125,0.0,0.8054298642533937
lfw_development,0.5860337607058331,0.0,0.8076923076923077
lfw_development,0.5851695433202805,0.0,0.8099547511312217
lfw_development,0.5848103120756111,0.0,0.8122171945701357
lfw_development,0.5844592945518917,0.0,0.8144796380090498
lfw_development,0.5836577830463248,0.0,0.8167420814479638
lfw_development,0.5824830865632158,0.0,0.8190045248868778
lfw_development,0.5816771937309508,0.0,0.8212669683257918
lfw_development,0.581457815778766,0.0,0.8235294117647058
lfw_development,0.5812300927809076,0.0,0.8257918552036199
lfw_development,0.5811079854744853,0.0,0.8280542986425339
lfw_development,0.579314390146689,0.0,0.830316742081448
lfw_development,0.5782828096737301,0.0,0.832579185520362
lfw_development,0.577638191425306,0.0,0.834841628959276
lfw_development,0.5776319957654557,0.0,0.8371040723981901
lfw_development,0.577540314305114,0.0,0.8393665158371041
lfw_development,0.5765473541757574,0.0,0.8416289592760181
lfw_development,0.5761337470980231,0.0,0.8438914027149321
lfw_development,0.5749028494193947,0.0,0.8461538461538461
lfw_development,0.5744324386620286,0.0,0.8484162895927602
lfw_development,0.5726798049735701,0.0,0.8506787330316742
lfw_development,0.5652014206348908,0.0,0.8529411764705882
lfw_development,0.5622058986032495,0.0,0.8552036199095022
lfw_development,0.561817881897746,0.0,0.8574660633484162
lfw_development,0.5613629471305293,0.0,0.8597285067873304
lfw_development,0.5610874426400946,0.0,0.8619909502262444
lfw_development,0.5555064921379722,0.0,0.8642533936651584
lfw_development,0.5549497465478862,0.0,0.8665158371040724
lfw_development,0.5549245945248543,0.0,0.8687782805429864
lfw_development,0.5487306645627957,0.0,0.8710407239819005
lfw_development,0.5484492307587094,0.0,0.8733031674208145
lfw_development,0.5463714033346181,0.0,0.8755656108597285
lfw_development,0.5453129614426132,0.0,0.8778280542986425
lfw_development,0.5450594991569989,0.0,0.8800904977375565
lfw_development,0.5446399277915723,0.0,0.8823529411764706
lfw_development,0.5404433476856202,0.0,0.8846153846153846
lfw_development,0.5403936960268095,0.0,0.8868778280542986
lfw_development,0.539434836807754,0.0,0.8891402714932126
lfw_development,0.5365617628087347,0.0,0.8914027149321267
lfw_development,0.5347662476059657,0.0,0.8936651583710408
lfw_development,0.5335446993990554,0.0,0.8959276018099548
lfw_development,0.5305097710427767,0.0,0.8981900452488688
lfw_development,0.5302944691652512,0.0,0.9004524886877828
lfw_development,0.529475251906282,0.0,0.9027149321266968
lfw_development,0.5286161531127876,0.0,0.9049773755656109
lfw_development,0.5281512798731964,0.0,0.9072398190045249
lfw_development,0.5271871101993777,0.0,0.9095022624434389
lfw_development,0.526713605394946,0.0,0.9117647058823529
lfw_development,0.5249791662453909,0.0,0.9140271493212669
lfw_development,0.5241921779325404,0.0,0.916289592760181
lfw_development,0.5224789964624769,0.0,0.918552036199095
lfw_development,0.5204190581259094,0.0,0.920814479638009
lfw_development,0.5175980701665412,0.0,0.9230769230769231
lfw_development,0.5172335547918796,0.0,0.9253393665158371
lfw_development,0.5152720199319433,0.0,0.9276018099547512
lfw_development,0.5140228030922488,0.0,0.9298642533936652
lfw_development,0.5098746777077036,0.0,0.9321266968325792
lfw_development,0.5098619188820704,0.0,0.9343891402714932
lfw_development,0.5089445415129251,0.0,0.9366515837104072
lfw_development,0.50339417741388,0.0,0.9389140271493213
lfw_development,0.5022516144445243,0.0,0.9411764705882353
lfw_development,0.5017422888284657,0.0,0.9434389140271493
lfw_development,0.5014702871952688,0.0,0.9457013574660633
lfw_development,0.5000939561324611,0.0,0.9479638009049773
lfw_development,0.49609074495032723,0.0,0.9502262443438914
lfw_development,0.4801663761827124,0.0,0.9524886877828054
lfw_development,0.47523722923667955,0.0,0.9547511312217195
lfw_development,0.4675420438818528,0.0,0.9570135746606335
lfw_development,0.45693428432067984,0.0,0.9592760180995475
lfw_development,0.4569153400038602,0.0,0.9615384615384616
lfw_development,0.44723109410493755,0.0,0.9638009049773756
lfw_development,0.44718105194598534,0.0,0.9660633484162896
lfw_development,0.4431893791926198,0.0,0.9683257918552036
lfw_development,0.44249425867473907,0.0,0.9705882352941176
lfw_development,0.42904797699339475,0.0,0.9728506787330317
lfw_development,0.42047767869659136,0.0,0.9751131221719457
lfw_development,0.41915414902228704,0.0,0.9773755656108597
lfw_development,0.3911319264323977,0.0,0.9796380090497737
lfw_development,0.37713089907579783,0.0,0.9819004524886877
lfw_development,0.3732647131462053,0.0,0.9841628959276018
lfw_development,0.3388926973757882,0.0022026431718061676,0.9841628959276018
lfw_development,0.32980396458674666,0.004405286343612335,0.9841628959276018
lfw_development,0.31131752253130857,0.006607929515418502,0.9841628959276018
lfw_development,0.3053429285047487,0.006607929515418502,0.9864253393665159
lfw_development,0.30418250511862965,0.00881057268722467,0.9864253393665159
lfw_development,0.29990982680472716,0.011013215859030838,0.9864253393665159
lfw_development,0.294074050045025,0.013215859030837005,0.9864253393665159
lfw_development,0.2931315230540106,0.015418502202643172,0.9864253393665159
lfw_development,0.29248710633183406,0.01762114537444934,0.9864253393665159
lfw_development,0.286878992404437,0.019823788546255508,0.9864253393665159
lfw_development,0.28466027340555744,0.022026431718061675,0.9864253393665159
lfw_development,0.28014268817830595,0.024229074889867842,0.9864253393665159
lfw_development,0.2782228410937929,0.02643171806167401,0.9864253393665159
lfw_development,0.2757010592854022,0.028634361233480177,0.9864253393665159
lfw_development,0.27551297890808296,0.030837004405286344,0.9864253393665159
lfw_development,0.2717154219237121,0.03303964757709251,0.9864253393665159
lfw_development,0.2702109375024488,0.03524229074889868,0.9864253393665159
lfw_development,0.2698599261677536,0.037444933920704845,0.9864253393665159
lfw_development,0.26917056402445294,0.039647577092511016,0.9864253393665159
lfw_development,0.26906797915452824,0.04185022026431718,0.9864253393665159
lfw_development,0.2596268047047149,0.04405286343612335,0.9864253393665159
lfw_development,0.25785717049342066,0.046255506607929514,0.9864253393665159
lfw_development,0.25303433244845575,0.048458149779735685,0.9864253393665159
lfw_development,0.25283703732024915,0.05066079295154185,0.9864253393665159
lfw_development,0.24901082201399083,0.05286343612334802,0.9864253393665159
lfw_development,0.23820056966517625,0.05506607929515418,0.9864253393665159
lfw_development,0.23791628031561804,0.05726872246696035,0.9864253393665159
lfw_development,0.23317290654885706,0.05947136563876652,0.9864253393665159
lfw_development,0.23096501614165663,0.06167400881057269,0.9864253393665159
lfw_development,0.22894811698726267,0.06387665198237885,0.9864253393665159
lfw_development,0.22861183884142788,0.06607929515418502,0.9864253393665159
lfw_development,0.22724661025759926,0.06828193832599119,0.9864253393665159
lfw_development,0.22721751268777637,0.07048458149779736,0.9864253393665159
lfw_development,0.226235821889879,0.07048458149779736,0.9886877828054299
lfw_development,0.22513782804325994,0.07268722466960352,0.9886877828054299
lfw_development,0.2239070134244096,0.07268722466960352,0.9909502262443439
lfw_development,0.22344180294959848,0.07488986784140969,0.9909502262443439
lfw_development,0.21857776537353119,0.07709251101321586,0.9909502262443439
lfw_development,0.21731066552510359,0.07929515418502203,0.9909502262443439
lfw_development,0.2161362061847254,0.08149779735682819,0.9909502262443439
lfw_development,0.21123837004459667,0.08370044052863436,0.9909502262443439
lfw_development,0.20802258545048397,0.08590308370044053,0.9909502262443439
lfw_development,0.20684640597359502,0.0881057268722467,0.9909502262443439
lfw_development,0.20646665444680484,0.09030837004405286,0.9909502262443439
lfw_development,0.20562325695343714,0.09251101321585903,0.9909502262443439
lfw_development,0.20465579373638154,0.0947136563876652,0.9909502262443439
lfw_development,0.2029385803498594,0.09691629955947137,0.9909502262443439
lfw_development,0.2018730893445697,0.09911894273127753,0.9909502262443439
lfw_development,0.20164577445536552,0.1013215859030837,0.9909502262443439
lfw_development,0.2014572948751857,0.10352422907488987,0.9909502262443439
lfw_development,0.20071819723449094,0.10572687224669604,0.9909502262443439
lfw_development,0.1997730696612304,0.10792951541850221,0.9909502262443439
lfw_development,0.19753228510263496,0.10792951541850221,0.9932126696832579
lfw_development,0.1972360788274385,0.11013215859030837,0.9932126696832579
lfw_development,0.19483768011615168,0.11233480176211454,0.9932126696832579
lfw_development,0.19406906701294077,0.1145374449339207,0.9932126696832579
lfw_development,0.19353432406251164,0.11674008810572688,0.9932126696832579
lfw_development,0.193359806097108,0.11894273127753303,0.9932126696832579
lfw_development,0.19317064648686225,0.1211453744493392,0.9932126696832579
lfw_development,0.18843462517696305,0.12334801762114538,0.9932126696832579
lfw_development,0.18744406378564196,0.12555066079295155,0.9932126696832579
lfw_development,0.18620368644192772,0.1277533039647577,0.9932126696832579
lfw_development,0.18606414395156995,0.1299559471365639,0.9932126696832579
lfw_development,0.1850164488318119,0.13215859030837004,0.9932126696832579
lfw_development,0.1841580564110905,0.1343612334801762,0.9932126696832579
lfw_development,0.18285725329817695,0.13656387665198239,0.9932126696832579
lfw_development,0.1821639193231765,0.13876651982378854,0.9932126696832579
lfw_development,0.1818131311262523,0.14096916299559473,0.9932126696832579
lfw_development,0.18110532602866908,0.14317180616740088,0.9932126696832579
lfw_development,0.1807820684972109,0.14537444933920704,0.9932126696832579
lfw_development,0.18071641933928267,0.14757709251101322,0.9932126696832579
lfw_development,0.1797691168991235,0.14977973568281938,0.9932126696832579
lfw_development,0.17928918245293188,0.15198237885462554,0.9932126696832579
lfw_development,0.17838576765137593,0.15418502202643172,0.9932126696832579
lfw_development,0.17770278337665557,0.15638766519823788,0.9932126696832579
lfw_development,0.1773412284179832,0.15859030837004406,0.9932126696832579
lfw_development,0.17699761879963397,0.16079295154185022,0.9932126696832579
lfw_development,0.17512768095967118,0.16299559471365638,0.9932126696832579
lfw_development,0.1747380187308049,0.16519823788546256,0.9932126696832579
lfw_development,0.17378920377882373,0.16740088105726872,0.9932126696832579
lfw_development,0.17312892023343893,0.1696035242290749,0.9932126696832579
lfw_development,0.17237471144737423,0.17180616740088106,0.9932126696832579
lfw_development,0.17186918469419438,0.17400881057268722,0.9932126696832579
lfw_development,0.17173707818114373,0.1762114537444934,0.9932126696832579
lfw_development,0.1709933283040526,0.17841409691629956,0.9932126696832579
lfw_development,0.1702191026737796,0.18061674008810572,0.9932126696832579
lfw_development,0.16982929472499406,0.1828193832599119,0.9932126696832579
lfw_development,0.16953613963117536,0.18502202643171806,0.9932126696832579
lfw_development,0.1690421990230971,0.18722466960352424,0.9932126696832579
lfw_development,0.1682724465576818,0.1894273127753304,0.9932126696832579
lfw_development,0.16775417858097155,0.19162995594713655,0.9932126696832579
lfw_development,0.16752918862915736,0.19383259911894274,0.9932126696832579
lfw_development,0.16698248312359165,0.1960352422907489,0.9932126696832579
lfw_development,0.16617144685084534,0.19823788546255505,0.9932126696832579
lfw_development,0.16457090462016327,0.19823788546255505,0.995475113122172
lfw_development,0.16411822464919232,0.20044052863436124,0.995475113122172
lfw_development,0.16391670234823386,0.2026431718061674,0.995475113122172
lfw_development,0.1636581246902003,0.20484581497797358,0.995475113122172
lfw_development,0.16336828564323458,0.20704845814977973,0.995475113122172
lfw_development,0.16275380763617767,0.2092511013215859,0.995475113122172
lfw_development,0.16079071992814187,0.21145374449339208,0.995475113122172
lfw_development,0.159677482830755,0.21365638766519823,0.995475113122172
lfw_development,0.15855816511480597,0.21585903083700442,0.995475113122172
lfw_development,0.1583470821729837,0.21806167400881057,0.995475113122172
lfw_development,0.15756600796622935,0.22026431718061673,0.995475113122172
lfw_development,0.15733222288443172,0.22246696035242292,0.995475113122172
lfw_development,0.1566758409752773,0.22466960352422907,0.995475113122172
lfw_development,0.15666356764121886,0.22687224669603523,0.995475113122172
lfw_development,0.15575786755639712,0.2290748898678414,0.995475113122172
lfw_development,0.15563559525927168,0.23127753303964757,0.995475113122172
lfw_development,0.154900297242844,0.23348017621145375,0.995475113122172
lfw_development,0.15488561820377553,0.2356828193832599,0.995475113122172
lfw_development,0.1547936264044725,0.23788546255506607,0.995475113122172
lfw_development,0.15310801765911833,0.24008810572687225,0.995475113122172
lfw_development,0.15298577951822875,0.2422907488986784,0.995475113122172
lfw_development,0.15170169262099786,0.2444933920704846,0.995475113122172
lfw_development,0.1514541496194071,0.24669603524229075,0.995475113122172
lfw_development,0.15110046575419905,0.2488986784140969,0.995475113122172
lfw_development,0.1505110236787816,0.2511013215859031,0.995475113122172
lfw_development,0.15036748661069432,0.2533039647577093,0.995475113122172
lfw_development,0.15027032961305806,0.2555066079295154,0.995475113122172
lfw_development,0.14984192177956943,0.2577092511013216,0.995475113122172
lfw_development,0.14879410398546378,0.2599118942731278,0.995475113122172
lfw_development,0.14528850467300808,0.2621145374449339,0.995475113122172
lfw_development,0.14441422257384787,0.2643171806167401,0.995475113122172
lfw_development,0.14418952264512838,0.2665198237885463,0.995475113122172
lfw_development,0.1440062957953349,0.2687224669603524,0.995475113122172
lfw_development,0.14324680754790226,0.2709251101321586,0.995475113122172
lfw_development,0.14307721511266605,0.27312775330396477,0.995475113122172
lfw_development,0.14162918584932252,0.2753303964757709,0.995475113122172
lfw_development,0.14127101545564655,0.2775330396475771,0.995475113122172
lfw_development,0.14094589679644573,0.27973568281938327,0.995475113122172
lfw_development,0.1404957610166455,0.28193832599118945,0.995475113122172
lfw_development,0.13892853232783095,0.2841409691629956,0.995475113122172
lfw_development,0.1378181998272965,0.28634361233480177,0.995475113122172
lfw_development,0.1375258424308008,0.28854625550660795,0.995475113122172
lfw_development,0.13717158517224287,0.2907488986784141,0.995475113122172
lfw_development,0.13629704747439175,0.29295154185022027,0.995475113122172
lfw_development,0.1353885989319286,0.29515418502202645,0.995475113122172
lfw_development,0.13446038324245632,0.2973568281938326,0.995475113122172
lfw_development,0.13438925723802855,0.29955947136563876,0.995475113122172
lfw_development,0.13418572593438122,0.30176211453744495,0.995475113122172
lfw_development,0.13377870736588648,0.3039647577092511,0.995475113122172
lfw_development,0.1332467584328099,0.30616740088105726,0.995475113122172
lfw_development,0.13161382657163148,0.30837004405286345,0.995475113122172
lfw_development,0.129850402720171,0.31057268722466963,0.995475113122172
lfw_development,0.12935719259940964,0.31277533039647576,0.995475113122172
lfw_development,0.12854102078731983,0.31497797356828194,0.995475113122172
lfw_development,0.12844014806601714,0.31718061674008813,0.995475113122172
lfw_development,0.1283855277587856,0.31938325991189426,0.995475113122172
lfw_development,0.12819530105186658,0.32158590308370044,0.995475113122172
lfw_development,0.1281407151298942,0.3237885462555066,0.995475113122172
lfw_development,0.12738847654679328,0.32599118942731276,0.995475113122172
lfw_development,0.12640445586231994,0.32819383259911894,0.995475113122172
lfw_development,0.12639252589659952,0.3303964757709251,0.995475113122172
lfw_development,0.1261271526865953,0.33259911894273125,0.995475113122172
lfw_development,0.12600218952587006,0.33480176211453744,0.995475113122172
lfw_development,0.12468374593030529,0.3370044052863436,0.995475113122172
lfw_development,0.1245299730604429,0.3392070484581498,0.995475113122172
lfw_development,0.12377834154361561,0.34140969162995594,0.995475113122172
lfw_development,0.12332225228760742,0.3436123348017621,0.995475113122172
lfw_development,0.12043580062918831,0.3458149779735683,0.995475113122172
lfw_development,0.11975384616098286,0.34801762114537443,0.995475113122172
lfw_development,0.11943252838851062,0.3502202643171806,0.995475113122172
lfw_development,0.11937525658509368,0.3524229074889868,0.995475113122172
lfw_development,0.11859605786601489,0.35462555066079293,0.995475113122172
lfw_development,0.11828871116341987,0.3568281938325991,0.995475113122172
lfw_development,0.11769695646270396,0.3590308370044053,0.995475113122172
lfw_development,0.11748439859693337,0.36123348017621143,0.995475113122172
lfw_development,0.11655543884033229,0.3634361233480176,0.995475113122172
lfw_development,0.11551177428225137,0.3656387665198238,0.995475113122172
lfw_development,0.11503538379958263,0.36784140969163,0.995475113122172
lfw_development,0.11461595210445524,0.3700440528634361,0.995475113122172
lfw_development,0.11380653891375288,0.3722466960352423,0.995475113122172
lfw_development,0.11243721573283738,0.3744493392070485,0.995475113122172
lfw_development,0.10973094896688125,0.3766519823788546,0.995475113122172
lfw_development,0.109452690741222,0.3788546255506608,0.995475113122172
lfw_development,0.10918173916841631,0.381057268722467,0.995475113122172
lfw_development,0.10908019369403685,0.3832599118942731,0.995475113122172
lfw_development,0.10882244118278311,0.3854625550660793,0.995475113122172
lfw_development,0.10843248112631405,0.3876651982378855,0.995475113122172
lfw_development,0.10744114114586927,0.3898678414096916,0.995475113122172
lfw_development,0.10731343580831268,0.3920704845814978,0.995475113122172
lfw_development,0.1066294745369161,0.394273127753304,0.995475113122172
lfw_development,0.10656045208230291,0.3964757709251101,0.995475113122172
lfw_development,0.10645792551985024,0.3986784140969163,0.995475113122172
lfw_development,0.10601023547996453,0.4008810572687225,0.995475113122172
lfw_development,0.105083825186974,0.40308370044052866,0.995475113122172
lfw_development,0.10473968728299626,0.4052863436123348,0.995475113122172
lfw_development,0.10461063231007188,0.40748898678414097,0.995475113122172
lfw_development,0.10341647976382594,0.40969162995594716,0.995475113122172
lfw_development,0.102955209177801,0.4118942731277533,0.995475113122172
lfw_development,0.10241164832421225,0.41409691629955947,0.995475113122172
lfw_development,0.10204273845853853,0.41629955947136565,0.995475113122172
lfw_development,0.10111680128818218,0.4185022026431718,0.995475113122172
lfw_development,0.09983445493893499,0.42070484581497797,0.995475113122172
lfw_development,0.09878701671429979,0.42290748898678415,0.995475113122172
lfw_development,0.09865266123631991,0.4251101321585903,0.995475113122172
lfw_development,0.09681389204179547,0.42731277533039647,0.995475113122172
lfw_development,0.09605300454494033,0.42951541850220265,0.995475113122172
lfw_development,0.09539188488976337,0.43171806167400884,0.995475113122172
lfw_development,0.09529109546619766,0.43392070484581496,0.995475113122172
lfw_development,0.09514201616094294,0.43612334801762115,0.995475113122172
lfw_development,0.09510332223436058,0.43832599118942733,0.995475113122172
lfw_development,0.09423863572689165,0.44052863436123346,0.995475113122172
lfw_development,0.09414073574042534,0.44273127753303965,0.995475113122172
lfw_development,0.09409727552405878,0.44493392070484583,0.995475113122172
lfw_development,0.09344744818138839,0.44713656387665196,0.995475113122172
lfw_development,0.09341060772901548,0.44933920704845814,0.995475113122172
lfw_development,0.0926417565225797,0.45154185022026433,0.995475113122172
lfw_development,0.09206710968623306,0.45374449339207046,0.995475113122172
lfw_development,0.09127697044299843,0.45594713656387664,0.995475113122172
lfw_development,0.09107709866638149,0.4581497797356828,0.995475113122172
lfw_development,0.09077795103359261,0.460352422907489,0.995475113122172
lfw_development,0.09072019859766976,0.46255506607929514,0.995475113122172
lfw_development,0.09001606309878768,0.4647577092511013,0.995475113122172
lfw_development,0.08937971090451735,0.4647577092511013,0.997737556561086
lfw_development,0.08886345382536645,0.4669603524229075,0.997737556561086
lfw_development,0.08866433157493363,0.46916299559471364,0.997737556561086
lfw_development,0.08814265000262102,0.4713656387665198,0.997737556561086
lfw_development,0.08766848825663617,0.473568281938326,0.997737556561086
lfw_development,0.08706797945546672,0.47577092511013214,0.997737556561086
lfw_development,0.08664291366608988,0.4779735682819383,0.997737556561086
lfw_development,0.08647804999779608,0.4801762114537445,0.997737556561086
lfw_development,0.08585964800536112,0.48237885462555063,0.997737556561086
lfw_development,0.0850316006611005,0.4845814977973568,0.997737556561086
lfw_development,0.08487330772644656,0.486784140969163,0.997737556561086
lfw_development,0.08418181689474429,0.4889867841409692,0.997737556561086
lfw_development,0.08341440070285101,0.4911894273127753,0.997737556561086
lfw_development,0.0833742770840041,0.4933920704845815,0.997737556561086
lfw_development,0.08209375396501722,0.4955947136563877,0.997737556561086
lfw_development,0.08102472957709161,0.4977973568281938,0.997737556561086
lfw_development,0.08087643916656896,0.5,0.997737556561086
lfw_development,0.08062407881598503,0.5022026431718062,0.997737556561086
lfw_development,0.08015333027396868,0.5044052863436124,0.997737556561086
lfw_development,0.08007015737575197,0.5066079295154186,0.997737556561086
lfw_development,0.07875443347338794,0.5088105726872246,0.997737556561086
lfw_development,0.07785532180210744,0.5110132158590308,0.997737556561086
lfw_development,0.07682049097552104,0.513215859030837,0.997737556561086
lfw_development,0.07635178600107811,0.5154185022026432,0.997737556561086
lfw_development,0.07489909960620772,0.5176211453744494,0.997737556561086
lfw_development,0.07474764024691471,0.5198237885462555,0.997737556561086
lfw_development,0.07414485785797105,0.5220264317180616,0.997737556561086
lfw_development,0.07207038948270465,0.5242290748898678,0.997737556561086
lfw_development,0.07204586270728641,0.526431718061674,0.997737556561086
lfw_development,0.07191403721147047,0.5286343612334802,0.997737556561086
lfw_development,0.0718929981144303,0.5308370044052864,0.997737556561086
lfw_development,0.07151838280676139,0.5330396475770925,0.997737556561086
lfw_development,0.07046887095545112,0.5352422907488987,0.997737556561086
lfw_development,0.07031394794128673,0.5374449339207048,0.997737556561086
lfw_development,0.06993530069730906,0.539647577092511,0.997737556561086
lfw_development,0.06827138646672837,0.5418502202643172,0.997737556561086
lfw_development,0.06642772886521775,0.5440528634361234,0.997737556561086
lfw_development,0.06557123625959789,0.5462555066079295,0.997737556561086
lfw_development,0.06520186954071039,0.5484581497797357,0.997737556561086
lfw_development,0.06501556979831316,0.5506607929515418,0.997737556561086
lfw_development,0.06373676666003329,0.552863436123348,0.997737556561086
lfw_development,0.06361391176334945,0.5550660792951542,0.997737556561086
lfw_development,0.06220467984608579,0.5572687224669604,0.997737556561086
lfw_development,0.06048924909091887,0.5594713656387665,0.997737556561086
lfw_development,0.05882261548315719,0.5616740088105727,0.997737556561086
lfw_development,0.05789818992933902,0.5638766519823789,0.997737556561086
lfw_development,0.057893176473117786,0.566079295154185,0.997737556561086
lfw_development,0.057390630023236175,0.5682819383259912,0.997737556561086
lfw_development,0.05717952238356497,0.5704845814977973,0.997737556561086
lfw_development,0.05700575772996016,0.5726872246696035,0.997737556561086
lfw_development,0.05664133042451022,0.5748898678414097,0.997737556561086
lfw_development,0.0562449699228061,0.5748898678414097,1.0
lfw_development,0.05612760369640579,0.5770925110132159,1.0
lfw_development,0.05592548139743687,0.579295154185022,1.0
lfw_development,0.05489029596234702,0.5814977973568282,1.0
lfw_development,0.05427833388051298,0.5837004405286343,1.0
lfw_development,0.05416839361275938,0.5859030837004405,1.0
lfw_development,0.05330661797888625,0.5881057268722467,1.0
lfw_development,0.05329046838353729,0.5903083700440529,1.0
lfw_development,0.053123301669185635,0.5925110132158591,1.0
lfw_development,0.052793395753622824,0.5947136563876652,1.0
lfw_development,0.052245890693140146,0.5969162995594713,1.0
lfw_development,0.05205803060774265,0.5991189427312775,1.0
lfw_development,0.05140791484742215,0.6013215859030837,1.0
lfw_development,0.05132057441607504,0.6035242290748899,1.0
lfw_development,0.051031932260084005,0.6057268722466961,1.0
lfw_development,0.05047821826103131,0.6079295154185022,1.0
lfw_development,0.05016574833622205,0.6101321585903083,1.0
lfw_development,0.04928100527140738,0.6123348017621145,1.0
lfw_development,0.0484774762547201,0.6145374449339207,1.0
lfw_development,0.04823357076625969,0.6167400881057269,1.0
lfw_development,0.04807736383007448,0.6189427312775331,1.0
lfw_development,0.04760101677808728,0.6211453744493393,1.0
lfw_development,0.04729714739460521,0.6233480176211453,1.0
lfw_development,0.04649148908905753,0.6255506607929515,1.0
lfw_development,0.045624371271214326,0.6277533039647577,1.0
lfw_development,0.045335077497135695,0.6299559471365639,1.0
lfw_development,0.045246961594411904,0.6321585903083701,1.0
lfw_development,0.04496945156387258,0.6343612334801763,1.0
lfw_development,0.04427958457330054,0.6365638766519823,1.0
lfw_development,0.043855805415746484,0.6387665198237885,1.0
lfw_development,0.042417008459738996,0.6409691629955947,1.0
lfw_development,0.04183232018235552,0.6431718061674009,1.0
lfw_development,0.04178876406575604,0.6453744493392071,1.0
lfw_development,0.04108314639491278,0.6475770925110133,1.0
lfw_development,0.040990773072980324,0.6497797356828194,1.0
lfw_development,0.040943483691079016,0.6519823788546255,1.0
lfw_development,0.04057701579074369,0.6541850220264317,1.0
lfw_development,0.040087088829783235,0.6563876651982379,1.0
lfw_development,0.039850813060426316,0.6585903083700441,1.0
lfw_development,0.0391004834285295,0.6607929515418502,1.0
lfw_development,0.0384939224357604,0.6629955947136564,1.0
lfw_development,0.0384117688861332,0.6651982378854625,1.0
lfw_development,0.03775756570503621,0.6674008810572687,1.0
lfw_development,0.03772691864751481,0.6696035242290749,1.0
lfw_development,0.03749119001489669,0.6718061674008811,1.0
lfw_development,0.03744741409072882,0.6740088105726872,1.0
lfw_development,0.03717271987337235,0.6762114537444934,1.0
lfw_development,0.036402144641366305,0.6784140969162996,1.0
lfw_development,0.03545979504124574,0.6806167400881057,1.0
lfw_development,0.03535236136317775,0.6828193832599119,1.0
lfw_development,0.03493990638536054,0.6850220264317181,1.0
lfw_development,0.03482940090014711,0.6872246696035242,1.0
lfw_development,0.03400751690322297,0.6894273127753304,1.0
lfw_development,0.03292083738569922,0.6916299559471366,1.0
lfw_development,0.03197723527954088,0.6938325991189427,1.0
lfw_development,0.03110375204374347,0.6960352422907489,1.0
lfw_development,0.03062350097683578,0.698237885462555,1.0
lfw_development,0.030293436353081744,0.7004405286343612,1.0
lfw_development,0.029782712888650763,0.7026431718061674,1.0
lfw_development,0.028869964271808567,0.7048458149779736,1.0
lfw_development,0.027896500848101042,0.7070484581497798,1.0
lfw_development,0.02608478577671376,0.7092511013215859,1.0
lfw_development,0.025308096972700193,0.711453744493392,1.0
lfw_development,0.02481542267212102,0.7136563876651982,1.0
lfw_development,0.024019290210728707,0.7158590308370044,1.0
lfw_development,0.02394518200624419,0.7180616740088106,1.0
lfw_development,0.023486692352734474,0.7202643171806168,1.0
lfw_development,0.022769649578617907,0.7224669603524229,1.0
lfw_development,0.022452719428756974,0.724669603524229,1.0
lfw_development,0.02228341995500361,0.7268722466960352,1.0
lfw_development,0.02226673909234979,0.7290748898678414,1.0
lfw_development,0.0221913043531808,0.7312775330396476,1.0
lfw_development,0.021215044499829736,0.7334801762114538,1.0
lfw_development,0.02035010443275953,0.73568281938326,1.0
lfw_development,0.01990023665154098,0.737885462555066,1.0
lfw_development,0.018962084410476376,0.7400881057268722,1.0
lfw_development,0.01864331860337275,0.7422907488986784,1.0
lfw_development,0.016962937143446113,0.7444933920704846,1.0
lfw_development,0.016663948550799515,0.7466960352422908,1.0
lfw_development,0.01574818108301091,0.748898678414097,1.0
lfw_development,0.015661338576839504,0.751101321585903,1.0
lfw_development,0.013561170285878924,0.7533039647577092,1.0
lfw_development,0.011992688355534607,0.7555066079295154,1.0
lfw_development,0.011869800086923623,0.7577092511013216,1.0
lfw_development,0.011787497844780432,0.7599118942731278,1.0
lfw_development,0.01147542496100646,0.762114537444934,1.0
lfw_development,0.009913282378893981,0.76431718061674,1.0
lfw_development,0.009119562035034758,0.7665198237885462,1.0
lfw_development,0.009080194061442462,0.7687224669603524,1.0
lfw_development,0.009072976398088267,0.7709251101321586,1.0
lfw_development,0.008829487818892562,0.7731277533039648,1.0
lfw_development,0.008194331371850438,0.775330396475771,1.0
lfw_development,0.007851797532267696,0.7775330396475771,1.0
lfw_development,0.007622277616175372,0.7797356828193832,1.0
lfw_development,0.007459571342393141,0.7819383259911894,1.0
lfw_development,0.007248402487079246,0.7841409691629956,1.0
lfw_development,0.006750824813382447,0.7863436123348018,1.0
lfw_development,0.005138726038070152,0.788546255506608,1.0
lfw_development,0.0041734730537176115,0.7907488986784141,1.0
lfw_development,0.00386897182365796,0.7929515418502202,1.0
lfw_development,0.003716491308346556,0.7951541850220264,1.0
lfw_development,0.0028124087152494835,0.7973568281938326,1.0
lfw_development,0.00266404312416635,0.7995594713656388,1.0
lfw_development,0.00264637058198765,0.801762114537445,1.0
lfw_development,0.0014620736488617503,0.8039647577092511,1.0
lfw_development,0.00024254936178521455,0.8061674008810573,1.0
lfw_development,7.3752310963765e-05,0.8083700440528634,1.0
lfw_development,-0.0008957541012422701,0.8105726872246696,1.0
lfw_development,-0.0010801484080828344,0.8127753303964758,1.0
lfw_development,-0.001194125408939463,0.8149779735682819,1.0
lfw_development,-0.001854095442330367,0.8171806167400881,1.0
lfw_development,-0.0032189914234711653,0.8193832599118943,1.0
lfw_development,-0.004223799719304391,0.8215859030837004,1.0
lfw_development,-0.005138039569153013,0.8237885462555066,1.0
lfw_development,-0.0057716399141437575,0.8259911894273128,1.0
lfw_development,-0.0059496948946650904,0.8281938325991189,1.0
lfw_development,-0.007286367886505565,0.8303964757709251,1.0
lfw_development,-0.007723871545210406,0.8325991189427313,1.0
lfw_development,-0.008872210012739084,0.8348017621145375,1.0
lfw_development,-0.009146005962992212,0.8370044052863436,1.0
lfw_development,-0.010451876287155187,0.8392070484581498,1.0
lfw_development,-0.010533322535487291,0.8414096916299559,1.0
lfw_development,-0.010987213598332674,0.8436123348017621,1.0
lfw_development,-0.012478558536582238,0.8458149779735683,1.0
lfw_development,-0.013592587327872725,0.8480176211453745,1.0
lfw_development,-0.014793866330255614,0.8502202643171806,1.0
lfw_development,-0.01645687008138931,0.8524229074889867,1.0
lfw_development,-0.01649770363797964,0.8546255506607929,1.0
lfw_development,-0.017273010543672414,0.8568281938325991,1.0
lfw_development,-0.017396301949993656,0.8590308370044053,1.0
lfw_development,-0.017982153752219024,0.8612334801762115,1.0
lfw_development,-0.018606882622154337,0.8634361233480177,1.0
lfw_development,-0.018649242346102938,0.8656387665198237,1.0
lfw_development,-0.022257548198950147,0.8678414096916299,1.0
lfw_development,-0.022754686821865655,0.8700440528634361,1.0
lfw_development,-0.022917929231033987,0.8722466960352423,1.0
lfw_development,-0.022954660027690203,0.8744493392070485,1.0
lfw_development,-0.02350984203934544,0.8766519823788547,1.0
lfw_development,-0.024712460956057024,0.8788546255506607,1.0
lfw_development,-0.026628380060219413,0.8810572687224669,1.0
lfw_development,-0.02738975160384514,0.8832599118942731,1.0
lfw_development,-0.02874758181749691,0.8854625550660793,1.0
lfw_development,-0.02908157149953561,0.8876651982378855,1.0
lfw_development,-0.03018488514436898,0.8898678414096917,1.0
lfw_development,-0.03025936967604531,0.8920704845814978,1.0
lfw_development,-0.03233455136059064,0.8942731277533039,1.0
lfw_development,-0.033099349694436606,0.8964757709251101,1.0
lfw_development,-0.03413678966633332,0.8986784140969163,1.0
lfw_development,-0.035230296179950826,0.9008810572687225,1.0
lfw_development,-0.035654180890547414,0.9030837004405287,1.0
lfw_development,-0.03584769303111344,0.9052863436123348,1.0
lfw_development,-0.03690163305304727,0.9074889867841409,1.0
lfw_development,-0.04019122949425891,0.9096916299559471,1.0
lfw_development,-0.04037678378294242,0.9118942731277533,1.0
lfw_development,-0.041967939226015494,0.9140969162995595,1.0
lfw_development,-0.042584975127391005,0.9162995594713657,1.0
lfw_development,-0.043323690928103,0.9185022026431718,1.0
lfw_development,-0.04341816734495232,0.920704845814978,1.0
lfw_development,-0.044166409941717805,0.9229074889867841,1.0
lfw_development,-0.044417270527429976,0.9251101321585903,1.0
lfw_development,-0.04469580031419705,0.9273127753303965,1.0
lfw_development,-0.046280428753973,0.9295154185022027,1.0
lfw_development,-0.04715300777638798,0.9317180616740088,1.0
lfw_development,-0.049170036604536595,0.933920704845815,1.0
lfw_development,-0.049178544093636714,0.9361233480176211,1.0
lfw_development,-0.050560580647482777,0.9383259911894273,1.0
lfw_development,-0.0509829336259518,0.9405286343612335,1.0
lfw_development,-0.05438790920698887,0.9427312775330396,1.0
lfw_development,-0.056477830370252696,0.9449339207048458,1.0
lfw_development,-0.05744784803687175,0.947136563876652,1.0
lfw_development,-0.060501744049015926,0.9493392070484582,1.0
lfw_development,-0.06774142071427852,0.9515418502202643,1.0
lfw_development,-0.06855065734236589,0.9537444933920705,1.0
lfw_development,-0.06895521232153397,0.9559471365638766,1.0
lfw_development,-0.07268364480007032,0.9581497797356828,1.0
lfw_development,-0.07443440706405767,0.960352422907489,1.0
lfw_development,-0.07518837903270878,0.9625550660792952,1.0
lfw_development,-0.07647581772667052,0.9647577092511013,1.0
lfw_development,-0.0781190364702186,0.9669603524229075,1.0
lfw_development,-0.08106655307104596,0.9691629955947136,1.0
lfw_development,-0.0813132878389395,0.9713656387665198,1.0
lfw_development,-0.08359792751426347,0.973568281938326,1.0
lfw_development,-0.08419381897048023,0.9757709251101322,1.0
lfw_development,-0.08437905898407462,0.9779735682819384,1.0
lfw_development,-0.09028786402925365,0.9801762114537445,1.0
lfw_development,-0.09226098507559094,0.9823788546255506,1.0
lfw_development,-0.11633594855573783,0.9845814977973568,1.0
lfw_development,-0.11685182459097365,0.986784140969163,1.0
lfw_development,-0.1224144724383671,0.9889867841409692,1.0
lfw_development,-0.1299460308390271,0.9911894273127754,1.0
lfw_development,-0.13868083590737143,0.9933920704845814,1.0
lfw_development,-0.1455667673218284,0.9955947136563876,1.0
lfw_development,-0.15838302355123635,0.9977973568281938,1.0
lfw_development,-0.24051236479689733,1.0,1.0
lfw_development,-1.2405123647968974,1.0,1.0
lfw_final,1.9525080102315329,0.0,0.0
lfw_final,0.9525080102315329,0.0,0.00037105751391465676
lfw_final,0.9518434431956053,0.0,0.0007421150278293135
lfw_final,0.9457172267770538,0.0,0.0011131725417439704
lfw_final,0.9382047308746341,0.0,0.001484230055658627
lfw_final,0.9319678098439111,0.0,0.0018552875695732839
lfw_final,0.925554720313775,0.0,0.0022263450834879408
lfw_final,0.9230355571434032,0.0,0.0025974025974025974
lfw_final,0.9182230557951921,0.0,0.002968460111317254
lfw_final,0.9162374877603217,0.0,0.003339517625231911
lfw_final,0.9148091650110943,0.0,0.0037105751391465678
lfw_final,0.9107635894822574,0.0,0.004081632653061225
lfw_final,0.9104685633988059,0.0,0.0044526901669758815
lfw_final,0.9068474413008487,0.0,0.004823747680890538
lfw_final,0.9042162456798771,0.0,0.005194805194805195
lfw_final,0.9022777228312342,0.0,0.0055658627087198514
lfw_final,0.89720009497453,0.0,0.005936920222634508
lfw_final,0.8967600674817287,0.0,0.006307977736549165
lfw_final,0.8964546861292306,0.0,0.006679035250463822
lfw_final,0.8934697247900247,0.0,0.007050092764378479
lfw_final,0.8896539962208054,0.0,0.0074211502782931356
lfw_final,0.8839239554662346,0.0,0.007792207792207792
lfw_final,0.8838640726373878,0.0,0.00816326530612245
lfw_final,0.8832087096308745,0.0,0.008534322820037106
lfw_final,0.8828876977368239,0.0,0.008905380333951763
lfw_final,0.8816635616110222,0.0,0.00927643784786642
lfw_final,0.8801107466076834,0.0,0.009647495361781076
lfw_final,0.8776861558362986,0.0,0.010018552875695733
lfw_final,0.8776631730581517,0.0,0.01038961038961039
lfw_final,0.8776529759022712,0.0,0.010760667903525046
lfw_final,0.8767033555253372,0.0,0.011131725417439703
lfw_final,0.8753587373335784,0.0,0.01150278293135436
lfw_final,0.8739869833377572,0.0,0.011873840445269016
lfw_final,0.8735862361809779,0.0,0.012244897959183673
lfw_final,0.8734423920753515,0.0,0.01261595547309833
lfw_final,0.8732671659689519,0.0,0.012987012987012988
lfw_final,0.8726360233403097,0.0,0.013358070500927645
lfw_final,0.8721072310660095,0.0,0.013729128014842301
lfw_final,0.8715683522555588,0.0,0.014100185528756958
lfw_final,0.8711117872995374,0.0,0.014471243042671614
lfw_final,0.8708492675443907,0.0,0.014842300556586271
lfw_final,0.870496731568547,0.0,0.015213358070500928
lfw_final,0.8685040954347389,0.0,0.015584415584415584
lfw_final,0.8683621857640371,0.0,0.01595547309833024
lfw_final,0.867320860338716,0.0,0.0163265306122449
lfw_final,0.8671004592092003,0.0,0.016697588126159554
lfw_final,0.8664151595715361,0.0,0.017068645640074213
lfw_final,0.8662781240301876,0.0,0.017439703153988868
lfw_final,0.8659121292290586,0.0,0.017810760667903526
lfw_final,0.8658793983295008,0.0,0.01818181818181818
lfw_final,0.8646271361951785,0.0,0.01855287569573284
lfw_final,0.8645810711855221,0.0,0.018923933209647494
lfw_final,0.8645686590177649,0.0,0.019294990723562153
lfw_final,0.8635833613171668,0.0,0.019666048237476808
lfw_final,0.863152487348523,0.0,0.020037105751391466
lfw_final,0.8628913219118813,0.0,0.02040816326530612
lfw_final,0.8615258341563885,0.0,0.02077922077922078
lfw_final,0.8590086235419669,0.0,0.021150278293135438
lfw_final,0.8583851697144791,0.0,0.021521335807050092
lfw_final,0.8573652465219461,0.0,0.02189239332096475
lfw_final,0.8569325008922821,0.0,0.022263450834879406
lfw_final,0.8563690464183035,0.0,0.022634508348794064
lfw_final,0.856296553283379,0.0,0.02300556586270872
lfw_final,0.8543610871656574,0.0,0.023376623376623377
lfw_final,0.8541292423303494,0.0,0.023747680890538032
lfw_final,0.8539649729965042,0.0,0.02411873840445269
lfw_final,0.8539521480447432,0.0,0.024489795918367346
lfw_final,0.8533535677790471,0.0,0.024860853432282004
lfw_final,0.8519204832230803,0.0,0.02523191094619666
lfw_final,0.8509531160519539,0.0,0.025602968460111317
lfw_final,0.8509509396172938,0.0,0.025974025974025976
lfw_final,0.8504177174816601,0.0,0.02634508348794063
lfw_final,0.8500920463691117,0.0,0.02671614100185529
lfw_final,0.8498233114221083,0.0,0.027087198515769944
lfw_final,0.8495293803618158,0.0,0.027458256029684602
lfw_final,0.849307272548524,0.0,0.027829313543599257
lfw_final,0.8491595966872615,0.0,0.028200371057513916
lfw_final,0.848372851961532,0.0,0.02857142857142857
lfw_final,0.8477120750719427,0.0,0.02894248608534323
lfw_final,0.8476405446164748,0.0,0.029313543599257884
lfw_final,0.8471278503533795,0.0,0.029684601113172542
lfw_final,0.8470817755289607,0.0,0.030055658627087197
lfw_final,0.8466981643527728,0.0,0.030426716141001856
lfw_final,0.8459067003302183,0.0,0.03079777365491651
lfw_final,0.8457646956104652,0.0,0.03116883116883117
lfw_final,0.8452084358496383,0.0,0.03153988868274583
lfw_final,0.8450808452899413,0.0,0.03191094619666048
lfw_final,0.8450295397236817,0.0,0.03228200371057514
lfw_final,0.8449015283613258,0.0,0.0326530612244898
lfw_final,0.8448351310561535,0.0,0.033024118738404454
lfw_final,0.8447621464394258,0.0,0.03339517625231911
lfw_final,0.8447440310847935,0.0,0.033766233766233764
lfw_final,0.8443250822244864,0.0,0.034137291280148425
lfw_final,0.8442900968498593,0.0,0.03450834879406308
lfw_final,0.843394608436447,0.0,0.034879406307977735
lfw_final,0.8432804207161531,0.0,0.03525046382189239
lfw_final,0.8422201368734049,0.0,0.03562152133580705
lfw_final,0.8417951525506134,0.0,0.03599257884972171
lfw_final,0.8417132441733006,0.0,0.03636363636363636
lfw_final,0.8415407043404066,0.0,0.036734693877551024
lfw_final,0.8412737935307864,0.0,0.03710575139146568
lfw_final,0.8411130250074836,0.0,0.037476808905380334
lfw_final,0.840949317884049,0.0,0.03784786641929499
lfw_final,0.8402179848977843,0.0,0.03821892393320965
lfw_final,0.8390657179197405,0.0,0.038589981447124305
lfw_final,0.8385169590348635,0.0,0.03896103896103896
lfw_final,0.838211963652698,0.0,0.039332096474953615
lfw_final,0.837935719818233,0.0,0.03970315398886828
lfw_final,0.8378177923197034,0.0,0.04007421150278293
lfw_final,0.8372495673594574,0.0,0.04044526901669759
lfw_final,0.8370323213842403,0.0,0.04081632653061224
lfw_final,0.8367772030889203,0.0,0.041187384044526903
lfw_final,0.8361788299748931,0.0,0.04155844155844156
lfw_final,0.8355809952254202,0.0,0.04192949907235621
lfw_final,0.8351789821338483,0.0,0.042300556586270875
lfw_final,0.8350148150136641,0.0,0.04267161410018553
lfw_final,0.8337899716385471,0.0,0.043042671614100185
lfw_final,0.8337627752097573,0.0,0.04341372912801484
lfw_final,0.8335633609536268,0.0,0.0437847866419295
lfw_final,0.8335177382654331,0.0,0.04415584415584416
lfw_final,0.8330719828412079,0.0,0.04452690166975881
lfw_final,0.8323609773419193,0.0,0.044897959183673466
lfw_final,0.8322034051527611,0.0,0.04526901669758813
lfw_final,0.83203015891304,0.0,0.04564007421150278
lfw_final,0.8319997294682648,0.0,0.04601113172541744
lfw_final,0.8319761656493296,0.0,0.04638218923933209
lfw_final,0.8316394455055657,0.0,0.046753246753246755
lfw_final,0.831067823191092,0.0,0.04712430426716141
lfw_final,0.8301946843683781,0.0,0.047495361781076065
lfw_final,0.8297890218118693,0.0,0.04786641929499073
lfw_final,0.8297325712373061,0.0,0.04823747680890538
lfw_final,0.8295319991423347,0.0,0.048608534322820036
lfw_final,0.8291910278072506,0.0,0.04897959183673469
lfw_final,0.8282806527295552,0.0,0.04935064935064935
lfw_final,0.8275157403222665,0.0,0.04972170686456401
lfw_final,0.8265550186828471,0.0,0.05009276437847866
lfw_final,0.8264214882597508,0.0,0.05046382189239332
lfw_final,0.8263828523256227,0.0,0.05083487940630798
lfw_final,0.8251570823810604,0.0,0.051205936920222635
lfw_final,0.824986862252705,0.0,0.05157699443413729
lfw_final,0.8245318636905268,0.0,0.05194805194805195
lfw_final,0.8242875334643397,0.0,0.052319109461966606
lfw_final,0.824221070583034,0.0,0.05269016697588126
lfw_final,0.8242056044616668,0.0,0.053061224489795916
lfw_final,0.8240438242127874,0.0,0.05343228200371058
lfw_final,0.823740141025145,0.0,0.05380333951762523
lfw_final,0.8234758825693186,0.0,0.05417439703153989
lfw_final,0.8233708781887855,0.0,0.05454545454545454
lfw_final,0.8230973309193312,0.0,0.054916512059369205
lfw_final,0.8229943648746477,0.0,0.05528756957328386
lfw_final,0.8221666753243206,0.0,0.055658627087198514
lfw_final,0.8220858787618218,0.0,0.05602968460111317
lfw_final,0.8216400528338921,0.0,0.05640074211502783
lfw_final,0.8215937593608492,0.0,0.056771799628942486
lfw_final,0.8214348069205757,0.0,0.05714285714285714
lfw_final,0.820944115750247,0.0,0.0575139146567718
lfw_final,0.8207847148825067,0.0,0.05788497217068646
lfw_final,0.8206268061468167,0.0,0.05825602968460111
lfw_final,0.8203001507489264,0.0,0.05862708719851577
lfw_final,0.8193494830737449,0.0,0.05899814471243043
lfw_final,0.8192451173442948,0.0,0.059369202226345084
lfw_final,0.8192092720171993,0.0,0.05974025974025974
lfw_final,0.8191449797362249,0.0,0.060111317254174394
lfw_final,0.8177206195687226,0.0,0.060482374768089056
lfw_final,0.817666612153742,0.0,0.06085343228200371
lfw_final,0.8176385194557857,0.0,0.061224489795918366
lfw_final,0.8169715396358356,0.0,0.06159554730983302
lfw_final,0.8168301730065712,0.0,0.06196660482374768
lfw_final,0.8165262856226937,0.0,0.06233766233766234
lfw_final,0.8160992693922703,0.0,0.062708719851577
lfw_final,0.8157709944146297,0.0,0.06307977736549165
lfw_final,0.8157310842012793,0.0,0.06345083487940631
lfw_final,0.8156956966760281,0.0,0.06382189239332096
lfw_final,0.815647081696388,0.0,0.06419294990723562
lfw_final,0.8154780624105813,0.0,0.06456400742115027
lfw_final,0.8153502210443188,0.0,0.06493506493506493
lfw_final,0.8150145205637594,0.0,0.0653061224489796
lfw_final,0.8146049130840092,0.0,0.06567717996289425
lfw_final,0.8144801717514931,0.0,0.06604823747680891
lfw_final,0.8144146231944092,0.0,0.06641929499072356
lfw_final,0.8134671567384426,0.0,0.06679035250463822
lfw_final,0.8129241208547662,0.0,0.06716141001855287
lfw_final,0.8127126542887075,0.0,0.06753246753246753
lfw_final,0.8126749224161179,0.0,0.0679035250463822
lfw_final,0.8126643973964802,0.0,0.06827458256029685
lfw_final,0.8124312798800638,0.0,0.0686456400742115
lfw_final,0.8122607480961427,0.0,0.06901669758812616
lfw_final,0.8122449313849913,0.0,0.06938775510204082
lfw_final,0.8122158404681576,0.0,0.06975881261595547
lfw_final,0.8120873409441655,0.0,0.07012987012987013
lfw_final,0.8119785239796913,0.0,0.07050092764378478
lfw_final,0.8113273926996136,0.0,0.07087198515769945
lfw_final,0.811224375802163,0.0,0.0712430426716141
lfw_final,0.811121084621895,0.0,0.07161410018552876
lfw_final,0.8111010249817991,0.0,0.07198515769944341
lfw_final,0.8110593552028575,0.0,0.07235621521335807
lfw_final,0.8110442484359428,0.0,0.07272727272727272
lfw_final,0.81093454171569,0.0,0.07309833024118738
lfw_final,0.810903346141063,0.0,0.07346938775510205
lfw_final,0.8108842951646512,0.0,0.0738404452690167
lfw_final,0.810716990945311,0.0,0.07421150278293136
lfw_final,0.8106872187284049,0.0,0.07458256029684601
lfw_final,0.8104957147357836,0.0,0.07495361781076067
lfw_final,0.8101367311455363,0.0,0.07532467532467532
lfw_final,0.8099175127085063,0.0,0.07569573283858998
lfw_final,0.8098378784182949,0.0,0.07606679035250463
lfw_final,0.8096356588327243,0.0,0.0764378478664193
lfw_final,0.809404528308864,0.0,0.07680890538033396
lfw_final,0.8090019924782662,0.0,0.07717996289424861
lfw_final,0.808571361359615,0.0,0.07755102040816327
lfw_final,0.8085494327245655,0.0,0.07792207792207792
lfw_final,0.8084304967318418,0.0,0.07829313543599258
lfw_final,0.8081250459110386,0.0,0.07866419294990723
lfw_final,0.8075598665460568,0.0,0.0790352504638219
lfw_final,0.8072773514996503,0.0,0.07940630797773655
lfw_final,0.8069875378295881,0.0,0.07977736549165121
lfw_final,0.8068991395420281,0.0,0.08014842300556586
lfw_final,0.806595915247791,0.0,0.08051948051948052
lfw_final,0.8065459653128375,0.0,0.08089053803339517
lfw_final,0.8064840657032069,0.0,0.08126159554730983
lfw_final,0.8063993920778513,0.0,0.08163265306122448
lfw_final,0.8055300542353192,0.0,0.08200371057513915
lfw_final,0.8054752161543405,0.0,0.08237476808905381
lfw_final,0.8052753857210597,0.0,0.08274582560296846
lfw_final,0.8052235462330231,0.0,0.08311688311688312
lfw_final,0.8050898403469104,0.0,0.08348794063079777
lfw_final,0.8050358052376111,0.0,0.08385899814471243
lfw_final,0.8049522480341745,0.0,0.08423005565862708
lfw_final,0.804925340450577,0.0,0.08460111317254175
lfw_final,0.8049216750614916,0.0,0.0849721706864564
lfw_final,0.8041991359943338,0.0,0.08534322820037106
lfw_final,0.8040276242678708,0.0,0.08571428571428572
lfw_final,0.8038757041158732,0.0,0.08608534322820037
lfw_final,0.8038052515950904,0.0,0.08645640074211502
lfw_final,0.8025251347886379,0.0,0.08682745825602968
lfw_final,0.802214131515573,0.0,0.08719851576994433
lfw_final,0.8019352326292438,0.0,0.087569573283859
lfw_final,0.8011811078540676,0.0,0.08794063079777366
lfw_final,0.8010884834734748,0.0,0.08831168831168831
lfw_final,0.801005788357495,0.0,0.08868274582560297
lfw_final,0.8005542998899751,0.0,0.08905380333951762
lfw_final,0.8003702695791443,0.0,0.08942486085343228
lfw_final,0.8002611574334385,0.0,0.08979591836734693
lfw_final,0.7999621016813877,0.0,0.0901669758812616
lfw_final,0.7999434676936351,0.0,0.09053803339517626
lfw_final,0.7996658247997932,0.0,0.09090909090909091
lfw_final,0.799593393900865,0.0,0.09128014842300557
lfw_final,0.7992723925567373,0.0,0.09165120593692022
lfw_final,0.7991686740536256,0.0,0.09202226345083488
lfw_final,0.7991372551239111,0.0,0.09239332096474953
lfw_final,0.7987505013323792,0.0,0.09276437847866419
lfw_final,0.7987090873031556,0.0,0.09313543599257885
lfw_final,0.7985247899001521,0.0,0.09350649350649351
lfw_final,0.7981051380171866,0.0,0.09387755102040816
lfw_final,0.7979775342270581,0.0,0.09424860853432282
lfw_final,0.7979477428549374,0.0,0.09461966604823747
lfw_final,0.7974587077350361,0.0,0.09499072356215213
lfw_final,0.7973132425655974,0.0,0.09536178107606678
lfw_final,0.7971388248620708,0.0,0.09573283858998145
lfw_final,0.7971126525950277,0.0,0.09610389610389611
lfw_final,0.7966325223004598,0.0,0.09647495361781076
lfw_final,0.796547654559995,0.0,0.09684601113172542
lfw_final,0.7965173041061783,0.0,0.09721706864564007
lfw_final,0.7962897657754461,0.0,0.09758812615955473
lfw_final,0.7962855545886839,0.0,0.09795918367346938
lfw_final,0.7957622263399027,0.0,0.09833024118738404
lfw_final,0.7956543569337574,0.0,0.0987012987012987
lfw_final,0.7954487632782838,0.0,0.09907235621521336
lfw_final,0.7954294179259648,0.0,0.09944341372912802
lfw_final,0.7951884050550693,0.0,0.09981447124304267
lfw_final,0.794952803401504,0.0,0.10018552875695733
lfw_final,0.794945747807452,0.0,0.10055658627087198
lfw_final,0.7945252666951111,0.0,0.10092764378478664
lfw_final,0.7944562084448663,0.0,0.1012987012987013
lfw_final,0.7942972499519823,0.0,0.10166975881261596
lfw_final,0.7938762523035934,0.0,0.10204081632653061
lfw_final,0.7937338788052797,0.0,0.10241187384044527
lfw_final,0.7937284857111053,0.0,0.10278293135435992
lfw_final,0.7937241398180204,0.0,0.10315398886827458
lfw_final,0.793500377497615,0.0,0.10352504638218923
lfw_final,0.7934301225617482,0.0,0.1038961038961039
lfw_final,0.79332638158745,0.0,0.10426716141001856
lfw_final,0.7931774858086478,0.0,0.10463821892393321
lfw_final,0.7929983345230861,0.0,0.10500927643784787
lfw_final,0.7928475639660973,0.0,0.10538033395176252
lfw_final,0.7928274991629979,0.0,0.10575139146567718
lfw_final,0.7923260354386314,0.0,0.10612244897959183
lfw_final,0.7921090897462306,0.0,0.10649350649350649
lfw_final,0.7917141507225502,0.0,0.10686456400742116
lfw_final,0.7912803034586977,0.0,0.10723562152133581
lfw_final,0.790990145625651,0.0,0.10760667903525047
lfw_final,0.7908801318840208,0.0,0.10797773654916512
lfw_final,0.7908420885603488,0.0,0.10834879406307978
lfw_final,0.7906247839128232,0.0,0.10871985157699443
lfw_final,0.7899534190624773,0.0,0.10909090909090909
lfw_final,0.7898982428515532,0.0,0.10946196660482375
lfw_final,0.78978816099676,0.0,0.10983302411873841
lfw_final,0.7897774303535732,0.0,0.11020408163265306
lfw_final,0.7894377312221278,0.0,0.11057513914656772
lfw_final,0.7893151441315904,0.0,0.11094619666048237
lfw_final,0.7892103424262729,0.0,0.11131725417439703
lfw_final,0.7890515474196638,0.0,0.11168831168831168
lfw_final,0.7889850043843546,0.0,0.11205936920222634
lfw_final,0.7888637064614004,0.0,0.11243042671614101
lfw_final,0.7888278346829374,0.0,0.11280148423005566
lfw_final,0.7886555745255588,0.0,0.11317254174397032
lfw_final,0.7883934446984538,0.0,0.11354359925788497
lfw_final,0.78836236924145,0.0,0.11391465677179963
lfw_final,0.7878045011709416,0.0,0.11428571428571428
lfw_final,0.7877023410421778,0.0,0.11465677179962894
lfw_final,0.7876441155208548,0.0,0.1150278293135436
lfw_final,0.7874803746295863,0.0,0.11539888682745826
lfw_final,0.7874741202075621,0.0,0.11576994434137292
lfw_final,0.7874405526983653,0.0,0.11614100185528757
lfw_final,0.7873624151453783,0.0,0.11651205936920223
lfw_final,0.786919750840142,0.0,0.11688311688311688
lfw_final,0.786876293403608,0.0,0.11725417439703154
lfw_final,0.7865861296564858,0.0,0.11762523191094619
lfw_final,0.786513779606574,0.0,0.11799628942486086
lfw_final,0.7864640720390016,0.0,0.11836734693877551
lfw_final,0.786382223050897,0.0,0.11873840445269017
lfw_final,0.7861049088251906,0.0,0.11910946196660482
lfw_final,0.7860588260894741,0.0,0.11948051948051948
lfw_final,0.7859562641619793,0.0,0.11985157699443413
lfw_final,0.7857823444704771,0.0,0.12022263450834879
lfw_final,0.785478567778962,0.0,0.12059369202226346
lfw_final,0.7854230380955133,0.0,0.12096474953617811
lfw_final,0.7851714103145763,0.0,0.12133580705009277
lfw_final,0.7851228252514628,0.0,0.12170686456400742
lfw_final,0.7850447479047226,0.0,0.12207792207792208
lfw_final,0.7849612477265913,0.0,0.12244897959183673
lfw_final,0.7848445876510313,0.0,0.12282003710575139
lfw_final,0.784814408038915,0.0,0.12319109461966604
lfw_final,0.784808038132688,0.0,0.12356215213358071
lfw_final,0.7847648256224108,0.0,0.12393320964749537
lfw_final,0.7846139091018146,0.0,0.12430426716141002
lfw_final,0.7845711095592532,0.0,0.12467532467532468
lfw_final,0.7841110899203609,0.0,0.12504638218923933
lfw_final,0.7838749352926924,0.0,0.125417439703154
lfw_final,0.783794634696111,0.0,0.12578849721706864
lfw_final,0.7832545562654712,0.0,0.1261595547309833
lfw_final,0.783185079069113,0.0,0.12653061224489795
lfw_final,0.7831151692676295,0.0,0.12690166975881262
lfw_final,0.7830288574177551,0.0,0.12727272727272726
lfw_final,0.78286792662361,0.0,0.12764378478664193
lfw_final,0.7824347657296872,0.0,0.1280148423005566
lfw_final,0.7824240532384041,0.0,0.12838589981447124
lfw_final,0.7822880606341125,0.0,0.1287569573283859
lfw_final,0.7821954833974392,0.0,0.12912801484230055
lfw_final,0.7819838311556174,0.0,0.12949907235621522
lfw_final,0.7816690807365765,0.0,0.12987012987012986
lfw_final,0.7814477034226152,0.0,0.13024118738404453
lfw_final,0.7814112329456218,0.0,0.1306122448979592
lfw_final,0.7811975980333701,0.0,0.13098330241187384
lfw_final,0.7808508843732646,0.0,0.1313543599257885
lfw_final,0.7807353114693383,0.0,0.13172541743970315
lfw_final,0.7806803749422541,0.0,0.13209647495361782
lfw_final,0.7804811139633681,0.0,0.13246753246753246
lfw_final,0.7803798508553526,0.0,0.13283858998144712
lfw_final,0.7803083468399167,0.0,0.1332096474953618
lfw_final,0.7802477935210327,0.0,0.13358070500927643
lfw_final,0.7798433393100793,0.0,0.1339517625231911
lfw_final,0.779506053391014,0.0,0.13432282003710574
lfw_final,0.7790503689384806,0.0,0.1346938775510204
lfw_final,0.7788693090849148,0.0,0.13506493506493505
lfw_final,0.7787818043869958,0.0,0.13543599257884972
lfw_final,0.7787184050903273,0.0,0.1358070500927644
lfw_final,0.7784962081608473,0.0,0.13617810760667903
lfw_final,0.7783263150575097,0.0,0.1365491651205937
lfw_final,0.7782025782115154,0.0,0.13692022263450834
lfw_final,0.7780943636630914,0.0,0.137291280148423
lfw_final,0.7779755025874474,0.0,0.13766233766233765
lfw_final,0.7777951669938029,0.0,0.13803339517625232
lfw_final,0.7777211641671159,0.0,0.13840445269016696
lfw_final,0.7775802355022229,0.0,0.13877551020408163
lfw_final,0.7772615228567568,0.0,0.1391465677179963
lfw_final,0.7768669945492865,0.0,0.13951762523191094
lfw_final,0.7767106653396794,0.0,0.1398886827458256
lfw_final,0.7766710461222378,0.0,0.14025974025974025
lfw_final,0.7766175495336838,0.0,0.14063079777365492
lfw_final,0.7764824150594489,0.0,0.14100185528756956
lfw_final,0.7763937015867645,0.0,0.14137291280148423
lfw_final,0.7761457387255215,0.0,0.1417439703153989
lfw_final,0.7760773180791718,0.0,0.14211502782931354
lfw_final,0.7760084219342807,0.0,0.1424860853432282
lfw_final,0.7760016773730499,0.0,0.14285714285714285
lfw_final,0.7759196669992193,0.0,0.14322820037105752
lfw_final,0.7757657580917149,0.0,0.14359925788497216
lfw_final,0.7757396214485072,0.0,0.14397031539888683
lfw_final,0.7756766454341308,0.0,0.1443413729128015
lfw_final,0.7756629173526353,0.0,0.14471243042671614
lfw_final,0.7756266211744434,0.0,0.1450834879406308
lfw_final,0.775567111297377,0.0,0.14545454545454545
lfw_final,0.7753605253397894,0.0,0.14582560296846012
lfw_final,0.7750181561358178,0.0,0.14619666048237476
lfw_final,0.7749382953311447,0.0,0.14656771799628943
lfw_final,0.7749379230945469,0.0,0.1469387755102041
lfw_final,0.7748504653166146,0.0,0.14730983302411874
lfw_final,0.7747078030317844,0.0,0.1476808905380334
lfw_final,0.7745258713686245,0.0,0.14805194805194805
lfw_final,0.7742875445936991,0.0,0.14842300556586271
lfw_final,0.7742521808321536,0.0,0.14879406307977736
lfw_final,0.7741919712395208,0.0,0.14916512059369202
lfw_final,0.7738062705128557,0.0,0.14953617810760667
lfw_final,0.7737833646969653,0.0,0.14990723562152133
lfw_final,0.7735987492580038,0.0,0.150278293135436
lfw_final,0.7735880199268286,0.0,0.15064935064935064
lfw_final,0.7735544699384316,0.0,0.1510204081632653
lfw_final,0.7734467757065302,0.0,0.15139146567717995
lfw_final,0.7730017064833619,0.0,0.15176252319109462
lfw_final,0.7728778690002689,0.0,0.15213358070500926
lfw_final,0.7728627621649363,0.0,0.15250463821892393
lfw_final,0.7728568338660007,0.0,0.1528756957328386
lfw_final,0.7727558995166179,0.0,0.15324675324675324
lfw_final,0.7725862982023668,0.0,0.1536178107606679
lfw_final,0.7724610881934437,0.0,0.15398886827458255
lfw_final,0.7720962866449466,0.0,0.15435992578849722
lfw_final,0.7719878149055707,0.0,0.15473098330241186
lfw_final,0.7714564702906815,0.0,0.15510204081632653
lfw_final,0.7714552607548215,0.0,0.1554730983302412
lfw_final,0.771265130354578,0.0,0.15584415584415584
lfw_final,0.7712522245669843,0.0,0.1562152133580705
lfw_final,0.7708350909958278,0.0,0.15658627087198515
lfw_final,0.7708316809238019,0.0,0.15695732838589982
lfw_final,0.7708291244857151,0.0,0.15732838589981446
lfw_final,0.7704124159157505,0.0,0.15769944341372913
lfw_final,0.7700083834756644,0.0,0.1580705009276438
lfw_final,0.7698647505998009,0.0,0.15844155844155844
lfw_final,0.7696818540082374,0.0,0.1588126159554731
lfw_final,0.7696427847818258,0.0,0.15918367346938775
lfw_final,0.7692389875762948,0.0,0.15955473098330242
lfw_final,0.7691087475784996,0.0,0.15992578849721706
lfw_final,0.768764263160111,0.0,0.16029684601113173
lfw_final,0.768672652255874,0.0,0.1606679035250464
lfw_final,0.7686461365394297,0.0,0.16103896103896104
lfw_final,0.7684754605989919,0.0,0.1614100185528757
lfw_final,0.7683228295221819,0.0,0.16178107606679035
lfw_final,0.7682992934615945,0.0,0.16215213358070502
lfw_final,0.7681134018801076,0.0,0.16252319109461966
lfw_final,0.7679267582665384,0.0,0.16289424860853433
lfw_final,0.767873517358692,0.0,0.16326530612244897
lfw_final,0.7678249542743177,0.0,0.16363636363636364
lfw_final,0.7677287734223509,0.0,0.1640074211502783
lfw_final,0.7676478558865429,0.0,0.16437847866419295
lfw_final,0.7674248299680967,0.0,0.16474953617810761
lfw_final,0.7672981625332722,0.0,0.16512059369202226
lfw_final,0.7672834320754327,0.0,0.16549165120593692
lfw_final,0.7671329904162347,0.0,0.16586270871985156
lfw_final,0.7671030295638236,0.0,0.16623376623376623
lfw_final,0.7667648253784902,0.0,0.1666048237476809
lfw_final,0.7666499295692328,0.0,0.16697588126159554
lfw_final,0.7664576606802874,0.0,0.1673469387755102
lfw_final,0.76637838344387,0.0,0.16771799628942485
lfw_final,0.766246046587956,0.0,0.16808905380333952
lfw_final,0.7661366853489621,0.0,0.16846011131725416
lfw_final,0.7658372395568884,0.0,0.16883116883116883
lfw_final,0.765814015746284,0.0,0.1692022263450835
lfw_final,0.7655204990779034,0.0,0.16957328385899814
lfw_final,0.7652328146082994,0.0,0.1699443413729128
lfw_final,0.7651680352012118,0.0,0.17031539888682745
lfw_final,0.7650179220909468,0.0,0.17068645640074212
lfw_final,0.7648686989016914,0.0,0.17105751391465676
lfw_final,0.7644710851903262,0.0,0.17142857142857143
lfw_final,0.7641637282808998,0.0,0.1717996289424861
lfw_final,0.7639649267339949,0.0,0.17217068645640074
lfw_final,0.7636676164270882,0.0,0.1725417439703154
lfw_final,0.7635675988573606,0.0,0.17291280148423005
lfw_final,0.7631819796654418,0.0,0.17328385899814472
lfw_final,0.7631542444478667,0.0,0.17365491651205936
lfw_final,0.7626174113226514,0.0,0.17402597402597403
lfw_final,0.7625903778266931,0.0,0.17439703153988867
lfw_final,0.7623643685606996,0.0,0.17476808905380334
lfw_final,0.7622671329248428,0.0,0.175139146567718
lfw_final,0.7622055944512757,0.0,0.17551020408163265
lfw_final,0.762155166396169,0.0,0.17588126159554732
lfw_final,0.7620881588163841,0.0,0.17625231910946196
lfw_final,0.7620386219215318,0.0,0.17662337662337663
lfw_final,0.7620372762134506,0.0,0.17699443413729127
lfw_final,0.7616771952431393,0.0,0.17736549165120594
lfw_final,0.7616367275212874,0.0,0.1777365491651206
lfw_final,0.7614524114461168,0.0,0.17810760667903525
lfw_final,0.7614325110931344,0.0,0.17847866419294992
lfw_final,0.7612264389510097,0.0,0.17884972170686456
lfw_final,0.7608940925271432,0.0,0.17922077922077922
lfw_final,0.7606548780850241,0.0,0.17959183673469387
lfw_final,0.7605701957337705,0.0,0.17996289424860853
lfw_final,0.7604843003989232,0.0,0.1803339517625232
lfw_final,0.7603115521589858,0.0,0.18070500927643784
lfw_final,0.7601636230913429,0.0,0.1810760667903525
lfw_final,0.7599293632304139,0.0,0.18144712430426715
lfw_final,0.7599035230423665,0.0,0.18181818181818182
lfw_final,0.7597643417793662,0.0,0.18218923933209646
lfw_final,0.7596157701009466,0.0,0.18256029684601113
lfw_final,0.7595828479392737,0.0,0.1829313543599258
lfw_final,0.7592666355237733,0.0,0.18330241187384044
lfw_final,0.7587837115808194,0.0,0.1836734693877551
lfw_final,0.75867971973833,0.0,0.18404452690166975
lfw_final,0.7586191260436117,0.0,0.18441558441558442
lfw_final,0.7586031480737353,0.0,0.18478664192949906
lfw_final,0.7584700479115141,0.0,0.18515769944341373
lfw_final,0.7583581102838726,0.0,0.18552875695732837
lfw_final,0.7582745756292688,0.0,0.18589981447124304
lfw_final,0.7582411268498268,0.0,0.1862708719851577
lfw_final,0.7582087898212643,0.0,0.18664192949907235
lfw_final,0.758120280048681,0.0,0.18701298701298702
lfw_final,0.7579192919852769,0.0,0.18738404452690166
lfw_final,0.7577498448603804,0.0,0.18775510204081633
lfw_final,0.7575939763805436,0.0,0.18812615955473097
lfw_final,0.7575199925841472,0.0,0.18849721706864564
lfw_final,0.757259292329412,0.0,0.1888682745825603
lfw_final,0.7571260423553816,0.0,0.18923933209647495
lfw_final,0.7570419706419884,0.0,0.18961038961038962
lfw_final,0.7570314753681505,0.0,0.18998144712430426
lfw_final,0.7569593304945339,0.0,0.19035250463821893
lfw_final,0.7569538275929864,0.0,0.19072356215213357
lfw_final,0.7565497283492439,0.0,0.19109461966604824
lfw_final,0.7563692897514608,0.0,0.1914656771799629
lfw_final,0.7562353716080172,0.0,0.19183673469387755
lfw_final,0.7562206079945794,0.0,0.19220779220779222
lfw_final,0.7560482031871133,0.0,0.19257884972170686
lfw_final,0.7559848005207497,0.0,0.19294990723562153
lfw_final,0.7558357571098231,0.0,0.19332096474953617
lfw_final,0.7557375000202834,0.0,0.19369202226345084
lfw_final,0.7555923126898282,0.0,0.1940630797773655
lfw_final,0.7553979187260792,0.0,0.19443413729128015
lfw_final,0.7553136512971347,0.0,0.19480519480519481
lfw_final,0.7551967267088883,0.0,0.19517625231910946
lfw_final,0.7548566105573676,0.0,0.19554730983302412
lfw_final,0.7544905791145717,0.0,0.19591836734693877
lfw_final,0.7543862104257895,0.0,0.19628942486085343
lfw_final,0.7540742253474562,0.0,0.19666048237476808
lfw_final,0.754056607508074,0.0,0.19703153988868274
lfw_final,0.7538878715353295,0.0,0.1974025974025974
lfw_final,0.7538165689023756,0.0,0.19777365491651205
lfw_final,0.7537822763453766,0.0,0.19814471243042672
lfw_final,0.7537535282036286,0.0,0.19851576994434136
lfw_final,0.7536162416147094,0.0,0.19888682745825603
lfw_final,0.7531519318377006,0.0,0.19925788497217067
lfw_final,0.753135988215812,0.0,0.19962894248608534
lfw_final,0.7531041274379905,0.0,0.2
lfw_final,0.7529218192501002,0.0,0.20037105751391465
lfw_final,0.7529091823079186,0.0,0.20074211502782932
lfw_final,0.7529046953215561,0.0,0.20111317254174396
lfw_final,0.7528312131414416,0.0,0.20148423005565863
lfw_final,0.7528156024622169,0.0,0.20185528756957327
lfw_final,0.7527930510327807,0.0,0.20222634508348794
lfw_final,0.7526497140668114,0.0,0.2025974025974026
lfw_final,0.7525250607529301,0.0,0.20296846011131725
lfw_final,0.7524498534534365,0.0,0.20333951762523192
lfw_final,0.7519812485439102,0.0,0.20371057513914656
lfw_final,0.7518209454378258,0.0,0.20408163265306123
lfw_final,0.7515487426450819,0.0,0.20445269016697587
lfw_final,0.7513952833264758,0.0,0.20482374768089054
lfw_final,0.7508964088747928,0.0,0.2051948051948052
lfw_final,0.7508886326868294,0.0,0.20556586270871985
lfw_final,0.7508086983760872,0.0,0.20593692022263452
lfw_final,0.7507765736797042,0.0,0.20630797773654916
lfw_final,0.7507215189821193,0.0,0.20667903525046383
lfw_final,0.7506718810415514,0.0,0.20705009276437847
lfw_final,0.750550920408943,0.0,0.20742115027829314
lfw_final,0.7503697453842694,0.0,0.2077922077922078
lfw_final,0.750363906073946,0.0,0.20816326530612245
lfw_final,0.7499048391295102,0.0,0.20853432282003712
lfw_final,0.7498391674505487,0.0,0.20890538033395176
lfw_final,0.7497058969166637,0.0,0.20927643784786643
lfw_final,0.7496867050660544,0.0,0.20964749536178107
lfw_final,0.749681280317922,0.0,0.21001855287569574
lfw_final,0.7493773355712452,0.0,0.21038961038961038
lfw_final,0.7493658506358725,0.0,0.21076066790352505
lfw_final,0.7493058435401286,0.0,0.21113172541743971
lfw_final,0.7492988557707558,0.0,0.21150278293135436
lfw_final,0.7492431608723962,0.0,0.21187384044526902
lfw_final,0.7490028202082801,0.0,0.21224489795918366
lfw_final,0.7487931505837854,0.0,0.21261595547309833
lfw_final,0.7487133771196441,0.0,0.21298701298701297
lfw_final,0.7486151801993881,0.0,0.21335807050092764
lfw_final,0.7485966324899643,0.0,0.2137291280148423
lfw_final,0.7485888084358421,0.0,0.21410018552875695
lfw_final,0.7485114467152791,0.0,0.21447124304267162
lfw_final,0.7484521081605962,0.0,0.21484230055658626
lfw_final,0.7483386999249481,0.0,0.21521335807050093
lfw_final,0.7483111086582064,0.0,0.21558441558441557
lfw_final,0.7480425347830453,0.0,0.21595547309833024
lfw_final,0.7479863096411441,0.0,0.2163265306122449
lfw_final,0.7479650130684887,0.0,0.21669758812615955
lfw_final,0.7478511238235686,0.0,0.21706864564007422
lfw_final,0.7478225583355549,0.0,0.21743970315398886
lfw_final,0.7475430167672826,0.0,0.21781076066790353
lfw_final,0.7474574701585598,0.0,0.21818181818181817
lfw_final,0.7472958699894909,0.0,0.21855287569573284
lfw_final,0.7469844910252172,0.0,0.2189239332096475
lfw_final,0.7469810950740898,0.0,0.21929499072356215
lfw_final,0.7469737696106609,0.0,0.21966604823747682
lfw_final,0.7468575487723389,0.0,0.22003710575139146
lfw_final,0.746833070955219,0.0,0.22040816326530613
lfw_final,0.7468011829538654,0.0,0.22077922077922077
lfw_final,0.7466796974269078,0.0,0.22115027829313544
lfw_final,0.7465937990018628,0.0,0.22152133580705008
lfw_final,0.7463891859116804,0.0,0.22189239332096475
lfw_final,0.7463801602646101,0.0,0.22226345083487942
lfw_final,0.7462355500553722,0.0,0.22263450834879406
lfw_final,0.7461280431882249,0.0,0.22300556586270873
lfw_final,0.7459742091890118,0.0,0.22337662337662337
lfw_final,0.7459062416523033,0.0,0.22374768089053804
lfw_final,0.7458284402108832,0.0,0.22411873840445268
lfw_final,0.745721335392645,0.0,0.22448979591836735
lfw_final,0.7456494466342442,0.0,0.22486085343228202
lfw_final,0.7456109158232856,0.0,0.22523191094619666
lfw_final,0.7456049226194483,0.0,0.22560296846011132
lfw_final,0.7455351968061468,0.0,0.22597402597402597
lfw_final,0.7452943126173043,0.0,0.22634508348794063
lfw_final,0.7450855059901076,0.0,0.22671614100185528
lfw_final,0.7447093472808735,0.0,0.22708719851576994
lfw_final,0.7447068765748457,0.0,0.2274582560296846
lfw_final,0.7444652660225222,0.0,0.22782931354359925
lfw_final,0.744212187861657,0.0,0.22820037105751392
lfw_final,0.7441266687188532,0.0,0.22857142857142856
lfw_final,0.7439705362954367,0.0,0.22894248608534323
lfw_final,0.7439475016388275,0.0,0.22931354359925787
lfw_final,0.7438935991933109,0.0,0.22968460111317254
lfw_final,0.7438248490602007,0.0,0.2300556586270872
lfw_final,0.7437964649289507,0.0,0.23042671614100185
lfw_final,0.7434989524919757,0.0,0.23079777365491652
lfw_final,0.7432212431233954,0.0,0.23116883116883116
lfw_final,0.7425545147469131,0.0,0.23153988868274583
lfw_final,0.742518762204736,0.0,0.23191094619666047
lfw_final,0.7424819083549058,0.0,0.23228200371057514
lfw_final,0.7424372223953564,0.0,0.23265306122448978
lfw_final,0.7424257829261726,0.0,0.23302411873840445
lfw_final,0.7421585196956645,0.0,0.23339517625231912
lfw_final,0.7420997456140874,0.0,0.23376623376623376
lfw_final,0.7420045696996566,0.0,0.23413729128014843
lfw_final,0.7419280350437708,0.0,0.23450834879406307
lfw_final,0.7418261725440038,0.0,0.23487940630797774
lfw_final,0.7418108154423805,0.0,0.23525046382189238
lfw_final,0.7416562049584582,0.0,0.23562152133580705
lfw_final,0.7414325182285906,0.0,0.23599257884972172
lfw_final,0.7412430643163971,0.0,0.23636363636363636
lfw_final,0.741229183090513,0.0,0.23673469387755103
lfw_final,0.741098932054155,0.0,0.23710575139146567
lfw_final,0.7410658635499624,0.0,0.23747680890538034
lfw_final,0.7407705917173735,0.0,0.23784786641929498
lfw_final,0.7407179859485125,0.0,0.23821892393320965
lfw_final,0.740689921396487,0.0,0.23858998144712432
lfw_final,0.7406209273784276,0.0,0.23896103896103896
lfw_final,0.7405439336507353,0.0,0.23933209647495363
lfw_final,0.7405313924776127,0.0,0.23970315398886827
lfw_final,0.7405150580508005,0.0,0.24007421150278294
lfw_final,0.7404976835741431,0.0,0.24044526901669758
lfw_final,0.7403905061664852,0.0,0.24081632653061225
lfw_final,0.7403406039266068,0.0,0.24118738404452691
lfw_final,0.7401650848184577,0.0,0.24155844155844156
lfw_final,0.740108085494351,0.0,0.24192949907235622
lfw_final,0.7400111544339965,0.0,0.24230055658627087
lfw_final,0.7397575064731275,0.0,0.24267161410018553
lfw_final,0.7397367266282373,0.0,0.24304267161410018
lfw_final,0.7397365030735481,0.0,0.24341372912801484
lfw_final,0.7396538173730389,0.0,0.2437847866419295
lfw_final,0.7395170949856144,0.0,0.24415584415584415
lfw_final,0.7393726519246192,0.0,0.24452690166975882
lfw_final,0.7393652113384677,0.0,0.24489795918367346
lfw_final,0.7393566312087307,0.0,0.24526901669758813
lfw_final,0.739351361305309,0.0,0.24564007421150277
lfw_final,0.7390458479212474,0.0,0.24601113172541744
lfw_final,0.739019407778985,0.0,0.24638218923933208
lfw_final,0.7389550846498306,0.0,0.24675324675324675
lfw_final,0.7388961518924118,0.0,0.24712430426716142
lfw_final,0.7388502165104025,0.0,0.24749536178107606
lfw_final,0.7388403340975389,0.0,0.24786641929499073
lfw_final,0.7388307353951269,0.0,0.24823747680890537
lfw_final,0.7387911880684714,0.0,0.24860853432282004
lfw_final,0.7387597880764722,0.0,0.24897959183673468
lfw_final,0.738709336194187,0.0,0.24935064935064935
lfw_final,0.7386874161747224,0.0,0.24972170686456402
lfw_final,0.7385423896466803,0.0,0.25009276437847866
lfw_final,0.7383791124306635,0.0,0.2504638218923933
lfw_final,0.7383582706178643,0.0,0.250834879406308
lfw_final,0.7383364697630482,0.0,0.25120593692022264
lfw_final,0.7379261329822181,0.0,0.2515769944341373
lfw_final,0.7379045653375707,0.0,0.2519480519480519
lfw_final,0.7378856651939372,0.0,0.2523191094619666
lfw_final,0.7378383719912605,0.0,0.25269016697588126
lfw_final,0.737647379563628,0.0,0.2530612244897959
lfw_final,0.7375035180052505,0.0,0.2534322820037106
lfw_final,0.737465401498989,0.0,0.25380333951762524
lfw_final,0.7372220513283986,0.0,0.2541743970315399
lfw_final,0.7372137881568058,0.0,0.2545454545454545
lfw_final,0.7370129790123331,0.0,0.2549165120593692
lfw_final,0.7369723868469144,0.0,0.25528756957328386
lfw_final,0.736915581518971,0.0,0.2556586270871985
lfw_final,0.7368518810227226,0.0,0.2560296846011132
lfw_final,0.7368108684241752,0.0,0.25640074211502784
lfw_final,0.7367972085071068,0.0,0.2567717996289425
lfw_final,0.7367869957714593,0.0,0.2571428571428571
lfw_final,0.736707846572929,0.0,0.2575139146567718
lfw_final,0.7367016881386057,0.0,0.25788497217068646
lfw_final,0.7365851083924377,0.0,0.2582560296846011
lfw_final,0.7365334311506355,0.0,0.2586270871985158
lfw_final,0.7364589840762428,0.0,0.25899814471243043
lfw_final,0.7358865463993244,0.0,0.2593692022263451
lfw_final,0.73572483893318,0.0,0.2597402597402597
lfw_final,0.7356422815707206,0.0,0.2601113172541744
lfw_final,0.7355975131354338,0.0,0.26048237476808905
lfw_final,0.7354211309541552,0.0,0.2608534322820037
lfw_final,0.735309806335619,0.0,0.2612244897959184
lfw_final,0.7350254700329449,0.0,0.26159554730983303
lfw_final,0.7350232160024784,0.0,0.2619666048237477
lfw_final,0.7350115785740765,0.0,0.2623376623376623
lfw_final,0.7347892567658997,0.0,0.262708719851577
lfw_final,0.7347058418972242,0.0,0.26307977736549165
lfw_final,0.7346158764193215,0.0,0.2634508348794063
lfw_final,0.7343938980585193,0.0,0.263821892393321
lfw_final,0.734353976953727,0.0,0.26419294990723563
lfw_final,0.7341753370901896,0.0,0.26456400742115027
lfw_final,0.7340284611077829,0.0,0.2649350649350649
lfw_final,0.7339699810554079,0.0,0.2653061224489796
lfw_final,0.7338450643001259,0.0,0.26567717996289425
lfw_final,0.7336849509202311,0.0,0.2660482374768089
lfw_final,0.7336151931132641,0.0,0.2664192949907236
lfw_final,0.7334928347109193,0.0,0.26679035250463823
lfw_final,0.7332028827062873,0.0,0.26716141001855287
lfw_final,0.7331824556625381,0.0,0.2675324675324675
lfw_final,0.7331661448334593,0.0,0.2679035250463822
lfw_final,0.7331163172365004,0.0,0.26827458256029685
lfw_final,0.732933312720968,0.0,0.2686456400742115
lfw_final,0.7328307870845956,0.0,0.2690166975881262
lfw_final,0.7328293715231937,0.0,0.2693877551020408
lfw_final,0.7328194678146795,0.0,0.26975881261595547
lfw_final,0.7328163822932765,0.0,0.2701298701298701
lfw_final,0.7328047141698164,0.0,0.2705009276437848
lfw_final,0.7327387416459555,0.0,0.27087198515769945
lfw_final,0.7327077265504683,0.0,0.2712430426716141
lfw_final,0.7325500481645901,0.0,0.2716141001855288
lfw_final,0.7325222118414401,0.0,0.2719851576994434
lfw_final,0.7321189599525505,0.0,0.27235621521335807
lfw_final,0.7319288463283196,0.0,0.2727272727272727
lfw_final,0.7317005571724077,0.0,0.2730983302411874
lfw_final,0.731568048316339,0.0,0.27346938775510204
lfw_final,0.7314967348586214,0.0,0.2738404452690167
lfw_final,0.7314252809707492,0.0,0.2742115027829313
lfw_final,0.7313747134229437,0.0,0.274582560296846
lfw_final,0.7312761002902362,0.0,0.27495361781076066
lfw_final,0.730937080557011,0.0,0.2753246753246753
lfw_final,0.7308491026844185,0.0,0.27569573283859
lfw_final,0.7304869434375775,0.0,0.27606679035250464
lfw_final,0.730400438813168,0.0,0.2764378478664193
lfw_final,0.7303694554550524,0.0,0.2768089053803339
lfw_final,0.7302791034004755,0.0,0.2771799628942486
lfw_final,0.7302543173749343,0.0,0.27755102040816326
lfw_final,0.7302500199887635,0.0,0.2779220779220779
lfw_final,0.7302219046953461,0.0,0.2782931354359926
lfw_final,0.7301208878054007,0.0,0.27866419294990724
lfw_final,0.7301024729569033,0.0,0.2790352504638219
lfw_final,0.7300704752054924,0.0,0.2794063079777365
lfw_final,0.7300274464853623,0.0,0.2797773654916512
lfw_final,0.729992001721733,0.0,0.28014842300556586
lfw_final,0.729989483984002,0.0,0.2805194805194805
lfw_final,0.7298617239506133,0.0,0.2808905380333952
lfw_final,0.7297963704355886,0.0,0.28126159554730984
lfw_final,0.7297831737978969,0.0,0.2816326530612245
lfw_final,0.7296943063145929,0.0,0.2820037105751391
lfw_final,0.7296313661175735,0.0,0.2823747680890538
lfw_final,0.7296250452394081,0.0,0.28274582560296846
lfw_final,0.7295821855720155,0.0,0.2831168831168831
lfw_final,0.7294427566900114,0.0,0.2834879406307978
lfw_final,0.7293963754918751,0.0,0.28385899814471244
lfw_final,0.729366521615233,0.0,0.2842300556586271
lfw_final,0.7292765385127817,0.0,0.2846011131725417
lfw_final,0.7291745201918344,0.0,0.2849721706864564
lfw_final,0.7291089405109656,0.0,0.28534322820037106
lfw_final,0.7290357042774939,0.0,0.2857142857142857
lfw_final,0.7289856301051938,0.0,0.2860853432282004
lfw_final,0.7288584820714319,0.0,0.28645640074211504
lfw_final,0.7287256814057302,0.0,0.2868274582560297
lfw_final,0.728522730926285,0.0,0.2871985157699443
lfw_final,0.7284935795658771,0.0,0.287569573283859
lfw_final,0.7284127671365953,0.0,0.28794063079777366
lfw_final,0.7282100978833627,0.0,0.2883116883116883
lfw_final,0.7281444816752566,0.0,0.288682745825603
lfw_final,0.7281305711437627,0.0,0.28905380333951763
lfw_final,0.7273176900376176,0.0,0.2894248608534323
lfw_final,0.7272819042723402,0.0,0.2897959183673469
lfw_final,0.72709001502937,0.0,0.2901669758812616
lfw_final,0.7269986786426998,0.0,0.29053803339517625
lfw_final,0.7268527506288552,0.0,0.2909090909090909
lfw_final,0.7267698015789081,0.0,0.2912801484230056
lfw_final,0.7267170180560225,0.0,0.29165120593692023
lfw_final,0.7265648191524413,0.0,0.2920222634508349
lfw_final,0.7264863266143669,0.0,0.2923933209647495
lfw_final,0.7263698208357572,0.0,0.2927643784786642
lfw_final,0.7262678619502316,0.0,0.29313543599257885
lfw_final,0.7262530400601193,0.0,0.2935064935064935
lfw_final,0.7260529101249387,0.0,0.2938775510204082
lfw_final,0.7257730822390127,0.0,0.29424860853432283
lfw_final,0.725589741277858,0.0,0.29461966604823747
lfw_final,0.7254690739913682,0.0,0.2949907235621521
lfw_final,0.7254393548773579,0.0,0.2953617810760668
lfw_final,0.7253314748939053,0.0,0.29573283858998145
lfw_final,0.7252338161272343,0.0,0.2961038961038961
lfw_final,0.7251170115469249,0.0,0.2964749536178108
lfw_final,0.7250443364023269,0.0,0.29684601113172543
lfw_final,0.7249880658337161,0.0,0.29721706864564007
lfw_final,0.7249503692272699,0.0,0.2975881261595547
lfw_final,0.7248614328896155,0.0,0.2979591836734694
lfw_final,0.7248582526495704,0.0,0.29833024118738405
lfw_final,0.7248402184826752,0.0,0.2987012987012987
lfw_final,0.7247584356170589,0.0,0.29907235621521333
lfw_final,0.7245902470119967,0.0,0.299443413729128
lfw_final,0.7242225145574182,0.0,0.29981447124304267
lfw_final,0.7241898132045195,0.0,0.3001855287569573
lfw_final,0.7241843178204379,0.0,0.300556586270872
lfw_final,0.7241563317911397,0.0,0.30092764378478665
lfw_final,0.7241470285616113,0.0,0.3012987012987013
lfw_final,0.724137882410233,0.0,0.30166975881261593
lfw_final,0.7239161803275522,0.0,0.3020408163265306
lfw_final,0.7238913943793085,0.0,0.30241187384044527
lfw_final,0.7236115989688003,0.0,0.3027829313543599
lfw_final,0.7234133913362993,0.0,0.3031539888682746
lfw_final,0.7233080945359517,0.0,0.30352504638218925
lfw_final,0.7231605092311717,0.0,0.3038961038961039
lfw_final,0.723160445515557,0.0,0.3042671614100185
lfw_final,0.7231333425762911,0.0,0.3046382189239332
lfw_final,0.7230917154277853,0.0,0.30500927643784786
lfw_final,0.7229522644709122,0.0,0.3053803339517625
lfw_final,0.7229164567779723,0.0,0.3057513914656772
lfw_final,0.7227193093190746,0.0,0.30612244897959184
lfw_final,0.7224858246099716,0.0,0.3064935064935065
lfw_final,0.7223504535755332,0.0,0.3068645640074211
lfw_final,0.7222638592527365,0.0,0.3072356215213358
lfw_final,0.7222018039142102,0.0,0.30760667903525046
lfw_final,0.7220276498490218,0.0,0.3079777365491651
lfw_final,0.721748113593821,0.0,0.3083487940630798
lfw_final,0.7216939470959111,0.0,0.30871985157699444
lfw_final,0.7214928990096088,0.0,0.3090909090909091
lfw_final,0.72116521318304,0.0,0.3094619666048237
lfw_final,0.7211645470483896,0.0,0.3098330241187384
lfw_final,0.7210322366143677,0.0,0.31020408163265306
lfw_final,0.7210312307111904,0.0,0.3105751391465677
lfw_final,0.7209625146070118,0.0,0.3109461966604824
lfw_final,0.7209415551393982,0.0,0.31131725417439704
lfw_final,0.7209365262735199,0.0,0.3116883116883117
lfw_final,0.7207569751656947,0.0,0.3120593692022263
lfw_final,0.72074082678093,0.0,0.312430426716141
lfw_final,0.7207257282279603,0.0,0.31280148423005566
lfw_final,0.7206297150987955,0.0,0.3131725417439703
lfw_final,0.7205400860133775,0.0,0.313543599257885
lfw_final,0.720260771479345,0.0,0.31391465677179964
lfw_final,0.7201930281750835,0.0,0.3142857142857143
lfw_final,0.7199507069699491,0.0,0.3146567717996289
lfw_final,0.7199290728448174,0.0,0.3150278293135436
lfw_final,0.7198435365176195,0.0,0.31539888682745826
lfw_final,0.7198226645934963,0.0,0.3157699443413729
lfw_final,0.7197769114267122,0.0,0.3161410018552876
lfw_final,0.7196262949797199,0.0,0.31651205936920224
lfw_final,0.7195435616037801,0.0,0.3168831168831169
lfw_final,0.7192961779420688,0.0,0.3172541743970315
lfw_final,0.7189572097777542,0.0,0.3176252319109462
lfw_final,0.7188151476864835,0.0,0.31799628942486086
lfw_final,0.7185866345100562,0.0,0.3183673469387755
lfw_final,0.7184894074224278,0.0,0.3187384044526902
lfw_final,0.7183912112964853,0.0,0.31910946196660483
lfw_final,0.7183783941275876,0.0,0.3194805194805195
lfw_final,0.7182234653384417,0.0,0.3198515769944341
lfw_final,0.7181241596164369,0.0,0.3202226345083488
lfw_final,0.7180864426380824,0.0,0.32059369202226345
lfw_final,0.7179291977544932,0.0,0.3209647495361781
lfw_final,0.7178551464600379,0.0,0.3213358070500928
lfw_final,0.7176213654755544,0.0,0.32170686456400743
lfw_final,0.7175188582065598,0.0,0.3220779220779221
lfw_final,0.717504974226491,0.0,0.3224489795918367
lfw_final,0.7175015626432563,0.0,0.3228200371057514
lfw_final,0.7174720418469208,0.0,0.32319109461966605
lfw_final,0.7169650389801966,0.0,0.3235621521335807
lfw_final,0.7168752106634796,0.0,0.32393320964749533
lfw_final,0.7168734258104501,0.0,0.32430426716141003
lfw_final,0.716830355511891,0.0,0.3246753246753247
lfw_final,0.7168083765570241,0.0,0.3250463821892393
lfw_final,0.716789893573083,0.0,0.325417439703154
lfw_final,0.7166705323897387,0.0,0.32578849721706865
lfw_final,0.7166639926153391,0.0,0.3261595547309833
lfw_final,0.7164825165704214,0.0,0.32653061224489793
lfw_final,0.7163216707847541,0.0,0.32690166975881263
lfw_final,0.7161635072497943,0.0,0.32727272727272727
lfw_final,0.7158173638230572,0.0,0.3276437847866419
lfw_final,0.7156396955385588,0.0,0.3280148423005566
lfw_final,0.7154947789736115,0.0,0.32838589981447125
lfw_final,0.7153653741516415,0.0,0.3287569573283859
lfw_final,0.7152893751604098,0.0,0.32912801484230053
lfw_final,0.7152687686773868,0.0,0.32949907235621523
lfw_final,0.7152384200399822,0.0,0.32987012987012987
lfw_final,0.7151882743097675,0.0,0.3302411873840445
lfw_final,0.715174222037334,0.0,0.3306122448979592
lfw_final,0.7150229971858625,0.0,0.33098330241187385
lfw_final,0.7149362149592704,0.0,0.3313543599257885
lfw_final,0.7147732841534925,0.0,0.33172541743970313
lfw_final,0.714716020253824,0.0,0.3320964749536178
lfw_final,0.7145811958474871,0.0,0.33246753246753247
lfw_final,0.7144970145736503,0.0,0.3328385899814471
lfw_final,0.7135408294675432,0.0,0.3332096474953618
lfw_final,0.7134224736974859,0.0,0.33358070500927645
lfw_final,0.7133697514898198,0.0,0.3339517625231911
lfw_final,0.7126909200205253,0.0,0.33432282003710573
lfw_final,0.7124026547715994,0.0,0.3346938775510204
lfw_final,0.7121524083472165,0.0,0.33506493506493507
lfw_final,0.7118951423555412,0.0,0.3354359925788497
lfw_final,0.7118307585675533,0.0,0.3358070500927644
lfw_final,0.7117096635677121,0.0,0.33617810760667904
lfw_final,0.7116688922957675,0.0,0.3365491651205937
lfw_final,0.7114075380777853,0.0,0.3369202226345083
lfw_final,0.7113068369629868,0.0,0.337291280148423
lfw_final,0.711137709623376,0.0,0.33766233766233766
lfw_final,0.7110329825937225,0.0,0.3380333951762523
lfw_final,0.7110005196792984,0.0,0.338404452690167
lfw_final,0.7109292042551689,0.0,0.33877551020408164
lfw_final,0.7108516953029458,0.0,0.3391465677179963
lfw_final,0.7104883277659965,0.0,0.3395176252319109
lfw_final,0.7104103140106558,0.0,0.3398886827458256
lfw_final,0.7102771207031978,0.0,0.34025974025974026
lfw_final,0.7102506615654014,0.0,0.3406307977736549
lfw_final,0.7101666300201102,0.0,0.3410018552875696
lfw_final,0.7101496984525714,0.0,0.34137291280148424
lfw_final,0.7101460547878221,0.0,0.3417439703153989
lfw_final,0.7099327142685941,0.0,0.3421150278293135
lfw_final,0.7098970294275182,0.0,0.3424860853432282
lfw_final,0.7096801808648996,0.0,0.34285714285714286
lfw_final,0.7094829485569419,0.0,0.3432282003710575
lfw_final,0.7093475012703232,0.0,0.3435992578849722
lfw_final,0.7092653294656074,0.0,0.34397031539888684
lfw_final,0.7092482499461165,0.0,0.3443413729128015
lfw_final,0.7091386431915151,0.0,0.3447124304267161
lfw_final,0.7088275732443026,0.0,0.3450834879406308
lfw_final,0.7087745525211059,0.0,0.34545454545454546
lfw_final,0.7086334644071004,0.0,0.3458256029684601
lfw_final,0.7085950343486922,0.0,0.34619666048237474
lfw_final,0.708421005124834,0.0,0.34656771799628944
lfw_final,0.708420851871175,0.0,0.3469387755102041
lfw_final,0.7082203301552727,0.0,0.3473098330241187
lfw_final,0.7081646952578574,0.0,0.3476808905380334
lfw_final,0.7081540952696518,0.0,0.34805194805194806
lfw_final,0.708146011638923,0.0,0.3484230055658627
lfw_final,0.708066534377353,0.0,0.34879406307977734
lfw_final,0.7080619454092141,0.0,0.34916512059369204
lfw_final,0.7080273383730364,0.0,0.3495361781076067
lfw_final,0.7080245581012454,0.0,0.3499072356215213
lfw_final,0.7079395468667361,0.0,0.350278293135436
lfw_final,0.7079355777559974,0.0,0.35064935064935066
lfw_final,0.7079044545682666,0.0,0.3510204081632653
lfw_final,0.7077310642085418,0.0,0.35139146567717994
lfw_final,0.7077202374053715,0.0,0.35176252319109463
lfw_final,0.7076251636173824,0.0,0.3521335807050093
lfw_final,0.7075716222105293,0.0,0.3525046382189239
lfw_final,0.7074996076593701,0.0,0.3528756957328386
lfw_final,0.7073185715935226,0.0,0.35324675324675325
lfw_final,0.7071784599082285,0.0,0.3536178107606679
lfw_final,0.7071123889008306,0.0,0.35398886827458254
lfw_final,0.706903006313774,0.0,0.35435992578849723
lfw_final,0.7068616472731364,0.0,0.3547309833024119
lfw_final,0.7067580314996237,0.0,0.3551020408163265
lfw_final,0.7066432613263568,0.0,0.3554730983302412
lfw_final,0.7066310572166422,0.0,0.35584415584415585
lfw_final,0.7065842501168662,0.0,0.3562152133580705
lfw_final,0.706179919525337,0.0,0.35658627087198513
lfw_final,0.7058674019579153,0.0,0.35695732838589983
lfw_final,0.7058384294644291,0.0,0.35732838589981447
lfw_final,0.7057520940077682,0.0,0.3576994434137291
lfw_final,0.7056094002303414,0.0,0.3580705009276438
lfw_final,0.7055841150504194,0.0,0.35844155844155845
lfw_final,0.7055526842483526,0.0,0.3588126159554731
lfw_final,0.705508905836291,0.0,0.35918367346938773
lfw_final,0.7055020305017653,0.0,0.35955473098330243
lfw_final,0.7053194970306426,0.0,0.35992578849721707
lfw_final,0.7052997410305446,0.0,0.3602968460111317
lfw_final,0.7051199913333848,0.0,0.3606679035250464
lfw_final,0.7049908480006656,0.0,0.36103896103896105
lfw_final,0.7049444801139674,0.0,0.3614100185528757
lfw_final,0.7048579550631338,0.0,0.36178107606679033
lfw_final,0.7048544976505593,0.0,0.362152133580705
lfw_final,0.704767592840887,0.0,0.36252319109461967
lfw_final,0.7047340115946383,0.0,0.3628942486085343
lfw_final,0.7046115216787161,0.0,0.363265306122449
lfw_final,0.7045251994961513,0.0,0.36363636363636365
lfw_final,0.7044687119877856,0.0,0.3640074211502783
lfw_final,0.7044052861918907,0.0,0.36437847866419293
lfw_final,0.7043651382769889,0.0,0.3647495361781076
lfw_final,0.7041676517346602,0.0,0.36512059369202227
lfw_final,0.7040787994222129,0.0,0.3654916512059369
lfw_final,0.7039865517527976,0.0,0.3658627087198516
lfw_final,0.7039043663626419,0.0,0.36623376623376624
lfw_final,0.703895801981548,0.0,0.3666048237476809
lfw_final,0.7038881023312882,0.0,0.3669758812615955
lfw_final,0.7037644607520179,0.0,0.3673469387755102
lfw_final,0.7037615405431339,0.0,0.36771799628942486
lfw_final,0.7037208253423457,0.0,0.3680890538033395
lfw_final,0.7036993701852864,0.0,0.3684601113172542
lfw_final,0.7036787979038414,0.0,0.36883116883116884
lfw_final,0.703645686639087,0.0,0.3692022263450835
lfw_final,0.7036028111882916,0.0,0.3695732838589981
lfw_final,0.7033255341199115,0.0,0.3699443413729128
lfw_final,0.7032603675743784,0.0,0.37031539888682746
lfw_final,0.7029909741559143,0.0,0.3706864564007421
lfw_final,0.7029748066883326,0.0,0.37105751391465674
lfw_final,0.7029687487131329,0.0,0.37142857142857144
lfw_final,0.7028723100089644,0.0,0.3717996289424861
lfw_final,0.7026011659828796,0.0,0.3721706864564007
lfw_final,0.7025997834916623,0.0,0.3725417439703154
lfw_final,0.7025896057981362,0.0,0.37291280148423006
lfw_final,0.7023325142811765,0.0,0.3732838589981447
lfw_final,0.7023213820904425,0.0,0.37365491651205934
lfw_final,0.7022850750541836,0.0,0.37402597402597404
lfw_final,0.7021999582066213,0.0,0.3743970315398887
lfw_final,0.7020984398039471,0.0,0.3747680890538033
lfw_final,0.7020646126538261,0.0,0.375139146567718
lfw_final,0.7020030241846067,0.0,0.37551020408163266
lfw_final,0.7018723152115598,0.0,0.3758812615955473
lfw_final,0.7018718721820507,0.0,0.37625231910946194
lfw_final,0.7016728872601065,0.0,0.37662337662337664
lfw_final,0.7014023550638637,0.0,0.3769944341372913
lfw_final,0.7010852655204882,0.0,0.3773654916512059
lfw_final,0.7010544198678308,0.0,0.3777365491651206
lfw_final,0.7009931531135318,0.0,0.37810760667903526
lfw_final,0.7008583176218735,0.0,0.3784786641929499
lfw_final,0.7007241765040454,0.0,0.37884972170686454
lfw_final,0.7005402273829024,0.0,0.37922077922077924
lfw_final,0.7004727755778853,0.0,0.3795918367346939
lfw_final,0.7001131556095385,0.0,0.3799628942486085
lfw_final,0.6998829936606378,0.0,0.3803339517625232
lfw_final,0.6996126128042925,0.0,0.38070500927643786
lfw_final,0.69960691885365,0.0,0.3810760667903525
lfw_final,0.6995490978181447,0.0,0.38144712430426714
lfw_final,0.6995315275137727,0.0,0.38181818181818183
lfw_final,0.6995257366669582,0.0,0.3821892393320965
lfw_final,0.6994662806283429,0.0,0.3825602968460111
lfw_final,0.699425061900607,0.0,0.3829313543599258
lfw_final,0.6993322596626672,0.0,0.38330241187384045
lfw_final,0.6991763037131309,0.0,0.3836734693877551
lfw_final,0.6991346764751438,0.0,0.38404452690166974
lfw_final,0.6989598379740128,0.0,0.38441558441558443
lfw_final,0.6988346691463867,0.0,0.3847866419294991
lfw_final,0.6987287221523208,0.0,0.3851576994434137
lfw_final,0.6987245786993909,0.0,0.3855287569573284
lfw_final,0.6985719901308185,0.0,0.38589981447124305
lfw_final,0.6982607996604289,0.0,0.3862708719851577
lfw_final,0.6981277882375765,0.0,0.38664192949907233
lfw_final,0.6980930671765614,0.0,0.38701298701298703
lfw_final,0.6980641255155337,0.0,0.38738404452690167
lfw_final,0.698055035448805,0.0,0.3877551020408163
lfw_final,0.6980199570528872,0.0,0.388126159554731
lfw_final,0.6979610185543853,0.0,0.38849721706864565
lfw_final,0.6979490899627137,0.0,0.3888682745825603
lfw_final,0.6979094845521893,0.0,0.38923933209647493
lfw_final,0.6976771797817203,0.0,0.38961038961038963
lfw_final,0.6975610810455595,0.0,0.38998144712430427
lfw_final,0.6975468948098594,0.0,0.3903525046382189
lfw_final,0.6974891920841413,0.0,0.3907235621521336
lfw_final,0.6971611356498689,0.0,0.39109461966604825
lfw_final,0.697136371799614,0.0,0.3914656771799629
lfw_final,0.696752321909978,0.0,0.39183673469387753
lfw_final,0.6966671012262609,0.0,0.3922077922077922
lfw_final,0.6966520849860767,0.0,0.39257884972170687
lfw_final,0.6966059173034632,0.0,0.3929499072356215
lfw_final,0.6966032070596659,0.0,0.39332096474953615
lfw_final,0.6964172392034422,0.0,0.39369202226345085
lfw_final,0.6962765481704916,0.0,0.3940630797773655
lfw_final,0.6961373767914801,0.0,0.39443413729128013
lfw_final,0.6960145455351824,0.0,0.3948051948051948
lfw_final,0.6958734858753707,0.0,0.39517625231910947
lfw_final,0.6958065821542089,0.0,0.3955473098330241
lfw_final,0.6956226185432577,0.0,0.39591836734693875
lfw_final,0.6956106605949981,0.0,0.39628942486085345
lfw_final,0.6956009896233778,0.0,0.3966604823747681
lfw_final,0.6953288070447601,0.0,0.3970315398886827
lfw_final,0.6950934379574196,0.0,0.3974025974025974
lfw_final,0.6950909166862344,0.0,0.39777365491651206
lfw_final,0.6950879871550669,0.0,0.3981447124304267
lfw_final,0.694998796087197,0.0,0.39851576994434135
lfw_final,0.6949872820159326,0.0,0.39888682745825604
lfw_final,0.6947675018111458,0.0,0.3992578849721707
lfw_final,0.6946691991842243,0.0,0.3996289424860853
lfw_final,0.6946645713409295,0.0,0.4
lfw_final,0.6946328317456056,0.0,0.40037105751391466
lfw_final,0.6945365341794831,0.0,0.4007421150278293
lfw_final,0.6945085121859945,0.0,0.40111317254174395
lfw_final,0.6944750214473809,0.0,0.40148423005565864
lfw_final,0.6944502774365295,0.0,0.4018552875695733
lfw_final,0.694411646590485,0.0,0.4022263450834879
lfw_final,0.694324500526635,0.0,0.4025974025974026
lfw_final,0.6941621905183859,0.0,0.40296846011131726
lfw_final,0.6937909468917365,0.0,0.4033395176252319
lfw_final,0.6937887619651516,0.0,0.40371057513914654
lfw_final,0.6937593779676196,0.0,0.40408163265306124
lfw_final,0.6936074506262775,0.0,0.4044526901669759
lfw_final,0.6933748025252162,0.0,0.4048237476808905
lfw_final,0.6933338814590426,0.0,0.4051948051948052
lfw_final,0.693277839072886,0.0,0.40556586270871986
lfw_final,0.6931267923645458,0.0,0.4059369202226345
lfw_final,0.6930561214414068,0.0,0.40630797773654914
lfw_final,0.6930460461521534,0.0,0.40667903525046384
lfw_final,0.692831201051499,0.0,0.4070500927643785
lfw_final,0.6928140206653987,0.0,0.4074211502782931
lfw_final,0.6927546414251847,0.0,0.4077922077922078
lfw_final,0.6927298125329607,0.0,0.40816326530612246
lfw_final,0.6926428099602172,0.0,0.4085343228200371
lfw_final,0.6925099783357038,0.0,0.40890538033395174
lfw_final,0.6925060327852463,0.0,0.40927643784786644
lfw_final,0.6922754787123944,0.0,0.4096474953617811
lfw_final,0.6922197024106845,0.0,0.4100185528756957
lfw_final,0.6922129801890707,0.0,0.4103896103896104
lfw_final,0.6921355261900648,0.0,0.41076066790352506
lfw_final,0.6920360946839494,0.0,0.4111317254174397
lfw_final,0.6920351052298911,0.0,0.41150278293135434
lfw_final,0.6919989100165745,0.0,0.41187384044526903
lfw_final,0.6918947138759427,0.0,0.4122448979591837
lfw_final,0.6917414503918807,0.0,0.4126159554730983
lfw_final,0.6915616854939031,0.0,0.412987012987013
lfw_final,0.6913457189277791,0.0,0.41335807050092765
lfw_final,0.6911433086308658,0.0,0.4137291280148423
lfw_final,0.6911330923236363,0.0,0.41410018552875694
lfw_final,0.6911105998480551,0.0,0.41447124304267163
lfw_final,0.690870577001929,0.0,0.4148423005565863
lfw_final,0.6908684953188796,0.0,0.4152133580705009
lfw_final,0.6907537364701286,0.0,0.4155844155844156
lfw_final,0.6907335504662401,0.0,0.41595547309833025
lfw_final,0.6905962156387031,0.0,0.4163265306122449
lfw_final,0.6905142124000493,0.0,0.41669758812615953
lfw_final,0.6902857778361916,0.0,0.41706864564007423
lfw_final,0.6901737707530452,0.0,0.4174397031539889
lfw_final,0.6901209578319185,0.0,0.4178107606679035
lfw_final,0.6900359268482643,0.0,0.41818181818181815
lfw_final,0.690030226351583,0.0,0.41855287569573285
lfw_final,0.6899419665006714,0.0,0.4189239332096475
lfw_final,0.6898616006505085,0.0,0.41929499072356213
lfw_final,0.6897375911056547,0.0,0.41966604823747683
lfw_final,0.6895219094032993,0.0,0.42003710575139147
lfw_final,0.6892920381315014,0.0,0.4204081632653061
lfw_final,0.6892732158043229,0.0,0.42077922077922075
lfw_final,0.6891952302394223,0.0,0.42115027829313545
lfw_final,0.6891010601647167,0.0,0.4215213358070501
lfw_final,0.6888661308978727,0.0,0.42189239332096473
lfw_final,0.6887645053878507,0.0,0.42226345083487943
lfw_final,0.6887172820590997,0.0,0.42263450834879407
lfw_final,0.6887046563641258,0.0,0.4230055658627087
lfw_final,0.6886797827382571,0.0,0.42337662337662335
lfw_final,0.6884612560236012,0.0,0.42374768089053805
lfw_final,0.6883161714670066,0.0,0.4241187384044527
lfw_final,0.6877417855754255,0.0,0.42448979591836733
lfw_final,0.6875834329376698,0.0,0.424860853432282
lfw_final,0.6873613281121735,0.0,0.42523191094619667
lfw_final,0.6873006830899571,0.0,0.4256029684601113
lfw_final,0.6872959320423024,0.0,0.42597402597402595
lfw_final,0.6872361589225446,0.0,0.42634508348794065
lfw_final,0.6871499829996071,0.0,0.4267161410018553
lfw_final,0.6871063280136261,0.0,0.42708719851576993
lfw_final,0.6870775129680605,0.0,0.4274582560296846
lfw_final,0.6869202163909319,0.0,0.42782931354359927
lfw_final,0.6868987205177695,0.0,0.4282003710575139
lfw_final,0.6868386402436407,0.0,0.42857142857142855
lfw_final,0.6867445139413824,0.0,0.42894248608534324
lfw_final,0.6864127274927324,0.0,0.4293135435992579
lfw_final,0.6863655417357568,0.0,0.4296846011131725
lfw_final,0.6863258499629618,0.0,0.4300556586270872
lfw_final,0.6861949050819149,0.0,0.43042671614100186
lfw_final,0.6861010260802805,0.0,0.4307977736549165
lfw_final,0.6860031929599528,0.0,0.43116883116883115
lfw_final,0.6859658287102998,0.0,0.43153988868274584
lfw_final,0.6858919122078789,0.0,0.4319109461966605
lfw_final,0.6857695983222355,0.0,0.4322820037105751
lfw_final,0.6856511909170258,0.0,0.4326530612244898
lfw_final,0.6856479295217422,0.0,0.43302411873840446
lfw_final,0.6856457822659006,0.0,0.4333951762523191
lfw_final,0.6852858985027371,0.0,0.43376623376623374
lfw_final,0.6852132710909709,0.0,0.43413729128014844
lfw_final,0.6848223523787914,0.0,0.4345083487940631
lfw_final,0.6848109464268624,0.0,0.4348794063079777
lfw_final,0.6847344257964716,0.0,0.4352504638218924
lfw_final,0.6843355652246699,0.0,0.43562152133580706
lfw_final,0.6843261246160087,0.0,0.4359925788497217
lfw_final,0.6841282154190111,0.0,0.43636363636363634
lfw_final,0.6841141770785284,0.0,0.43673469387755104
lfw_final,0.6838944870460303,0.0,0.4371057513914657
lfw_final,0.6837890420780682,0.0,0.4374768089053803
lfw_final,0.6836898380739868,0.0,0.437847866419295
lfw_final,0.683659341320194,0.0,0.43821892393320966
lfw_final,0.6836457169602108,0.0,0.4385899814471243
lfw_final,0.6836307621552369,0.0,0.43896103896103894
lfw_final,0.6835995919191414,0.0,0.43933209647495364
lfw_final,0.6834147223767145,0.0,0.4397031539888683
lfw_final,0.6832440244725932,0.0,0.4400742115027829
lfw_final,0.6832299044093453,0.0,0.4404452690166976
lfw_final,0.6829815161805097,0.0,0.44081632653061226
lfw_final,0.6829756870451228,0.0,0.4411873840445269
lfw_final,0.6827302125985228,0.0,0.44155844155844154
lfw_final,0.6827198243520101,0.0,0.44192949907235624
lfw_final,0.6826510672322356,0.0,0.4423005565862709
lfw_final,0.682525776152956,0.0,0.4426716141001855
lfw_final,0.6824156989170311,0.0,0.44304267161410016
lfw_final,0.6823824555775343,0.0,0.44341372912801486
lfw_final,0.682349204384229,0.0,0.4437847866419295
lfw_final,0.6823071683614892,0.0,0.44415584415584414
lfw_final,0.6822414676260432,0.0,0.44452690166975883
lfw_final,0.6821121231496229,0.0,0.4448979591836735
lfw_final,0.682096537628414,0.0,0.4452690166975881
lfw_final,0.6820525547635247,0.0,0.44564007421150276
lfw_final,0.6818911970465021,0.0,0.44601113172541745
lfw_final,0.6818302383009932,0.0,0.4463821892393321
lfw_final,0.6817470632665333,0.0,0.44675324675324674
lfw_final,0.6816504190559514,0.0,0.44712430426716143
lfw_final,0.6812697154983146,0.0,0.4474953617810761
lfw_final,0.6811394396913589,0.0,0.4478664192949907
lfw_final,0.6810501321246385,0.0,0.44823747680890536
lfw_final,0.6809255182076395,0.0,0.44860853432282005
lfw_final,0.6808845859897019,0.0,0.4489795918367347
lfw_final,0.6808066367339205,0.0,0.44935064935064933
lfw_final,0.6806421665295863,0.0,0.44972170686456403
lfw_final,0.6804008425464647,0.0,0.45009276437847867
lfw_final,0.6803719113188623,0.0,0.4504638218923933
lfw_final,0.6803429735855563,0.0,0.45083487940630795
lfw_final,0.6802740719173097,0.0,0.45120593692022265
lfw_final,0.6802345546687556,0.0,0.4515769944341373
lfw_final,0.68020950825654,0.0,0.45194805194805193
lfw_final,0.6801610897153988,0.0,0.45231910946196663
lfw_final,0.6801604971932682,0.0,0.45269016697588127
lfw_final,0.6800939439218591,0.0,0.4530612244897959
lfw_final,0.6800553142241385,0.0,0.45343228200371055
lfw_final,0.6799235146543043,0.0,0.45380333951762525
lfw_final,0.679705195391164,0.0,0.4541743970315399
lfw_final,0.6796304726329331,0.0,0.45454545454545453
lfw_final,0.6795864626422831,0.0,0.4549165120593692
lfw_final,0.6795418407159807,0.0,0.45528756957328387
lfw_final,0.6790908788977714,0.0,0.4556586270871985
lfw_final,0.6790721037834552,0.0,0.45602968460111315
lfw_final,0.6789352166646596,0.0,0.45640074211502785
lfw_final,0.6786649700272576,0.0,0.4567717996289425
lfw_final,0.6786255917132492,0.0,0.45714285714285713
lfw_final,0.6785627308015766,0.0,0.4575139146567718
lfw_final,0.678284607188553,0.0,0.45788497217068647
lfw_final,0.6782715312208814,0.0,0.4582560296846011
lfw_final,0.6779180032870599,0.0,0.45862708719851575
lfw_final,0.6778995427511495,0.0,0.45899814471243044
lfw_final,0.6778256560400029,0.0,0.4593692022263451
lfw_final,0.6777855472881181,0.0,0.4597402597402597
lfw_final,0.6777326130480831,0.0,0.4601113172541744
lfw_final,0.6777282624642823,0.0,0.46048237476808906
lfw_final,0.677468295180177,0.0,0.4608534322820037
lfw_final,0.6774328461007347,0.0,0.46122448979591835
lfw_final,0.6771902417881847,0.0,0.46159554730983304
lfw_final,0.6771610791690044,0.0,0.4619666048237477
lfw_final,0.6770767677086421,0.0,0.4623376623376623
lfw_final,0.6770671086021129,0.0,0.462708719851577
lfw_final,0.677054303172471,0.0,0.46307977736549166
lfw_final,0.6770291747432374,0.0,0.4634508348794063
lfw_final,0.6768848272948192,0.0,0.46382189239332094
lfw_final,0.6767829909744053,0.0,0.46419294990723564
lfw_final,0.6767689536809411,0.0,0.4645640074211503
lfw_final,0.6766236893316202,0.0,0.4649350649350649
lfw_final,0.6765366074426234,0.0,0.46530612244897956
lfw_final,0.6764858198287875,0.0,0.46567717996289426
lfw_final,0.6764603833658879,0.0,0.4660482374768089
lfw_final,0.6763427358126173,0.0,0.46641929499072354
lfw_final,0.6763373352579733,0.0,0.46679035250463824
lfw_final,0.6762904782373237,0.0,0.4671614100185529
lfw_final,0.6762446671767638,0.0,0.4675324675324675
lfw_final,0.6761679911365726,0.0,0.46790352504638216
lfw_final,0.6760758826098974,0.0,0.46827458256029686
lfw_final,0.6759898250641283,0.0,0.4686456400742115
lfw_final,0.6758228082194363,0.0,0.46901669758812614
lfw_final,0.6757564166705563,0.0,0.46938775510204084
lfw_final,0.6754907547840436,0.0,0.4697588126159555
lfw_final,0.6754009700064367,0.0,0.4701298701298701
lfw_final,0.6753750491680758,0.0,0.47050092764378476
lfw_final,0.6753536926538796,0.0,0.47087198515769946
lfw_final,0.6753440751655851,0.0,0.4712430426716141
lfw_final,0.6752986725674933,0.0,0.47161410018552874
lfw_final,0.675198899660734,0.0,0.47198515769944344
lfw_final,0.6751957250684718,0.0,0.4723562152133581
lfw_final,0.6751350119446271,0.0,0.4727272727272727
lfw_final,0.6751237788641617,0.0,0.47309833024118736
lfw_final,0.6750095905093858,0.0,0.47346938775510206
lfw_final,0.6748934001423553,0.0,0.4738404452690167
lfw_final,0.674837283042766,0.0,0.47421150278293134
lfw_final,0.6747923278153416,0.0,0.47458256029684603
lfw_final,0.6747598070491438,0.0,0.4749536178107607
lfw_final,0.6747046730495906,0.0,0.4753246753246753
lfw_final,0.6745893237708265,0.0,0.47569573283858996
lfw_final,0.6744098957703466,0.0,0.47606679035250465
lfw_final,0.67393118099978,0.0,0.4764378478664193
lfw_final,0.6738604703139482,0.0,0.47680890538033394
lfw_final,0.6737568179558624,0.0,0.47717996289424863
lfw_final,0.6737082549970206,0.0,0.4775510204081633
lfw_final,0.6734590340757862,0.0,0.4779220779220779
lfw_final,0.6734381124400964,0.0,0.47829313543599256
lfw_final,0.6733879477186068,0.0,0.47866419294990725
lfw_final,0.6733758711628159,0.0,0.4790352504638219
lfw_final,0.6733365229687429,0.0,0.47940630797773653
lfw_final,0.6733089491233296,0.0,0.47977736549165123
lfw_final,0.6732989265687812,0.0,0.48014842300556587
lfw_final,0.673172170280352,0.0,0.4805194805194805
lfw_final,0.6731361088999243,0.0,0.48089053803339515
lfw_final,0.6731154260288446,0.0,0.48126159554730985
lfw_final,0.6728460494558145,0.0,0.4816326530612245
lfw_final,0.6727675395959635,0.0,0.48200371057513913
lfw_final,0.6726458743870313,0.0,0.48237476808905383
lfw_final,0.6726231941014482,0.0,0.48274582560296847
lfw_final,0.6724409693405295,0.0,0.4831168831168831
lfw_final,0.6723910766623618,0.0,0.48348794063079775
lfw_final,0.6722096948404295,0.0,0.48385899814471245
lfw_final,0.6721863595121186,0.0,0.4842300556586271
lfw_final,0.672072522359616,0.0,0.48460111317254173
lfw_final,0.671920756031951,0.0,0.4849721706864564
lfw_final,0.6718853387992854,0.0,0.48534322820037107
lfw_final,0.6714948626270278,0.0,0.4857142857142857
lfw_final,0.6707735157799584,0.0,0.48608534322820035
lfw_final,0.670503753387606,0.0,0.48645640074211505
lfw_final,0.670453842200336,0.0,0.4868274582560297
lfw_final,0.6700564363049439,0.0,0.48719851576994433
lfw_final,0.6700524428682865,0.0,0.487569573283859
lfw_final,0.6699027746216571,0.0,0.48794063079777367
lfw_final,0.6698071559896639,0.0,0.4883116883116883
lfw_final,0.6697048529116303,0.0,0.48868274582560295
lfw_final,0.6693497780991557,0.0,0.48905380333951765
lfw_final,0.6692918192483047,0.0,0.4894248608534323
lfw_final,0.6691918833033129,0.0,0.4897959183673469
lfw_final,0.6690376134156173,0.0,0.49016697588126157
lfw_final,0.6689474087597668,0.0,0.49053803339517627
lfw_final,0.6688851583516595,0.0,0.4909090909090909
lfw_final,0.668874894720362,0.0,0.49128014842300555
lfw_final,0.668805124452915,0.0,0.49165120593692024
lfw_final,0.6686823883043997,0.0,0.4920222634508349
lfw_final,0.6686735250451108,0.0,0.4923933209647495
lfw_final,0.6686497409725507,0.0,0.49276437847866417
lfw_final,0.6685723330006436,0.0,0.49313543599257886
lfw_final,0.6681577094779295,0.0,0.4935064935064935
lfw_final,0.6681261943156845,0.0,0.49387755102040815
lfw_final,0.668086313882925,0.0,0.49424860853432284
lfw_final,0.6680832543204777,0.0,0.4946196660482375
lfw_final,0.6680813868327526,0.0,0.4949907235621521
lfw_final,0.6679895454015479,0.0,0.49536178107606677
lfw_final,0.6679336964777195,0.0,0.49573283858998146
lfw_final,0.667914425196598,0.0,0.4961038961038961
lfw_final,0.6678727958183457,0.0,0.49647495361781074
lfw_final,0.6678461819786151,0.0,0.49684601113172544
lfw_final,0.6678232848580821,0.0,0.4972170686456401
lfw_final,0.667538329139129,0.0,0.4975881261595547
lfw_final,0.6674728867209392,0.0,0.49795918367346936
lfw_final,0.6673166837304721,0.0,0.49833024118738406
lfw_final,0.6672393834950952,0.0,0.4987012987012987
lfw_final,0.6672220855394979,0.0,0.49907235621521334
lfw_final,0.6671005007626016,0.0,0.49944341372912804
lfw_final,0.6668826307095582,0.0,0.4998144712430427
lfw_final,0.6668448206132446,0.0,0.5001855287569573
lfw_final,0.6668064507068497,0.0,0.500556586270872
lfw_final,0.6667847490010784,0.0,0.5009276437847866
lfw_final,0.6667338809276392,0.0,0.5012987012987012
lfw_final,0.6665955382256918,0.0,0.501669758812616
lfw_final,0.6665617748170184,0.0,0.5020408163265306
lfw_final,0.6665185185813121,0.0,0.5024118738404453
lfw_final,0.6665075778157675,0.0,0.5027829313543599
lfw_final,0.666470171091572,0.0,0.5031539888682746
lfw_final,0.6662194349305057,0.0,0.5035250463821892
lfw_final,0.6661870571450745,0.0,0.5038961038961038
lfw_final,0.6660516212838352,0.0,0.5042671614100186
lfw_final,0.6656888432023177,0.0,0.5046382189239332
lfw_final,0.6655860932329779,0.0,0.5050092764378479
lfw_final,0.6654157125491571,0.0,0.5053803339517625
lfw_final,0.6653174000337194,0.0,0.5057513914656772
lfw_final,0.6651853555315971,0.0,0.5061224489795918
lfw_final,0.6650712343338371,0.0,0.5064935064935064
lfw_final,0.664974914905995,0.0,0.5068645640074212
lfw_final,0.664881813957446,0.0,0.5072356215213358
lfw_final,0.6648689327965658,0.0,0.5076066790352505
lfw_final,0.6647668003838813,0.0,0.5079777365491651
lfw_final,0.6645941804148157,0.0,0.5083487940630798
lfw_final,0.6645110734944966,0.0,0.5087198515769944
lfw_final,0.6645014116392899,0.0,0.509090909090909
lfw_final,0.6644925350260013,0.0,0.5094619666048238
lfw_final,0.6644242093552519,0.0,0.5098330241187384
lfw_final,0.6643447020170917,0.0,0.5102040816326531
lfw_final,0.6641743916918115,0.0,0.5105751391465677
lfw_final,0.6640862804675711,0.0,0.5109461966604824
lfw_final,0.6640242536487231,0.0,0.511317254174397
lfw_final,0.6637091203274716,0.0,0.5116883116883116
lfw_final,0.6632913160541056,0.0,0.5120593692022264
lfw_final,0.6631716037964503,0.0,0.512430426716141
lfw_final,0.6630318618612017,0.0,0.5128014842300557
lfw_final,0.6629692936377775,0.0,0.5131725417439703
lfw_final,0.6629079160144234,0.0,0.513543599257885
lfw_final,0.6624519131260576,0.0,0.5139146567717996
lfw_final,0.6623217938183635,0.0,0.5142857142857142
lfw_final,0.6621582931207127,0.0,0.514656771799629
lfw_final,0.6618375515229743,0.0,0.5150278293135436
lfw_final,0.6614418628160537,0.0,0.5153988868274583
lfw_final,0.6613444095423308,0.0,0.5157699443413729
lfw_final,0.6613350639474642,0.0,0.5161410018552876
lfw_final,0.6611204542072264,0.0,0.5165120593692022
lfw_final,0.6611148881019275,0.0,0.5168831168831168
lfw_final,0.6607992204140531,0.0,0.5172541743970316
lfw_final,0.6607575048144684,0.0,0.5176252319109462
lfw_final,0.660696911432315,0.0,0.5179962894248609
lfw_final,0.6606679591974649,0.0,0.5183673469387755
lfw_final,0.6606509573892164,0.0,0.5187384044526901
lfw_final,0.6605560345444963,0.0,0.5191094619666048
lfw_final,0.6603698440506214,0.0,0.5194805194805194
lfw_final,0.6601254141123934,0.0,0.5198515769944342
lfw_final,0.6600411952114391,0.0,0.5202226345083488
lfw_final,0.6600392070593549,0.0,0.5205936920222635
lfw_final,0.6600317540254353,0.0,0.5209647495361781
lfw_final,0.6600171218439612,0.0,0.5213358070500927
lfw_final,0.6598867439489088,0.0,0.5217068645640074
lfw_final,0.6598479906502014,0.0,0.522077922077922
lfw_final,0.659669117152491,0.0,0.5224489795918368
lfw_final,0.6596605986004433,0.0,0.5228200371057514
lfw_final,0.6596030378149237,0.0,0.5231910946196661
lfw_final,0.6595397883196236,0.0,0.5235621521335807
lfw_final,0.6593996229323763,0.0,0.5239332096474953
lfw_final,0.6593950567610269,0.0,0.52430426716141
lfw_final,0.6592915122033843,0.0,0.5246753246753246
lfw_final,0.659178512391052,0.0,0.5250463821892394
lfw_final,0.6591724716109307,0.0,0.525417439703154
lfw_final,0.6589875285911734,0.0,0.5257884972170687
lfw_final,0.6589837531463459,0.0,0.5261595547309833
lfw_final,0.6589529583202669,0.0,0.5265306122448979
lfw_final,0.6587832648704454,0.0,0.5269016697588126
lfw_final,0.6587433712916233,0.0,0.5272727272727272
lfw_final,0.6586085210145747,0.0,0.527643784786642
lfw_final,0.6585578542413032,0.0,0.5280148423005566
lfw_final,0.6585549045592011,0.0,0.5283858998144713
lfw_final,0.6585032008082174,0.0,0.5287569573283859
lfw_final,0.6584317146481687,0.0,0.5291280148423005
lfw_final,0.6583966714691568,0.0,0.5294990723562152
lfw_final,0.6583211521113828,0.0,0.5298701298701298
lfw_final,0.6582950786903111,0.0,0.5302411873840446
lfw_final,0.6582032869135847,0.0,0.5306122448979592
lfw_final,0.6581760404992242,0.0,0.5309833024118739
lfw_final,0.6581675801522533,0.0,0.5313543599257885
lfw_final,0.6581435034943145,0.0,0.5317254174397031
lfw_final,0.6581068283701732,0.0,0.5320964749536178
lfw_final,0.6578246220807489,0.0,0.5324675324675324
lfw_final,0.6577047896174273,0.0,0.5328385899814472
lfw_final,0.6576960382193312,0.0,0.5332096474953618
lfw_final,0.6576370811711514,0.0,0.5335807050092765
lfw_final,0.6576196049479047,0.0,0.5339517625231911
lfw_final,0.657585347857325,0.0,0.5343228200371057
lfw_final,0.6573196262140107,0.0,0.5346938775510204
lfw_final,0.6572078034237173,0.0,0.535064935064935
lfw_final,0.6571982158482131,0.0,0.5354359925788498
lfw_final,0.6570466311427683,0.0,0.5358070500927644
lfw_final,0.6570405166934434,0.0,0.536178107606679
lfw_final,0.6567651702584713,0.0,0.5365491651205937
lfw_final,0.6566904853112023,0.0,0.5369202226345083
lfw_final,0.6566045587795144,0.0,0.537291280148423
lfw_final,0.6564645569329375,0.0,0.5376623376623376
lfw_final,0.6563775776984715,0.0,0.5380333951762524
lfw_final,0.6562680475676806,0.0,0.538404452690167
lfw_final,0.6562500745657809,0.0,0.5387755102040817
lfw_final,0.6562154991885987,0.0,0.5391465677179963
lfw_final,0.6561403431764665,0.0,0.5395176252319109
lfw_final,0.6561194818561706,0.0,0.5398886827458256
lfw_final,0.6561091298228433,0.0,0.5402597402597402
lfw_final,0.6560998590591808,0.0,0.540630797773655
lfw_final,0.6559737346260572,0.0,0.5410018552875696
lfw_final,0.6558194677034621,0.0,0.5413729128014843
lfw_final,0.655783625268446,0.0,0.5417439703153989
lfw_final,0.6555472357216959,0.0,0.5421150278293135
lfw_final,0.655255709160691,0.0,0.5424860853432282
lfw_final,0.6552491526061789,0.0,0.5428571428571428
lfw_final,0.6551130958884177,0.0,0.5432282003710576
lfw_final,0.6549958973136704,0.0,0.5435992578849722
lfw_final,0.6549051708885658,0.0,0.5439703153988869
lfw_final,0.6547841049620217,0.0,0.5443413729128015
lfw_final,0.6542083491276622,0.0,0.5447124304267161
lfw_final,0.6541007890125041,0.0,0.5450834879406308
lfw_final,0.6539781224839041,0.0,0.5454545454545454
lfw_final,0.6536966535944012,0.0,0.5458256029684602
lfw_final,0.6535961397565747,0.0,0.5461966604823748
lfw_final,0.6531673734916882,0.0,0.5465677179962894
lfw_final,0.6531478715011361,0.0,0.5469387755102041
lfw_final,0.6530251568275466,0.0,0.5473098330241187
lfw_final,0.6529283506626402,0.0,0.5476808905380334
lfw_final,0.6529019385505894,0.0,0.548051948051948
lfw_final,0.6528779034195757,0.0,0.5484230055658627
lfw_final,0.6528147919205084,0.0,0.5487940630797774
lfw_final,0.6527919177766177,0.0,0.549165120593692
lfw_final,0.6525227341273311,0.0,0.5495361781076067
lfw_final,0.6525020346643983,0.0,0.5499072356215213
lfw_final,0.6524954679389936,0.0,0.550278293135436
lfw_final,0.6524493231827226,0.0,0.5506493506493506
lfw_final,0.6524222182011203,0.0,0.5510204081632653
lfw_final,0.6520960020655597,0.0,0.55139146567718
lfw_final,0.652060580074535,0.0,0.5517625231910946
lfw_final,0.6519782610658938,0.0,0.5521335807050093
lfw_final,0.6519605579661074,0.0,0.5525046382189239
lfw_final,0.6518877604379492,0.0,0.5528756957328386
lfw_final,0.6518665338191473,0.0,0.5532467532467532
lfw_final,0.6516735324499769,0.0,0.5536178107606679
lfw_final,0.6515313672297925,0.0,0.5539888682745826
lfw_final,0.6514060375447023,0.0,0.5543599257884972
lfw_final,0.6513961625763012,0.0,0.5547309833024119
lfw_final,0.6513466087633747,0.0,0.5551020408163265
lfw_final,0.6512338622640839,0.0,0.5554730983302412
lfw_final,0.6512167703967638,0.0,0.5558441558441558
lfw_final,0.6510849796851591,0.0,0.5562152133580704
lfw_final,0.6509155677356411,0.0,0.5565862708719852
lfw_final,0.6509025003359201,0.0,0.5569573283858998
lfw_final,0.6507814511535277,0.0,0.5573283858998145
lfw_final,0.6507058893256898,0.0,0.5576994434137291
lfw_final,0.650705251567052,0.0,0.5580705009276438
lfw_final,0.6505189504459942,0.0,0.5584415584415584
lfw_final,0.6505115233165649,0.0,0.558812615955473
lfw_final,0.6502066059487033,0.0,0.5591836734693878
lfw_final,0.6501523778892769,0.0,0.5595547309833024
lfw_final,0.6499286967485499,0.0,0.5599257884972171
lfw_final,0.6496107684335989,0.0,0.5602968460111317
lfw_final,0.6495832515516298,0.0,0.5606679035250464
lfw_final,0.6494075835088003,0.0,0.561038961038961
lfw_final,0.6492207150277877,0.0,0.5614100185528756
lfw_final,0.6488793875759516,0.0,0.5617810760667904
lfw_final,0.6484287126456134,0.0,0.562152133580705
lfw_final,0.6483871404151206,0.0,0.5625231910946197
lfw_final,0.64821337966269,0.0,0.5628942486085343
lfw_final,0.648138618777222,0.0,0.563265306122449
lfw_final,0.6480864886572325,0.0,0.5636363636363636
lfw_final,0.6480754670954889,0.0,0.5640074211502782
lfw_final,0.6479743576634936,0.0,0.564378478664193
lfw_final,0.6479667192065267,0.0,0.5647495361781076
lfw_final,0.6479148126810994,0.0,0.5651205936920223
lfw_final,0.6478287904586445,0.0,0.5654916512059369
lfw_final,0.6477542518704988,0.0,0.5658627087198516
lfw_final,0.6471697495980268,0.0,0.5662337662337662
lfw_final,0.6471491426671635,0.0,0.5666048237476808
lfw_final,0.6471058870396478,0.0,0.5669758812615956
lfw_final,0.6470400033326786,0.0,0.5673469387755102
lfw_final,0.6470134237587053,0.0,0.5677179962894249
lfw_final,0.6469893891840618,0.0,0.5680890538033395
lfw_final,0.6468513926310293,0.0,0.5684601113172542
lfw_final,0.646807507402489,0.0,0.5688311688311688
lfw_final,0.6467126755666591,0.0,0.5692022263450834
lfw_final,0.6466126975738608,0.0,0.5695732838589982
lfw_final,0.6466097198664761,0.0,0.5699443413729128
lfw_final,0.6465474816500593,0.0,0.5703153988868275
lfw_final,0.6464398326347996,0.0,0.5706864564007421
lfw_final,0.6463954302180749,0.0,0.5710575139146568
lfw_final,0.6462700791271851,0.0,0.5714285714285714
lfw_final,0.6462394100576502,0.0,0.571799628942486
lfw_final,0.6460034565377016,0.0,0.5721706864564008
lfw_final,0.6459256423267185,0.0,0.5725417439703154
lfw_final,0.6454705692246799,0.0,0.5729128014842301
lfw_final,0.6454262369773646,0.0,0.5732838589981447
lfw_final,0.645351187003009,0.0,0.5736549165120594
lfw_final,0.6453463455866223,0.0,0.574025974025974
lfw_final,0.6452487386560118,0.0,0.5743970315398886
lfw_final,0.6451472401920391,0.0,0.5747680890538034
lfw_final,0.6450732295874559,0.0,0.575139146567718
lfw_final,0.6450643588435185,0.0,0.5755102040816327
lfw_final,0.6449599716282101,0.0,0.5758812615955473
lfw_final,0.6449471315556325,0.0,0.576252319109462
lfw_final,0.6449016495322623,0.0,0.5766233766233766
lfw_final,0.6448302162590358,0.0,0.5769944341372912
lfw_final,0.6448183779991066,0.0,0.577365491651206
lfw_final,0.6446307734398644,0.0,0.5777365491651206
lfw_final,0.6444434176588302,0.0,0.5781076066790353
lfw_final,0.644436946876258,0.0,0.5784786641929499
lfw_final,0.644379633720929,0.0,0.5788497217068646
lfw_final,0.644344344589255,0.0,0.5792207792207792
lfw_final,0.6443382034161877,0.0,0.5795918367346938
lfw_final,0.6441803915752303,0.0,0.5799628942486086
lfw_final,0.6441371307088595,0.0,0.5803339517625232
lfw_final,0.6440461161340536,0.0,0.5807050092764379
lfw_final,0.6440144911451965,0.0,0.5810760667903525
lfw_final,0.6439738881879916,0.0,0.5814471243042671
lfw_final,0.6438732774429905,0.0,0.5818181818181818
lfw_final,0.6434210977974673,0.0,0.5821892393320964
lfw_final,0.643368898353031,0.0,0.5825602968460112
lfw_final,0.6432455594840232,0.0,0.5829313543599258
lfw_final,0.6431795810076721,0.0,0.5833024118738405
lfw_final,0.643119347901481,0.0,0.5836734693877551
lfw_final,0.6431131640041241,0.0,0.5840445269016697
lfw_final,0.6430966979982478,0.0,0.5844155844155844
lfw_final,0.6427391825238289,0.0,0.584786641929499
lfw_final,0.6427041783176035,0.0,0.5851576994434138
lfw_final,0.6426998938550156,0.0,0.5855287569573284
lfw_final,0.6426193235824844,0.0,0.5858998144712431
lfw_final,0.6425866015493591,0.0,0.5862708719851577
lfw_final,0.6425259044803663,0.0,0.5866419294990723
lfw_final,0.642375401447954,0.0,0.587012987012987
lfw_final,0.6423526742242048,0.0,0.5873840445269016
lfw_final,0.6423109926297861,0.0,0.5877551020408164
lfw_final,0.6419211097018463,0.0,0.588126159554731
lfw_final,0.6418823719384003,0.0,0.5884972170686457
lfw_final,0.6418478991338976,0.0,0.5888682745825603
lfw_final,0.6418334209697698,0.0,0.5892393320964749
lfw_final,0.6417087284504901,0.0,0.5896103896103896
lfw_final,0.6416173760910395,0.0,0.5899814471243042
lfw_final,0.6414226971166312,0.0,0.590352504638219
lfw_final,0.6411091522617347,0.0,0.5907235621521336
lfw_final,0.641022716639154,0.0,0.5910946196660483
lfw_final,0.6407563221854646,0.0,0.5914656771799629
lfw_final,0.6406627373072276,0.0,0.5918367346938775
lfw_final,0.6405606361609332,0.0,0.5922077922077922
lfw_final,0.6405408414011861,0.0,0.5925788497217068
lfw_final,0.6404717683528601,0.0,0.5929499072356216
lfw_final,0.6402827035939851,0.0,0.5933209647495362
lfw_final,0.6402186073537803,0.0,0.5936920222634509
lfw_final,0.640210085173011,0.0,0.5940630797773655
lfw_final,0.6401351733472028,0.0,0.5944341372912801
lfw_final,0.6400525449786548,0.0,0.5948051948051948
lfw_final,0.6399784774685174,0.0,0.5951762523191094
lfw_final,0.639955519531796,0.0,0.5955473098330241
lfw_final,0.6393569519460279,0.0,0.5959183673469388
lfw_final,0.6391829709499999,0.0,0.5962894248608535
lfw_final,0.6391301198274033,0.0,0.5966604823747681
lfw_final,0.6388234121669824,0.0,0.5970315398886827
lfw_final,0.6387907277223402,0.0,0.5974025974025974
lfw_final,0.6386193565734704,0.0,0.597773654916512
lfw_final,0.6385578628559774,0.0,0.5981447124304267
lfw_final,0.6381636178522715,0.0,0.5985157699443414
lfw_final,0.6381256539452443,0.0,0.598886827458256
lfw_final,0.6377997555680783,0.0,0.5992578849721707
lfw_final,0.6376542232191548,0.0,0.5996289424860853
lfw_final,0.6376199796715831,0.0,0.6
lfw_final,0.6372665336843366,0.0,0.6003710575139146
lfw_final,0.6371841609225296,0.0,0.6007421150278293
lfw_final,0.6371784890612363,0.0,0.601113172541744
lfw_final,0.6371489595088752,0.0,0.6014842300556587
lfw_final,0.6371440089786965,0.0,0.6018552875695733
lfw_final,0.637043297330806,0.0,0.6022263450834879
lfw_final,0.6368728938118217,0.0,0.6025974025974026
lfw_final,0.6368555779226833,0.0,0.6029684601113172
lfw_final,0.6368458899078222,0.0,0.6033395176252319
lfw_final,0.6366453497691891,0.0,0.6037105751391466
lfw_final,0.6364775451257519,0.0,0.6040816326530613
lfw_final,0.6364625079230651,0.0,0.6044526901669759
lfw_final,0.6361596923140069,0.0,0.6048237476808905
lfw_final,0.6360111938881841,0.0,0.6051948051948052
lfw_final,0.6358352202607519,0.0,0.6055658627087198
lfw_final,0.6358089221544816,0.0,0.6059369202226345
lfw_final,0.6357702436373801,0.0,0.6063079777365492
lfw_final,0.6356801586772535,0.0,0.6066790352504638
lfw_final,0.6355347845809145,0.0,0.6070500927643785
lfw_final,0.6354129051458546,0.0,0.6074211502782931
lfw_final,0.6353572222652895,0.0,0.6077922077922078
lfw_final,0.6352607423112688,0.0,0.6081632653061224
lfw_final,0.6352607367917946,0.0,0.608534322820037
lfw_final,0.6352223647325139,0.0,0.6089053803339518
lfw_final,0.6352120786820307,0.0,0.6092764378478664
lfw_final,0.6350866771322828,0.0,0.6096474953617811
lfw_final,0.634955387179642,0.0,0.6100185528756957
lfw_final,0.6347696362894191,0.0,0.6103896103896104
lfw_final,0.6347343899113123,0.0,0.610760667903525
lfw_final,0.6343796191171229,0.0,0.6111317254174397
lfw_final,0.6342624279312523,0.0,0.6115027829313544
lfw_final,0.6342448442480457,0.0,0.611873840445269
lfw_final,0.6340848903843281,0.0,0.6122448979591837
lfw_final,0.6339634921695315,0.0,0.6126159554730983
lfw_final,0.6338596546033944,0.0,0.612987012987013
lfw_final,0.6338177154212249,0.0,0.6133580705009276
lfw_final,0.633774258211447,0.0,0.6137291280148423
lfw_final,0.6336570632196517,0.0,0.614100185528757
lfw_final,0.6336387521843889,0.0,0.6144712430426716
lfw_final,0.6334733909258952,0.0,0.6148423005565863
lfw_final,0.6334249803702693,0.0,0.6152133580705009
lfw_final,0.6331342482690232,0.0,0.6155844155844156
lfw_final,0.6330404421456135,0.0,0.6159554730983302
lfw_final,0.6330009253304971,0.0,0.6163265306122448
lfw_final,0.6328331972407433,0.0,0.6166975881261596
lfw_final,0.6326546879942893,0.0,0.6170686456400742
lfw_final,0.6326450163346136,0.0,0.6174397031539889
lfw_final,0.6326039933223673,0.0,0.6178107606679035
lfw_final,0.6325689932449455,0.0,0.6181818181818182
lfw_final,0.6325328485079266,0.0,0.6185528756957328
lfw_final,0.6324350012057774,0.0,0.6189239332096474
lfw_final,0.6322888225720714,0.0,0.6192949907235622
lfw_final,0.6321840934856436,0.0,0.6196660482374768
lfw_final,0.6321387459110565,0.0,0.6200371057513915
lfw_final,0.6320382636163016,0.0,0.6204081632653061
lfw_final,0.6319964012940567,0.0,0.6207792207792208
lfw_final,0.631877502051535,0.0,0.6211502782931354
lfw_final,0.6317603522450168,0.0,0.62152133580705
lfw_final,0.63167581822589,0.0,0.6218923933209648
lfw_final,0.6316122859487965,0.0,0.6222634508348794
lfw_final,0.6315453518471991,0.0,0.6226345083487941
lfw_final,0.6314897646571598,0.0,0.6230055658627087
lfw_final,0.6313211018484904,0.0,0.6233766233766234
lfw_final,0.6309974803024705,0.0,0.623747680890538
lfw_final,0.6309363560320767,0.0,0.6241187384044526
lfw_final,0.6308972220603446,0.0,0.6244897959183674
lfw_final,0.6308511147992378,0.0,0.624860853432282
lfw_final,0.6307985351120985,0.0,0.6252319109461967
lfw_final,0.6307220006184667,0.0,0.6256029684601113
lfw_final,0.6305600836946554,0.0,0.625974025974026
lfw_final,0.630545483788658,0.0,0.6263450834879406
lfw_final,0.6305095356507793,0.0,0.6267161410018552
lfw_final,0.6304055275488307,0.0,0.62708719851577
lfw_final,0.6302961864507008,0.0,0.6274582560296846
lfw_final,0.6302292577092677,0.0,0.6278293135435993
lfw_final,0.6301181000447325,0.0,0.6282003710575139
lfw_final,0.6300510489661534,0.0,0.6285714285714286
lfw_final,0.6300072130567577,0.0,0.6289424860853432
lfw_final,0.6299073732159427,0.0,0.6293135435992578
lfw_final,0.6298520498474427,0.0,0.6296846011131726
lfw_final,0.6296186250316194,0.0,0.6300556586270872
lfw_final,0.629616628793492,0.0,0.6304267161410019
lfw_final,0.6295388964896471,0.0,0.6307977736549165
lfw_final,0.6295292167731236,0.0,0.6311688311688312
lfw_final,0.6293965899949018,0.0,0.6315398886827458
lfw_final,0.6293865760740928,0.0,0.6319109461966604
lfw_final,0.6293442461028943,0.0,0.6322820037105752
lfw_final,0.6293368023352676,0.0,0.6326530612244898
lfw_final,0.6292731691336884,0.0,0.6330241187384045
lfw_final,0.6292366476456189,0.0,0.6333951762523191
lfw_final,0.6292095766129754,0.0,0.6337662337662338
lfw_final,0.6291363505688163,0.0,0.6341372912801484
lfw_final,0.6291261839185207,0.0,0.634508348794063
lfw_final,0.6291043128980123,0.0,0.6348794063079778
lfw_final,0.6290440426280437,0.0,0.6352504638218924
lfw_final,0.6289309718061363,0.0,0.6356215213358071
lfw_final,0.6289166738961478,0.0,0.6359925788497217
lfw_final,0.6287842706857167,0.0,0.6363636363636364
lfw_final,0.6287729791981383,0.0,0.636734693877551
lfw_final,0.6284146955331705,0.0,0.6371057513914656
lfw_final,0.6283599569508624,0.0,0.6374768089053804
lfw_final,0.6281085289325776,0.0,0.637847866419295
lfw_final,0.6280455214187654,0.0,0.6382189239332097
lfw_final,0.6280119791651921,0.0,0.6385899814471243
lfw_final,0.6278346877156463,0.0,0.638961038961039
lfw_final,0.6277574909597298,0.0,0.6393320964749536
lfw_final,0.627744735341065,0.0,0.6397031539888682
lfw_final,0.6276318428116682,0.0,0.640074211502783
lfw_final,0.6274840831565311,0.0,0.6404452690166976
lfw_final,0.6268293323461465,0.0,0.6408163265306123
lfw_final,0.6267422451682104,0.0,0.6411873840445269
lfw_final,0.6267221661548658,0.0,0.6415584415584416
lfw_final,0.6267038297937764,0.0,0.6419294990723562
lfw_final,0.6266068193819754,0.0,0.6423005565862708
lfw_final,0.6265497519671265,0.0,0.6426716141001856
lfw_final,0.6263539159050026,0.0,0.6430426716141002
lfw_final,0.6263468458753648,0.0,0.6434137291280149
lfw_final,0.6262808160401595,0.0,0.6437847866419295
lfw_final,0.6261009532019616,0.0,0.6441558441558441
lfw_final,0.6259901975582882,0.0,0.6445269016697588
lfw_final,0.6257682123573859,0.0,0.6448979591836734
lfw_final,0.6256127114591395,0.0,0.6452690166975881
lfw_final,0.6252248551983116,0.0,0.6456400742115028
lfw_final,0.6251422001427748,0.0,0.6460111317254175
lfw_final,0.6251153582193412,0.0,0.6463821892393321
lfw_final,0.6251006583906878,0.0,0.6467532467532467
lfw_final,0.6250998820581367,0.0,0.6471243042671614
lfw_final,0.6250977323690619,0.0,0.647495361781076
lfw_final,0.6250725329501974,0.0,0.6478664192949907
lfw_final,0.6248421154747165,0.0,0.6482374768089054
lfw_final,0.6248327878343292,0.0,0.6486085343228201
lfw_final,0.6243994364478117,0.0,0.6489795918367347
lfw_final,0.6241204167215859,0.0,0.6493506493506493
lfw_final,0.6241092072829407,0.0,0.649721706864564
lfw_final,0.624097104328367,0.0,0.6500927643784786
lfw_final,0.6239866594318344,0.0,0.6504638218923933
lfw_final,0.6235794181629801,0.0,0.650834879406308
lfw_final,0.6234536712876128,0.0,0.6512059369202227
lfw_final,0.6234403702099345,0.0,0.6515769944341373
lfw_final,0.6232917437667045,0.0,0.6519480519480519
lfw_final,0.6231557428822199,0.0,0.6523191094619666
lfw_final,0.623121647938612,0.0,0.6526901669758812
lfw_final,0.6230285025233323,0.0,0.6530612244897959
lfw_final,0.6229917391198877,0.0,0.6534322820037106
lfw_final,0.6228500228741846,0.0,0.6538033395176253
lfw_final,0.6226016626856097,0.0,0.6541743970315399
lfw_final,0.622518557999727,0.0,0.6545454545454545
lfw_final,0.6224051585512709,0.0,0.6549165120593692
lfw_final,0.6223935272327928,0.0,0.6552875695732838
lfw_final,0.6221968038276857,0.0,0.6556586270871985
lfw_final,0.622008070800339,0.0,0.6560296846011132
lfw_final,0.6219162267269966,0.0,0.6564007421150279
lfw_final,0.6218125262192705,0.0,0.6567717996289425
lfw_final,0.621706013657021,0.0,0.6571428571428571
lfw_final,0.6216880367407384,0.0,0.6575139146567718
lfw_final,0.621623528748179,0.0,0.6578849721706864
lfw_final,0.6215044610893161,0.0,0.6582560296846011
lfw_final,0.6212860045220758,0.0,0.6586270871985158
lfw_final,0.6210972096714159,0.0,0.6589981447124305
lfw_final,0.6210651715199865,0.0,0.6593692022263451
lfw_final,0.6209944151309408,0.0,0.6597402597402597
lfw_final,0.6206438756836563,0.0,0.6601113172541744
lfw_final,0.6206194690776845,0.0,0.660482374768089
lfw_final,0.6205310139546188,0.0,0.6608534322820037
lfw_final,0.6204730330515058,0.0,0.6612244897959184
lfw_final,0.6204626830867235,0.0,0.661595547309833
lfw_final,0.620439012112709,0.0,0.6619666048237477
lfw_final,0.6201762876940076,0.0,0.6623376623376623
lfw_final,0.6201240580339398,0.0,0.662708719851577
lfw_final,0.6198864748367825,0.0,0.6630797773654916
lfw_final,0.6197527697320862,0.0,0.6634508348794063
lfw_final,0.6197193521859268,0.0,0.663821892393321
lfw_final,0.6195285875387004,0.0,0.6641929499072357
lfw_final,0.6193504148132323,0.0,0.6645640074211503
lfw_final,0.619343220014588,0.0,0.6649350649350649
lfw_final,0.6192168929619377,0.0,0.6653061224489796
lfw_final,0.6190011649814317,0.0,0.6656771799628942
lfw_final,0.6189341678252214,0.0,0.6660482374768089
lfw_final,0.6188804348619965,0.0,0.6664192949907236
lfw_final,0.6186870474998672,0.0,0.6667903525046383
lfw_final,0.6181520590388163,0.0,0.6671614100185529
lfw_final,0.6181495048436153,0.0,0.6675324675324675
lfw_final,0.6181318164723669,0.0,0.6679035250463822
lfw_final,0.6180783309847759,0.0,0.6682745825602968
lfw_final,0.6180434449633707,0.0,0.6686456400742115
lfw_final,0.6179831938246247,0.0,0.6690166975881262
lfw_final,0.6175785307323857,0.0,0.6693877551020408
lfw_final,0.6174171786262718,0.0,0.6697588126159555
lfw_final,0.6172764092821569,0.0,0.6701298701298701
lfw_final,0.6171214471711866,0.0,0.6705009276437848
lfw_final,0.6170965929561332,0.0,0.6708719851576994
lfw_final,0.6166962318725914,0.0,0.671243042671614
lfw_final,0.6165841074812634,0.0,0.6716141001855288
lfw_final,0.6165469182857424,0.0,0.6719851576994434
lfw_final,0.6165211195527209,0.0,0.6723562152133581
lfw_final,0.6163765994802759,0.0,0.6727272727272727
lfw_final,0.6162792475027664,0.0,0.6730983302411874
lfw_final,0.6160460918543169,0.0,0.673469387755102
lfw_final,0.6160459761646463,0.0,0.6738404452690167
lfw_final,0.6160150252054523,0.0,0.6742115027829314
lfw_final,0.615958155599582,0.0,0.674582560296846
lfw_final,0.615892976599927,0.0,0.6749536178107607
lfw_final,0.6157868237736916,0.0,0.6753246753246753
lfw_final,0.6157311931891727,0.0,0.67569573283859
lfw_final,0.6157276837181167,0.0,0.6760667903525046
lfw_final,0.6156601467875319,0.0,0.6764378478664193
lfw_final,0.6155397161081864,0.0,0.676808905380334
lfw_final,0.6154193776209903,0.0,0.6771799628942486
lfw_final,0.6153315483278342,0.0,0.6775510204081633
lfw_final,0.6151403492024918,0.0,0.6779220779220779
lfw_final,0.6150749304628849,0.0,0.6782931354359926
lfw_final,0.6150684807325174,0.0,0.6786641929499072
lfw_final,0.6149439457374374,0.0,0.6790352504638218
lfw_final,0.6146918415196801,0.0,0.6794063079777366
lfw_final,0.6145182645868414,0.0,0.6797773654916512
lfw_final,0.6144433456288261,0.0,0.6801484230055659
lfw_final,0.6142597120766607,0.0,0.6805194805194805
lfw_final,0.614254215908148,0.0,0.6808905380333952
lfw_final,0.6140306850930137,0.0,0.6812615955473098
lfw_final,0.6138193725614133,0.0,0.6816326530612244
lfw_final,0.6137799169065791,0.0,0.6820037105751392
lfw_final,0.6137704567155899,0.0,0.6823747680890538
lfw_final,0.6137532403189119,0.0,0.6827458256029685
lfw_final,0.6135284220807917,0.0,0.6831168831168831
lfw_final,0.6133381316705119,0.0,0.6834879406307978
lfw_final,0.6133118382575758,0.0,0.6838589981447124
lfw_final,0.6132668677647735,0.0,0.684230055658627
lfw_final,0.6129228975438968,0.0,0.6846011131725418
lfw_final,0.6128417797981629,0.0,0.6849721706864564
lfw_final,0.612664470870431,0.0,0.6853432282003711
lfw_final,0.6125426668081364,0.0,0.6857142857142857
lfw_final,0.612516620031529,0.0,0.6860853432282004
lfw_final,0.6124675917192803,0.0,0.686456400742115
lfw_final,0.6122680612546059,0.0,0.6868274582560296
lfw_final,0.612247448063475,0.0,0.6871985157699444
lfw_final,0.6121610368971725,0.0,0.687569573283859
lfw_final,0.6119412478983184,0.0,0.6879406307977737
lfw_final,0.6117030546531773,0.0,0.6883116883116883
lfw_final,0.6116315675241552,0.0,0.688682745825603
lfw_final,0.6116200068100296,0.0,0.6890538033395176
lfw_final,0.6115493100557117,0.0,0.6894248608534322
lfw_final,0.6115443538338423,0.0,0.689795918367347
lfw_final,0.611368075347431,0.0,0.6901669758812616
lfw_final,0.6111526744343031,0.0,0.6905380333951763
lfw_final,0.611060711118505,0.0,0.6909090909090909
lfw_final,0.610952456238962,0.0,0.6912801484230056
lfw_final,0.6108898301521752,0.0,0.6916512059369202
lfw_final,0.6105927721631477,0.0,0.6920222634508348
lfw_final,0.6104592351786821,0.0,0.6923933209647495
lfw_final,0.6103938373468846,0.0,0.6927643784786642
lfw_final,0.6103744876122648,0.0,0.6931354359925789
lfw_final,0.6102643788206698,0.0,0.6935064935064935
lfw_final,0.6102315531260012,0.0,0.6938775510204082
lfw_final,0.6101766606471666,0.0,0.6942486085343228
lfw_final,0.6100627343804387,0.0,0.6946196660482374
lfw_final,0.6100572063256777,0.0,0.6949907235621521
lfw_final,0.6100404195831068,0.0,0.6953617810760668
lfw_final,0.6100389423638037,0.0,0.6957328385899815
lfw_final,0.6099971326365339,0.0,0.6961038961038961
lfw_final,0.6099517556618921,0.0,0.6964749536178108
lfw_final,0.6099163976730111,0.0,0.6968460111317254
lfw_final,0.6097937678184447,0.0,0.69721706864564
lfw_final,0.609617687789516,0.0,0.6975881261595547
lfw_final,0.6095156717540089,0.0,0.6979591836734694
lfw_final,0.6093831402282269,0.0,0.6983302411873841
lfw_final,0.6093794433419003,0.0,0.6987012987012987
lfw_final,0.609376946655885,0.0,0.6990723562152134
lfw_final,0.6093516649893138,0.0,0.699443413729128
lfw_final,0.6092114487575815,0.0,0.6998144712430426
lfw_final,0.6091643755791233,0.0,0.7001855287569573
lfw_final,0.6089908565341569,0.0,0.700556586270872
lfw_final,0.6089382033945978,0.0,0.7009276437847867
lfw_final,0.6088893386406532,0.0,0.7012987012987013
lfw_final,0.6088871956946166,0.0,0.701669758812616
lfw_final,0.6086156321742439,0.0,0.7020408163265306
lfw_final,0.6085765848273671,0.0,0.7024118738404452
lfw_final,0.6085202879393418,0.0,0.7027829313543599
lfw_final,0.6084674536812396,0.0,0.7031539888682746
lfw_final,0.6084419670092202,0.0,0.7035250463821893
lfw_final,0.6084152861341915,0.0,0.7038961038961039
lfw_final,0.6083642900617479,0.0,0.7042671614100185
lfw_final,0.6083224403496434,0.0,0.7046382189239332
lfw_final,0.6083040599099321,0.0,0.7050092764378478
lfw_final,0.6082827147501678,0.0,0.7053803339517625
lfw_final,0.608280415245517,0.0,0.7057513914656772
lfw_final,0.6082024594294339,0.0,0.7061224489795919
lfw_final,0.6080578922235446,0.0,0.7064935064935065
lfw_final,0.6080334296479263,0.0,0.7068645640074211
lfw_final,0.6078847592420139,0.0,0.7072356215213358
lfw_final,0.6077656452121087,0.0,0.7076066790352504
lfw_final,0.6077365155304769,0.0,0.7079777365491651
lfw_final,0.6077128099058502,0.0,0.7083487940630798
lfw_final,0.6076255461125428,0.0,0.7087198515769945
lfw_final,0.607570994999112,0.0,0.7090909090909091
lfw_final,0.6075135154611846,0.0,0.7094619666048237
lfw_final,0.6075019820711758,0.0,0.7098330241187384
lfw_final,0.607447447480596,0.0,0.710204081632653
lfw_final,0.607265044485506,0.0,0.7105751391465677
lfw_final,0.6071272932990744,0.0,0.7109461966604824
lfw_final,0.6070772677757484,0.0,0.7113172541743971
lfw_final,0.6069138050229415,0.0,0.7116883116883117
lfw_final,0.6067527320059505,0.0,0.7120593692022263
lfw_final,0.6066253173653164,0.0,0.712430426716141
lfw_final,0.6065275985297546,0.0,0.7128014842300556
lfw_final,0.6065228356855967,0.0,0.7131725417439703
lfw_final,0.6064888699964848,0.0,0.713543599257885
lfw_final,0.6063292579814739,0.0,0.7139146567717997
lfw_final,0.6062395063979096,0.0,0.7142857142857143
lfw_final,0.6061476183419007,0.0,0.7146567717996289
lfw_final,0.606065863877959,0.0,0.7150278293135436
lfw_final,0.6060152545917532,0.0,0.7153988868274582
lfw_final,0.6056003517128092,0.0,0.7157699443413729
lfw_final,0.6055788522600863,0.0,0.7161410018552876
lfw_final,0.6055630489615492,0.0,0.7165120593692023
lfw_final,0.6055259087659038,0.0,0.7168831168831169
lfw_final,0.6054147220605255,0.0,0.7172541743970315
lfw_final,0.6052361383909088,0.0,0.7176252319109462
lfw_final,0.6052073161160905,0.0,0.7179962894248608
lfw_final,0.6052044149603842,0.0,0.7183673469387755
lfw_final,0.6050588881995591,0.0,0.7187384044526902
lfw_final,0.605031118288215,0.0,0.7191094619666049
lfw_final,0.6049931904869466,0.0,0.7194805194805195
lfw_final,0.6049163218462109,0.0,0.7198515769944341
lfw_final,0.6046016982363273,0.0,0.7202226345083488
lfw_final,0.604561877804032,0.0,0.7205936920222634
lfw_final,0.6045522941529766,0.0,0.7209647495361781
lfw_final,0.6044575534024303,0.0,0.7213358070500928
lfw_final,0.6042917698622792,0.0,0.7217068645640075
lfw_final,0.6042442632657244,0.0,0.7220779220779221
lfw_final,0.604174980302476,0.0,0.7224489795918367
lfw_final,0.6041133386941352,0.0,0.7228200371057514
lfw_final,0.6035660072196358,0.0,0.723191094619666
lfw_final,0.6035351739099877,0.0,0.7235621521335807
lfw_final,0.6034460788920172,0.0,0.7239332096474954
lfw_final,0.6033902420397387,0.0,0.72430426716141
lfw_final,0.6033763423659797,0.0,0.7246753246753247
lfw_final,0.603313538526306,0.0,0.7250463821892393
lfw_final,0.603188611336247,0.0,0.725417439703154
lfw_final,0.6031568539215725,0.0,0.7257884972170686
lfw_final,0.6028614441736598,0.0,0.7261595547309833
lfw_final,0.6028378132371395,0.0,0.726530612244898
lfw_final,0.6027511310139378,0.0,0.7269016697588127
lfw_final,0.6025804099308172,0.0,0.7272727272727273
lfw_final,0.6023382581435623,0.0,0.7276437847866419
lfw_final,0.602275467524212,0.0,0.7280148423005566
lfw_final,0.6022527947174892,0.0,0.7283858998144712
lfw_final,0.6022063576708692,0.0,0.7287569573283859
lfw_final,0.6021839540153793,0.0,0.7291280148423006
lfw_final,0.6021511782744189,0.0,0.7294990723562153
lfw_final,0.6020542129101473,0.0,0.7298701298701299
lfw_final,0.6019767497336607,0.0,0.7302411873840445
lfw_final,0.6018519844417114,0.0,0.7306122448979592
lfw_final,0.6016632143353282,0.0,0.7309833024118738
lfw_final,0.6016455723808557,0.0,0.7313543599257885
lfw_final,0.601554956964967,0.0,0.7317254174397032
lfw_final,0.6014911224503142,0.0,0.7320964749536178
lfw_final,0.6012683703543554,0.0,0.7324675324675325
lfw_final,0.6008532028422571,0.0,0.7328385899814471
lfw_final,0.6007909639980504,0.0,0.7332096474953618
lfw_final,0.6007153400315671,0.0,0.7335807050092764
lfw_final,0.6001863940820773,0.0,0.733951762523191
lfw_final,0.6001819315118727,0.0,0.7343228200371058
lfw_final,0.6000016136712124,0.0,0.7346938775510204
lfw_final,0.5999388498744624,0.0,0.7350649350649351
lfw_final,0.5998708235016469,0.0,0.7354359925788497
lfw_final,0.5997828032776685,0.0,0.7358070500927644
lfw_final,0.5996692321301558,0.0,0.736178107606679
lfw_final,0.5994621591987117,0.0,0.7365491651205937
lfw_final,0.5993742308868262,0.0,0.7369202226345084
lfw_final,0.5990954633665337,0.0,0.737291280148423
lfw_final,0.599090006855747,0.0,0.7376623376623377
lfw_final,0.5990261577442271,0.0,0.7380333951762523
lfw_final,0.5989909228406114,0.0,0.738404452690167
lfw_final,0.5989480563291267,0.0,0.7387755102040816
lfw_final,0.5988925133780966,0.0,0.7391465677179963
lfw_final,0.598461340040843,0.0,0.7395176252319109
lfw_final,0.5982150066078218,0.0,0.7398886827458256
lfw_final,0.5980432006660658,0.0,0.7402597402597403
lfw_final,0.5980177929144718,0.0,0.7406307977736549
lfw_final,0.5973882543427177,0.0,0.7410018552875696
lfw_final,0.5972917535285743,0.0,0.7413729128014842
lfw_final,0.5971684423339141,0.0,0.7417439703153988
lfw_final,0.5970886851136504,0.0,0.7421150278293135
lfw_final,0.5969872686647913,0.0,0.7424860853432282
lfw_final,0.5969472842765258,0.0,0.7428571428571429
lfw_final,0.5968271063089226,0.0,0.7432282003710575
lfw_final,0.5966477149441747,0.0,0.7435992578849722
lfw_final,0.5966222106447864,0.0,0.7439703153988868
lfw_final,0.5964228527744619,0.0,0.7443413729128014
lfw_final,0.5960710706768727,0.0,0.7447124304267161
lfw_final,0.5959240664082393,0.0,0.7450834879406308
lfw_final,0.5956387270138688,0.0,0.7454545454545455
lfw_final,0.5950308068994781,0.0,0.7458256029684601
lfw_final,0.594959535275295,0.0,0.7461966604823748
lfw_final,0.5947570318415828,0.0,0.7465677179962894
lfw_final,0.5941184986198169,0.0,0.746938775510204
lfw_final,0.5940927590133042,0.0,0.7473098330241187
lfw_final,0.5940355933055254,0.0,0.7476808905380334
lfw_final,0.5937952220323036,0.0,0.7480519480519481
lfw_final,0.5937609251510705,0.0,0.7484230055658627
lfw_final,0.5936766943048685,0.0,0.7487940630797774
lfw_final,0.59348382545024,0.0,0.749165120593692
lfw_final,0.5933923167205781,0.0,0.7495361781076066
lfw_final,0.5932969300234743,0.0,0.7499072356215213
lfw_final,0.5929684356576642,0.0,0.750278293135436
lfw_final,0.5926739732356818,0.0,0.7506493506493507
lfw_final,0.5926614015891063,0.0,0.7510204081632653
lfw_final,0.592333644380086,0.0,0.75139146567718
lfw_final,0.5922093245746889,0.0,0.7517625231910946
lfw_final,0.5921783838328788,0.0,0.7521335807050092
lfw_final,0.5921547896551725,0.0,0.7525046382189239
lfw_final,0.5919757244759818,0.0,0.7528756957328386
lfw_final,0.5919422996295448,0.0,0.7532467532467533
lfw_final,0.5918706490829102,0.0,0.7536178107606679
lfw_final,0.5918376809702525,0.0,0.7539888682745826
lfw_final,0.591756424669271,0.0,0.7543599257884972
lfw_final,0.5917113523510318,0.0,0.7547309833024118
lfw_final,0.591431494273086,0.0,0.7551020408163265
lfw_final,0.5914304399184864,0.0,0.7554730983302412
lfw_final,0.5913574129695994,0.0,0.7558441558441559
lfw_final,0.5913150745984943,0.0,0.7562152133580705
lfw_final,0.5909308054714988,0.0,0.7565862708719852
lfw_final,0.5908946724311965,0.0,0.7569573283858998
lfw_final,0.5906410820012081,0.0,0.7573283858998144
lfw_final,0.5903697840198541,0.0,0.7576994434137291
lfw_final,0.590194894686532,0.0,0.7580705009276438
lfw_final,0.5901409568887167,0.0,0.7584415584415585
lfw_final,0.5901042203297632,0.0,0.7588126159554731
lfw_final,0.5900644679100941,0.0,0.7591836734693878
lfw_final,0.5897078926864561,0.0,0.7595547309833024
lfw_final,0.5897040433005702,0.0,0.759925788497217
lfw_final,0.5894964599030095,0.0,0.7602968460111317
lfw_final,0.5893990841335016,0.0,0.7606679035250464
lfw_final,0.5893328790040142,0.0,0.7610389610389611
lfw_final,0.5893252875430169,0.0,0.7614100185528757
lfw_final,0.589238434386337,0.0,0.7617810760667904
lfw_final,0.589214467650306,0.0,0.762152133580705
lfw_final,0.5891175166184138,0.0,0.7625231910946196
lfw_final,0.5890288151421544,0.0,0.7628942486085343
lfw_final,0.5887063752436006,0.0,0.763265306122449
lfw_final,0.5886684225078926,0.0,0.7636363636363637
lfw_final,0.5883585960564085,0.0,0.7640074211502783
lfw_final,0.5883297770666577,0.0,0.764378478664193
lfw_final,0.5882577732367322,0.0,0.7647495361781076
lfw_final,0.5881148615470185,0.0,0.7651205936920222
lfw_final,0.5879030000533936,0.0,0.7654916512059369
lfw_final,0.5878200809910199,0.0,0.7658627087198516
lfw_final,0.5877225489015205,0.0,0.7662337662337663
lfw_final,0.5872436499274312,0.0,0.7666048237476809
lfw_final,0.5869103463591675,0.0,0.7669758812615955
lfw_final,0.5867672473461725,0.0,0.7673469387755102
lfw_final,0.5865358459580068,0.0,0.7677179962894248
lfw_final,0.5863760634451803,0.0,0.7680890538033395
lfw_final,0.5860957167333175,0.0,0.7684601113172542
lfw_final,0.5860337607058331,0.0,0.7688311688311689
lfw_final,0.5857263200277592,0.0,0.7692022263450835
lfw_final,0.5856856014959174,0.0,0.7695732838589981
lfw_final,0.5856257200661645,0.0,0.7699443413729128
lfw_final,0.5854623380784973,0.0,0.7703153988868274
lfw_final,0.5853769334041882,0.0,0.7706864564007421
lfw_final,0.5852980587475712,0.0,0.7710575139146568
lfw_final,0.5852084569003172,0.0,0.7714285714285715
lfw_final,0.5852023414231448,0.0,0.7717996289424861
lfw_final,0.5851695433202805,0.0,0.7721706864564007
lfw_final,0.584873937501002,0.0,0.7725417439703154
lfw_final,0.5848252824466739,0.0,0.77291280148423
lfw_final,0.5844592945518917,0.0,0.7732838589981447
lfw_final,0.5840135684297113,0.0,0.7736549165120594
lfw_final,0.5839643667736185,0.0,0.7740259740259741
lfw_final,0.5839205289267139,0.0,0.7743970315398887
lfw_final,0.583896109793331,0.0,0.7747680890538033
lfw_final,0.5838366108934381,0.0,0.775139146567718
lfw_final,0.5838342507299996,0.0,0.7755102040816326
lfw_final,0.5838305150518057,0.0,0.7758812615955473
lfw_final,0.5838300792090304,0.0,0.776252319109462
lfw_final,0.5837410567640356,0.0,0.7766233766233767
lfw_final,0.5836388704451085,0.0,0.7769944341372913
lfw_final,0.5835569001117349,0.0,0.7773654916512059
lfw_final,0.5833621076981896,0.0,0.7777365491651206
lfw_final,0.5831777326387543,0.0,0.7781076066790352
lfw_final,0.5831468270138107,0.0,0.7784786641929499
lfw_final,0.5830724991469538,0.0,0.7788497217068646
lfw_final,0.5827640931349564,0.0,0.7792207792207793
lfw_final,0.5827548031871871,0.0,0.7795918367346939
lfw_final,0.5827194592070868,0.0,0.7799628942486085
lfw_final,0.5827113512940335,0.0,0.7803339517625232
lfw_final,0.5824600015976487,0.0,0.7807050092764378
lfw_final,0.5822272154082859,0.0,0.7810760667903525
lfw_final,0.5821893097572619,0.0,0.7814471243042672
lfw_final,0.5819875453297304,0.0,0.7818181818181819
lfw_final,0.5816771937309508,0.0,0.7821892393320965
lfw_final,0.581343318211421,0.0,0.7825602968460111
lfw_final,0.5812754631929812,0.0,0.7829313543599258
lfw_final,0.5812707242184372,0.0,0.7833024118738404
lfw_final,0.5812274019541641,0.0,0.7836734693877551
lfw_final,0.581208139790223,0.0,0.7840445269016698
lfw_final,0.581097802319635,0.0,0.7844155844155845
lfw_final,0.5809703804665414,0.0,0.7847866419294991
lfw_final,0.5808292470146145,0.0,0.7851576994434137
lfw_final,0.5806773281785966,0.0,0.7855287569573284
lfw_final,0.5804901416656775,0.0,0.785899814471243
lfw_final,0.5803267155200214,0.0,0.7862708719851577
lfw_final,0.580290448668896,0.0,0.7866419294990723
lfw_final,0.5802194042444319,0.0,0.787012987012987
lfw_final,0.5801519685632706,0.0,0.7873840445269017
lfw_final,0.5800453765809519,0.0,0.7877551020408163
lfw_final,0.5799364023599863,0.0,0.788126159554731
lfw_final,0.5799128548013791,0.0,0.7884972170686456
lfw_final,0.5796052274083773,0.0,0.7888682745825603
lfw_final,0.5795693839069456,0.0,0.7892393320964749
lfw_final,0.579321245911859,0.0,0.7896103896103897
lfw_final,0.5792944854069483,0.0,0.7899814471243043
lfw_final,0.5791690488714638,0.0,0.7903525046382189
lfw_final,0.57905455023612,0.0,0.7907235621521336
lfw_final,0.5785875512716934,0.0,0.7910946196660482
lfw_final,0.5782828096737301,0.0,0.7914656771799629
lfw_final,0.5782669524374721,0.0,0.7918367346938775
lfw_final,0.5781854205121195,0.0,0.7922077922077922
lfw_final,0.5781324955825805,0.0,0.7925788497217069
lfw_final,0.5780602963109873,0.0,0.7929499072356215
lfw_final,0.5779454549064978,0.0,0.7933209647495362
lfw_final,0.5778975330755292,0.0,0.7936920222634508
lfw_final,0.5776901096908847,0.0,0.7940630797773655
lfw_final,0.5775870010750853,0.0,0.7944341372912801
lfw_final,0.5768794284852564,0.0,0.7948051948051948
lfw_final,0.5768350905862092,0.0,0.7951762523191095
lfw_final,0.5768349370469711,0.0,0.7955473098330241
lfw_final,0.5766914389851374,0.0,0.7959183673469388
lfw_final,0.5766501552375507,0.0,0.7962894248608534
lfw_final,0.5765473541757574,0.0,0.796660482374768
lfw_final,0.5764104512276695,0.0,0.7970315398886827
lfw_final,0.5763225581047349,0.0,0.7974025974025974
lfw_final,0.5763195010101195,0.0,0.7977736549165121
lfw_final,0.576304230067777,0.0,0.7981447124304267
lfw_final,0.5762194277635064,0.0,0.7985157699443414
lfw_final,0.5761408369974688,0.0,0.798886827458256
lfw_final,0.5761337470980231,0.0,0.7992578849721707
lfw_final,0.5749062818187177,0.0,0.7996289424860853
lfw_final,0.5744324386620286,0.0,0.8
lfw_final,0.574383976695158,0.0,0.8003710575139147
lfw_final,0.5743217012051847,0.0,0.8007421150278293
lfw_final,0.5742044815856803,0.0,0.801113172541744
lfw_final,0.5741558294572402,0.0,0.8014842300556586
lfw_final,0.5741054806457515,0.0,0.8018552875695732
lfw_final,0.5740924664899143,0.0,0.8022263450834879
lfw_final,0.5738123845166688,0.0,0.8025974025974026
lfw_final,0.5735313211558158,0.0,0.8029684601113173
lfw_final,0.5734321106473312,0.0,0.8033395176252319
lfw_final,0.5734136313705853,0.0,0.8037105751391466
lfw_final,0.573176402148973,0.0,0.8040816326530612
lfw_final,0.5726798049735701,0.0,0.8044526901669758
lfw_final,0.5723291183095008,0.0,0.8048237476808905
lfw_final,0.5722164347004182,0.0,0.8051948051948052
lfw_final,0.5721864345117996,0.0,0.8055658627087199
lfw_final,0.5721544905573512,0.0,0.8059369202226345
lfw_final,0.571783818576095,0.0,0.8063079777365492
lfw_final,0.5716814933543276,0.0,0.8066790352504638
lfw_final,0.5715535637302593,0.0,0.8070500927643784
lfw_final,0.571414586587684,0.0,0.8074211502782931
lfw_final,0.5713961535915204,0.0,0.8077922077922078
lfw_final,0.5711480197268115,0.0,0.8081632653061225
lfw_final,0.5711435053403625,0.0,0.8085343228200371
lfw_final,0.5710998684355855,0.0,0.8089053803339518
lfw_final,0.5709782051320428,0.0,0.8092764378478664
lfw_final,0.570971770541559,0.0,0.809647495361781
lfw_final,0.5707218003292511,0.0,0.8100185528756957
lfw_final,0.5701333434061429,0.0,0.8103896103896104
lfw_final,0.5700426324028945,0.0,0.8107606679035251
lfw_final,0.5699050358004721,0.0,0.8111317254174397
lfw_final,0.5697451372050834,0.0,0.8115027829313544
lfw_final,0.5690174145538216,0.0,0.811873840445269
lfw_final,0.5689477789211433,0.0,0.8122448979591836
lfw_final,0.5684776807888848,0.0,0.8126159554730983
lfw_final,0.5684494605853929,0.0,0.812987012987013
lfw_final,0.5681898311598301,0.0,0.8133580705009277
lfw_final,0.5674684094547902,0.0,0.8137291280148423
lfw_final,0.5674024952600484,0.0,0.814100185528757
lfw_final,0.5672503135532027,0.0,0.8144712430426716
lfw_final,0.5672311912713169,0.0,0.8148423005565862
lfw_final,0.5665302527164553,0.0,0.8152133580705009
lfw_final,0.566469278279342,0.0,0.8155844155844156
lfw_final,0.5656466332663279,0.0,0.8159554730983303
lfw_final,0.5654623368180562,0.0,0.8163265306122449
lfw_final,0.5654409867223951,0.0,0.8166975881261596
lfw_final,0.5652014206348908,0.0,0.8170686456400742
lfw_final,0.5651650877663642,0.0,0.8174397031539888
lfw_final,0.5647089503987597,0.0,0.8178107606679035
lfw_final,0.5641889349589944,0.0,0.8181818181818182
lfw_final,0.5637146735973841,0.0,0.8185528756957329
lfw_final,0.563555297557935,0.0,0.8189239332096475
lfw_final,0.5635185572403814,0.0,0.8192949907235622
lfw_final,0.5631433156294898,0.0,0.8196660482374768
lfw_final,0.5630028492483304,0.0,0.8200371057513914
lfw_final,0.5626307696992033,0.0,0.8204081632653061
lfw_final,0.5625926185528918,0.0,0.8207792207792208
lfw_final,0.5613450626407347,0.0,0.8211502782931355
lfw_final,0.5610874426400946,0.0,0.8215213358070501
lfw_final,0.5610256900802565,0.0,0.8218923933209648
lfw_final,0.5609600866210875,0.0,0.8222634508348794
lfw_final,0.5607589115600301,0.0,0.822634508348794
lfw_final,0.5606938645476172,0.0,0.8230055658627087
lfw_final,0.5606663378052366,0.0,0.8233766233766234
lfw_final,0.5605254911931311,0.0,0.8237476808905381
lfw_final,0.560497664073087,0.0,0.8241187384044527
lfw_final,0.5603327672053731,0.0,0.8244897959183674
lfw_final,0.5600885910249892,0.0,0.824860853432282
lfw_final,0.560006232251369,0.0,0.8252319109461966
lfw_final,0.559960386957168,0.0,0.8256029684601113
lfw_final,0.5596475153357561,0.0,0.825974025974026
lfw_final,0.5591367267560378,0.0,0.8263450834879407
lfw_final,0.5590976102478082,0.0,0.8267161410018553
lfw_final,0.5587945552046052,0.0,0.82708719851577
lfw_final,0.5587657913576292,0.0,0.8274582560296846
lfw_final,0.5584335741391554,0.0,0.8278293135435992
lfw_final,0.5583905193567967,0.0,0.8282003710575139
lfw_final,0.5580759519105473,0.0,0.8285714285714286
lfw_final,0.5576522389568039,0.0,0.8289424860853433
lfw_final,0.5575585896379656,0.0,0.8293135435992579
lfw_final,0.5574933964786982,0.0,0.8296846011131725
lfw_final,0.5569328940602525,0.0,0.8300556586270872
lfw_final,0.5568070553711317,0.0,0.8304267161410018
lfw_final,0.5564763257448113,0.0,0.8307977736549165
lfw_final,0.5563075732996475,0.0,0.8311688311688312
lfw_final,0.5561888808950383,0.0,0.8315398886827459
lfw_final,0.5560532078941804,0.0,0.8319109461966605
lfw_final,0.5556172422405304,0.0,0.8322820037105751
lfw_final,0.5554108253969098,0.0,0.8326530612244898
lfw_final,0.5553390683024759,0.0,0.8330241187384044
lfw_final,0.5552512384273016,0.0,0.8333951762523191
lfw_final,0.5551620308712896,0.0,0.8337662337662337
lfw_final,0.555080877481169,0.0,0.8341372912801485
lfw_final,0.55506439702173,0.0,0.8345083487940631
lfw_final,0.5550160529257715,0.0,0.8348794063079777
lfw_final,0.5549971732025075,0.0,0.8352504638218924
lfw_final,0.5549497465478862,0.0,0.835621521335807
lfw_final,0.5548545659915786,0.0,0.8359925788497217
lfw_final,0.5546527743898625,0.0,0.8363636363636363
lfw_final,0.5543627253424936,0.0,0.8367346938775511
lfw_final,0.5540979321116304,0.0,0.8371057513914657
lfw_final,0.553927334694796,0.0,0.8374768089053803
lfw_final,0.5536551315451722,0.0,0.837847866419295
lfw_final,0.5526196840586932,0.0,0.8382189239332096
lfw_final,0.5524504533179291,0.0,0.8385899814471243
lfw_final,0.5521614021678016,0.0,0.8389610389610389
lfw_final,0.5521599782605959,0.0,0.8393320964749537
lfw_final,0.5520802300384061,0.0,0.8397031539888683
lfw_final,0.5520122599898875,0.0,0.8400742115027829
lfw_final,0.5517791227086328,0.0,0.8404452690166976
lfw_final,0.5517222721120213,0.0,0.8408163265306122
lfw_final,0.5516086830656709,0.0,0.8411873840445269
lfw_final,0.5514163101660732,0.0,0.8415584415584415
lfw_final,0.5510066161572638,0.0,0.8419294990723563
lfw_final,0.5508983196635293,0.0,0.8423005565862709
lfw_final,0.5505259574833535,0.0,0.8426716141001855
lfw_final,0.5503800854833863,0.0,0.8430426716141002
lfw_final,0.5503656876212569,0.0,0.8434137291280148
lfw_final,0.5493360972505418,0.0,0.8437847866419295
lfw_final,0.5493341561017479,0.0,0.8441558441558441
lfw_final,0.5490250372881623,0.0,0.8445269016697589
lfw_final,0.548949619803603,0.0,0.8448979591836735
lfw_final,0.5488924908364325,0.0,0.8452690166975881
lfw_final,0.5487306645627957,0.0,0.8456400742115028
lfw_final,0.5484492307587094,0.0,0.8460111317254174
lfw_final,0.5484168173195594,0.0,0.8463821892393321
lfw_final,0.5477880199255811,0.0,0.8467532467532467
lfw_final,0.5475879962257878,0.0,0.8471243042671615
lfw_final,0.547526133471743,0.0,0.8474953617810761
lfw_final,0.5475018681964111,0.0,0.8478664192949907
lfw_final,0.5474823008861307,0.0,0.8482374768089054
lfw_final,0.5473885182742898,0.0,0.84860853432282
lfw_final,0.5472233754064323,0.0,0.8489795918367347
lfw_final,0.5468965858769832,0.0,0.8493506493506493
lfw_final,0.5466266777771481,0.0,0.849721706864564
lfw_final,0.5464017444626826,0.0,0.8500927643784787
lfw_final,0.5461181820673658,0.0,0.8504638218923933
lfw_final,0.5458639620172261,0.0,0.850834879406308
lfw_final,0.5457312970865535,0.0,0.8512059369202226
lfw_final,0.5455845011184558,0.0,0.8515769944341373
lfw_final,0.5455413212292451,0.0,0.8519480519480519
lfw_final,0.5450594991569989,0.0,0.8523191094619667
lfw_final,0.5449558294865066,0.0,0.8526901669758813
lfw_final,0.5443375788265334,0.0,0.8530612244897959
lfw_final,0.5442476049349643,0.0,0.8534322820037106
lfw_final,0.5442354218319027,0.0,0.8538033395176252
lfw_final,0.5442235028319811,0.0,0.8541743970315399
lfw_final,0.544222770313932,0.0,0.8545454545454545
lfw_final,0.543870902918781,0.0,0.8549165120593692
lfw_final,0.5435516051730669,0.0,0.8552875695732839
lfw_final,0.5435190741046818,0.0,0.8556586270871985
lfw_final,0.5434474079071655,0.0,0.8560296846011132
lfw_final,0.5433711756154319,0.0,0.8564007421150278
lfw_final,0.5430432944764673,0.0,0.8567717996289425
lfw_final,0.542749990320708,0.0,0.8571428571428571
lfw_final,0.5425282113655744,0.0,0.8575139146567718
lfw_final,0.5415974204661101,0.0,0.8578849721706865
lfw_final,0.541487953878619,0.0,0.8582560296846011
lfw_final,0.5414461661252284,0.0,0.8586270871985158
lfw_final,0.5413445641698793,0.0,0.8589981447124304
lfw_final,0.5410397832403062,0.0,0.859369202226345
lfw_final,0.5408191874028973,0.0,0.8597402597402597
lfw_final,0.5407774275921928,0.0,0.8601113172541744
lfw_final,0.5406247481875756,0.0,0.8604823747680891
lfw_final,0.5404433476856202,0.0,0.8608534322820037
lfw_final,0.5400746227932662,0.0,0.8612244897959184
lfw_final,0.539527481560194,0.0,0.861595547309833
lfw_final,0.539434836807754,0.0,0.8619666048237477
lfw_final,0.5393134707933246,0.0,0.8623376623376623
lfw_final,0.5388928703324055,0.0,0.862708719851577
lfw_final,0.5387235566070846,0.0,0.8630797773654917
lfw_final,0.5386284084334064,0.0,0.8634508348794063
lfw_final,0.5380129549631716,0.0,0.863821892393321
lfw_final,0.537884620300217,0.0,0.8641929499072356
lfw_final,0.5377758939079487,0.0,0.8645640074211502
lfw_final,0.5377679156676503,0.0,0.8649350649350649
lfw_final,0.537453304696575,0.0,0.8653061224489796
lfw_final,0.5373896194649027,0.0,0.8656771799628943
lfw_final,0.5370409255804592,0.0,0.8660482374768089
lfw_final,0.5370129357956595,0.0,0.8664192949907236
lfw_final,0.5369229452241847,0.0,0.8667903525046382
lfw_final,0.5363972420635316,0.0,0.8671614100185528
lfw_final,0.5354200928466816,0.0,0.8675324675324675
lfw_final,0.5353178353821294,0.0,0.8679035250463822
lfw_final,0.5350715480278861,0.0,0.8682745825602969
lfw_final,0.5347662476059657,0.0,0.8686456400742115
lfw_final,0.5338432505807549,0.0,0.8690166975881262
lfw_final,0.5335563416077669,0.0,0.8693877551020408
lfw_final,0.5335446993990554,0.0,0.8697588126159554
lfw_final,0.5334323243606643,0.0,0.8701298701298701
lfw_final,0.533414921340126,0.0,0.8705009276437848
lfw_final,0.5330539359905264,0.0,0.8708719851576995
lfw_final,0.5328847025614062,0.0,0.8712430426716141
lfw_final,0.5324046562667986,0.0,0.8716141001855288
lfw_final,0.532304090894185,0.0,0.8719851576994434
lfw_final,0.5321331801814594,0.0,0.872356215213358
lfw_final,0.5319296712325889,0.0,0.8727272727272727
lfw_final,0.5318495774420923,0.0,0.8730983302411874
lfw_final,0.5311803695888496,0.0,0.8734693877551021
lfw_final,0.531159004525221,0.0,0.8738404452690167
lfw_final,0.5307168611586193,0.0,0.8742115027829314
lfw_final,0.5305097710427767,0.0,0.874582560296846
lfw_final,0.5303114663632356,0.0,0.8749536178107606
lfw_final,0.5302944691652512,0.0,0.8753246753246753
lfw_final,0.5299578350717885,0.0,0.87569573283859
lfw_final,0.5296374727146376,0.0,0.8760667903525047
lfw_final,0.5295686592518973,0.0,0.8764378478664193
lfw_final,0.5289997702007894,0.0,0.876808905380334
lfw_final,0.5288156177146294,0.0,0.8771799628942486
lfw_final,0.528785386521842,0.0,0.8775510204081632
lfw_final,0.5281512798731964,0.0,0.8779220779220779
lfw_final,0.527923123614305,0.0,0.8782931354359926
lfw_final,0.5278352246330591,0.0,0.8786641929499073
lfw_final,0.5276973144041197,0.0,0.8790352504638219
lfw_final,0.5275378709864097,0.0,0.8794063079777366
lfw_final,0.527433254285471,0.0,0.8797773654916512
lfw_final,0.5273393764101664,0.0,0.8801484230055658
lfw_final,0.5271871101993777,0.0,0.8805194805194805
lfw_final,0.5271189252682528,0.0,0.8808905380333952
lfw_final,0.526713605394946,0.0,0.8812615955473099
lfw_final,0.5264802503994155,0.0,0.8816326530612245
lfw_final,0.5264392103290751,0.0,0.8820037105751392
lfw_final,0.5257243217282532,0.0,0.8823747680890538
lfw_final,0.525597638842466,0.0,0.8827458256029684
lfw_final,0.525594218280574,0.0,0.8831168831168831
lfw_final,0.525555004545074,0.0,0.8834879406307977
lfw_final,0.525147184928629,0.0,0.8838589981447125
lfw_final,0.5245159986292631,0.0,0.8842300556586271
lfw_final,0.5244136085463098,0.0,0.8846011131725418
lfw_final,0.5241753258201822,0.0,0.8849721706864564
lfw_final,0.5241746046338791,0.0,0.885343228200371
lfw_final,0.5234874593641692,0.0,0.8857142857142857
lfw_final,0.522969265772744,0.0,0.8860853432282003
lfw_final,0.5229559760291862,0.0,0.8864564007421151
lfw_final,0.5229313322881025,0.0,0.8868274582560297
lfw_final,0.5227938962229473,0.0,0.8871985157699444
lfw_final,0.5226805329103035,0.0,0.887569573283859
lfw_final,0.5224862732611154,0.0,0.8879406307977736
lfw_final,0.5224563537833634,0.0,0.8883116883116883
lfw_final,0.5223668147971063,0.0,0.8886827458256029
lfw_final,0.5212434393251631,0.0,0.8890538033395177
lfw_final,0.5209778038005177,0.0,0.8894248608534323
lfw_final,0.5209601389747156,0.0,0.889795918367347
lfw_final,0.520723959943929,0.0,0.8901669758812616
lfw_final,0.5205080861139707,0.0,0.8905380333951762
lfw_final,0.5204190581259094,0.0,0.8909090909090909
lfw_final,0.5195095912042589,0.0,0.8912801484230055
lfw_final,0.5181785239816693,0.0,0.8916512059369203
lfw_final,0.518084749482741,0.0,0.8920222634508349
lfw_final,0.5179492220833075,0.0,0.8923933209647495
lfw_final,0.5176552643644805,0.0,0.8927643784786642
lfw_final,0.5170582603075663,0.0,0.8931354359925788
lfw_final,0.5167060368327714,0.0,0.8935064935064935
lfw_final,0.516669039142115,0.0,0.8938775510204081
lfw_final,0.5161124401037203,0.0,0.8942486085343229
lfw_final,0.5159459563276831,0.0,0.8946196660482375
lfw_final,0.5158254640544742,0.0,0.8949907235621521
lfw_final,0.5156764729345117,0.0,0.8953617810760668
lfw_final,0.5152720199319433,0.0,0.8957328385899814
lfw_final,0.5152115268438231,0.0,0.8961038961038961
lfw_final,0.5147952155124222,0.0,0.8964749536178107
lfw_final,0.5140228030922488,0.0,0.8968460111317255
lfw_final,0.5138679748510749,0.0,0.8972170686456401
lfw_final,0.5136905024282858,0.0,0.8975881261595547
lfw_final,0.5136456163699231,0.0,0.8979591836734694
lfw_final,0.5131849164539279,0.0,0.898330241187384
lfw_final,0.5127696785779179,0.0,0.8987012987012987
lfw_final,0.5126923445499051,0.0,0.8990723562152133
lfw_final,0.5124955232019082,0.0,0.8994434137291281
lfw_final,0.5124440725668159,0.0,0.8998144712430427
lfw_final,0.5122701789206975,0.0,0.9001855287569573
lfw_final,0.5122361688777312,0.0,0.900556586270872
lfw_final,0.5115257035888126,0.0,0.9009276437847866
lfw_final,0.5115013375915419,0.0,0.9012987012987013
lfw_final,0.5114641171428302,0.0,0.9016697588126159
lfw_final,0.5114157071422926,0.0,0.9020408163265307
lfw_final,0.5110327772450036,0.0,0.9024118738404453
lfw_final,0.5110024250729757,0.0,0.9027829313543599
lfw_final,0.5108583536599813,0.0,0.9031539888682746
lfw_final,0.5103649430428707,0.0,0.9035250463821892
lfw_final,0.5099752674899264,0.0,0.9038961038961039
lfw_final,0.5098013978953225,0.0,0.9042671614100185
lfw_final,0.509668296194762,0.0,0.9046382189239333
lfw_final,0.5094331157895516,0.0,0.9050092764378479
lfw_final,0.5092136351188805,0.0,0.9053803339517625
lfw_final,0.5089695144328913,0.0,0.9057513914656772
lfw_final,0.5089497586557981,0.0,0.9061224489795918
lfw_final,0.5088119643883727,0.0,0.9064935064935065
lfw_final,0.5087896517464369,0.0,0.9068645640074211
lfw_final,0.508611762745796,0.0,0.9072356215213359
lfw_final,0.5084774251571542,0.0,0.9076066790352505
lfw_final,0.507982829438051,0.0,0.9079777365491651
lfw_final,0.5078255134598343,0.0,0.9083487940630798
lfw_final,0.5075396553604068,0.0,0.9087198515769944
lfw_final,0.5073683650320965,0.0,0.9090909090909091
lfw_final,0.5070017312248627,0.0,0.9094619666048237
lfw_final,0.5067186873372831,0.0,0.9098330241187385
lfw_final,0.5067136692600617,0.0,0.9102040816326531
lfw_final,0.5065794814794435,0.0,0.9105751391465677
lfw_final,0.5061812828485318,0.0,0.9109461966604824
lfw_final,0.5060460955455022,0.0,0.911317254174397
lfw_final,0.5056640415853099,0.0,0.9116883116883117
lfw_final,0.5056462944803697,0.0,0.9120593692022263
lfw_final,0.5056101476137655,0.0,0.912430426716141
lfw_final,0.5055745554980371,0.0,0.9128014842300557
lfw_final,0.5055018611352596,0.0,0.9131725417439703
lfw_final,0.5048647197120953,0.0,0.913543599257885
lfw_final,0.5043742116116602,0.0,0.9139146567717996
lfw_final,0.5043458795067973,0.0,0.9142857142857143
lfw_final,0.5042074684646007,0.0,0.9146567717996289
lfw_final,0.5041977263406359,0.0,0.9150278293135437
lfw_final,0.5041772724869668,0.0,0.9153988868274583
lfw_final,0.503520152738006,0.0,0.9157699443413729
lfw_final,0.5033442642919608,0.0,0.9161410018552876
lfw_final,0.5033401765188766,0.0,0.9165120593692022
lfw_final,0.503071227154381,0.0,0.9168831168831169
lfw_final,0.5030135478689921,0.0,0.9172541743970315
lfw_final,0.5029875853066188,0.0,0.9176252319109462
lfw_final,0.502722252792969,0.0,0.9179962894248609
lfw_final,0.5025812666051666,0.0,0.9183673469387755
lfw_final,0.5024162471082593,0.0,0.9187384044526902
lfw_final,0.5019516192697313,0.0,0.9191094619666048
lfw_final,0.5019220900514654,0.0,0.9194805194805195
lfw_final,0.5017555215345386,0.0,0.9198515769944341
lfw_final,0.501718988522913,0.0,0.9202226345083488
lfw_final,0.5015884075840942,0.0,0.9205936920222635
lfw_final,0.5014702871952688,0.0,0.9209647495361781
lfw_final,0.5007759145731518,0.0,0.9213358070500928
lfw_final,0.5007133308742593,0.0,0.9217068645640074
lfw_final,0.5003611435406361,0.0,0.922077922077922
lfw_final,0.5003231741366817,0.0,0.9224489795918367
lfw_final,0.49920747963333784,0.0,0.9228200371057514
lfw_final,0.49920740449649553,0.0,0.9231910946196661
lfw_final,0.4990554857863034,0.0,0.9235621521335807
lfw_final,0.49886400397677977,0.0,0.9239332096474954
lfw_final,0.49867142209914916,0.0,0.92430426716141
lfw_final,0.49769670016332695,0.0,0.9246753246753247
lfw_final,0.4973970535168396,0.0,0.9250463821892393
lfw_final,0.4969552966974302,0.0,0.925417439703154
lfw_final,0.4965658578672399,0.0,0.9257884972170687
lfw_final,0.49566908448070146,0.0,0.9261595547309833
lfw_final,0.4953814873008969,0.0,0.926530612244898
lfw_final,0.49506583753234296,0.0,0.9269016697588126
lfw_final,0.4948541809556554,0.0,0.9272727272727272
lfw_final,0.4946747906551569,0.0,0.9276437847866419
lfw_final,0.4942527536141661,0.0,0.9280148423005566
lfw_final,0.4941729640878094,0.0,0.9283858998144713
lfw_final,0.49369106083724984,0.0,0.9287569573283859
lfw_final,0.493437650537375,0.0,0.9291280148423006
lfw_final,0.4931733909945117,0.0,0.9294990723562152
lfw_final,0.4926889884911447,0.0,0.9298701298701298
lfw_final,0.492683266919234,0.0,0.9302411873840445
lfw_final,0.4923910452442855,0.0,0.9306122448979591
lfw_final,0.492097683344096,0.0,0.9309833024118739
lfw_final,0.49193347163745876,0.0,0.9313543599257885
lfw_final,0.49028834721790904,0.0,0.9317254174397032
lfw_final,0.4894233055263525,0.0,0.9320964749536178
lfw_final,0.48923956274071617,0.0,0.9324675324675324
lfw_final,0.4875894941689612,0.0,0.9328385899814471
lfw_final,0.4875675089762495,0.0,0.9332096474953617
lfw_final,0.4874486760946072,0.0,0.9335807050092765
lfw_final,0.4858364906141528,0.0,0.9339517625231911
lfw_final,0.48542038016337274,0.0,0.9343228200371058
lfw_final,0.48536899361773456,0.0,0.9346938775510204
lfw_final,0.4844113640528777,0.0,0.935064935064935
lfw_final,0.48431080598208653,0.0,0.9354359925788497
lfw_final,0.4841381721188346,0.0,0.9358070500927643
lfw_final,0.482478640931625,0.0,0.9361781076066791
lfw_final,0.48217691574566285,0.0,0.9365491651205937
lfw_final,0.4815751703880903,0.0,0.9369202226345084
lfw_final,0.48060304721667774,0.0,0.937291280148423
lfw_final,0.47975362162705243,0.0,0.9376623376623376
lfw_final,0.47953250668877506,0.0,0.9380333951762523
lfw_final,0.47850583664033625,0.0,0.9384044526901669
lfw_final,0.4756943927828887,0.0,0.9387755102040817
lfw_final,0.475295824416487,0.0,0.9391465677179963
lfw_final,0.47523722923667955,0.0,0.939517625231911
lfw_final,0.47415838072714445,0.0,0.9398886827458256
lfw_final,0.4733133045536662,0.0,0.9402597402597402
lfw_final,0.4732800390633195,0.0,0.9406307977736549
lfw_final,0.4709154580006734,0.0,0.9410018552875695
lfw_final,0.47070793300789376,0.0,0.9413729128014843
lfw_final,0.4706582846319903,0.0,0.9417439703153989
lfw_final,0.4704117795822034,0.0,0.9421150278293136
lfw_final,0.469991516581925,0.0,0.9424860853432282
lfw_final,0.469154556262192,0.0,0.9428571428571428
lfw_final,0.4685067970146174,0.0,0.9432282003710575
lfw_final,0.468091187076447,0.0,0.9435992578849721
lfw_final,0.46760232374513644,0.0,0.9439703153988869
lfw_final,0.46728863089014816,0.0,0.9443413729128015
lfw_final,0.46684143347961427,0.0,0.9447124304267162
lfw_final,0.46662568769426266,0.0,0.9450834879406308
lfw_final,0.4661442525882487,0.0,0.9454545454545454
lfw_final,0.4658640030744769,0.0,0.9458256029684601
lfw_final,0.4651306220979468,0.0,0.9461966604823747
lfw_final,0.4641605542084613,0.0,0.9465677179962895
lfw_final,0.46349129254093263,0.0,0.9469387755102041
lfw_final,0.4634570174070389,0.0,0.9473098330241188
lfw_final,0.4625153506169711,0.0,0.9476808905380334
lfw_final,0.46244538041756683,0.0,0.948051948051948
lfw_final,0.4619865760850686,0.0,0.9484230055658627
lfw_final,0.4605482218075064,0.0,0.9487940630797773
lfw_final,0.45993897784088433,0.0,0.9491651205936921
lfw_final,0.4594988812526553,0.0,0.9495361781076067
lfw_final,0.45886821103665226,0.0,0.9499072356215214
lfw_final,0.4587352643943554,0.0,0.950278293135436
lfw_final,0.4576534699930847,0.0,0.9506493506493506
lfw_final,0.4575256113258346,0.0,0.9510204081632653
lfw_final,0.4575125781002678,0.0,0.9513914656771799
lfw_final,0.45693428432067984,0.0,0.9517625231910947
lfw_final,0.4569153400038602,0.0,0.9521335807050093
lfw_final,0.45676722950555065,0.0,0.952504638218924
lfw_final,0.45629294983692137,0.0,0.9528756957328386
lfw_final,0.45615037930310937,0.0,0.9532467532467532
lfw_final,0.4543858268989586,0.0,0.9536178107606679
lfw_final,0.4542835794589871,0.0,0.9539888682745825
lfw_final,0.4527959543042478,0.0,0.9543599257884973
lfw_final,0.4517220653719962,0.0,0.9547309833024119
lfw_final,0.4512899575418126,0.0,0.9551020408163265
lfw_final,0.4497194583190331,0.0,0.9554730983302412
lfw_final,0.44918014086107433,0.0,0.9558441558441558
lfw_final,0.4488071255362961,0.0,0.9562152133580705
lfw_final,0.4487650108956289,0.0,0.9565862708719851
lfw_final,0.4486130890952253,0.0,0.9569573283858999
lfw_final,0.448177390708112,0.0,0.9573283858998145
lfw_final,0.4461648042580305,0.0,0.9576994434137291
lfw_final,0.44604647540240516,0.0,0.9580705009276438
lfw_final,0.4458890998030837,0.0,0.9584415584415584
lfw_final,0.4452526419774074,0.0,0.9588126159554731
lfw_final,0.4443852844762535,0.0,0.9591836734693877
lfw_final,0.4443161572331965,0.0,0.9595547309833025
lfw_final,0.4431893791926198,0.0,0.9599257884972171
lfw_final,0.44249425867473907,0.0,0.9602968460111317
lfw_final,0.4423380833054187,0.0,0.9606679035250464
lfw_final,0.44183612572087894,0.0,0.961038961038961
lfw_final,0.4412224430371327,0.0,0.9614100185528757
lfw_final,0.44103535288042883,0.0,0.9617810760667903
lfw_final,0.44079015421113565,0.0,0.9621521335807051
lfw_final,0.44032953706857225,0.0,0.9625231910946197
lfw_final,0.4393520159983734,0.0,0.9628942486085343
lfw_final,0.43883016789235474,0.0,0.963265306122449
lfw_final,0.43789295551020646,0.0,0.9636363636363636
lfw_final,0.4370453867941787,0.0,0.9640074211502783
lfw_final,0.4365172211577112,0.0,0.9643784786641929
lfw_final,0.435105474282176,0.0,0.9647495361781077
lfw_final,0.4350332148585622,0.0,0.9651205936920223
lfw_final,0.4299102189046888,0.0,0.9654916512059369
lfw_final,0.4295155401719553,0.0,0.9658627087198516
lfw_final,0.42904797699339475,0.0,0.9662337662337662
lfw_final,0.4286347651229767,0.0,0.9666048237476809
lfw_final,0.4258803339823328,0.0,0.9669758812615955
lfw_final,0.42187768385904995,0.0,0.9673469387755103
lfw_final,0.420999649356242,0.0,0.9677179962894249
lfw_final,0.42059391915351707,0.0,0.9680890538033395
lfw_final,0.41972081631418034,0.0,0.9684601113172542
lfw_final,0.41969015274461163,0.0,0.9688311688311688
lfw_final,0.41812133877098046,0.0,0.9692022263450835
lfw_final,0.4155234378312336,0.0,0.9695732838589981
lfw_final,0.4146934910585771,0.0,0.9699443413729129
lfw_final,0.4139337556564332,0.0,0.9703153988868275
lfw_final,0.41276060237536816,0.0,0.9706864564007421
lfw_final,0.41238194367694186,0.0,0.9710575139146568
lfw_final,0.4121445253526363,0.0003698224852071006,0.9710575139146568
lfw_final,0.41138456847153343,0.0003698224852071006,0.9714285714285714
lfw_final,0.40624544094700293,0.0003698224852071006,0.9717996289424861
lfw_final,0.40505373772941566,0.0003698224852071006,0.9721706864564007
lfw_final,0.40480534807826996,0.0003698224852071006,0.9725417439703155
lfw_final,0.4032663556877196,0.0003698224852071006,0.9729128014842301
lfw_final,0.4026806089032763,0.0003698224852071006,0.9732838589981447
lfw_final,0.40162830384966114,0.0003698224852071006,0.9736549165120594
lfw_final,0.40126296652234617,0.0003698224852071006,0.974025974025974
lfw_final,0.39967162903859893,0.0003698224852071006,0.9743970315398887
lfw_final,0.3986892212380333,0.0003698224852071006,0.9747680890538033
lfw_final,0.39808073457583715,0.0003698224852071006,0.975139146567718
lfw_final,0.3962949167074295,0.0003698224852071006,0.9755102040816327
lfw_final,0.39524930605761477,0.0003698224852071006,0.9758812615955473
lfw_final,0.3936012285661201,0.0003698224852071006,0.976252319109462
lfw_final,0.3930737029218844,0.0003698224852071006,0.9766233766233766
lfw_final,0.39229449973565,0.0003698224852071006,0.9769944341372913
lfw_final,0.3899904250188311,0.0003698224852071006,0.9773654916512059
lfw_final,0.3892879807792825,0.0003698224852071006,0.9777365491651205
lfw_final,0.3881380916466439,0.0003698224852071006,0.9781076066790353
lfw_final,0.38668989027452316,0.0003698224852071006,0.9784786641929499
lfw_final,0.38656522981696706,0.0003698224852071006,0.9788497217068646
lfw_final,0.38601817104916836,0.0003698224852071006,0.9792207792207792
lfw_final,0.38310647350159716,0.0003698224852071006,0.9795918367346939
lfw_final,0.38272991681439666,0.0003698224852071006,0.9799628942486085
lfw_final,0.37996025262656086,0.0003698224852071006,0.9803339517625231
lfw_final,0.37995691251867414,0.0003698224852071006,0.9807050092764379
lfw_final,0.37832130013334686,0.0003698224852071006,0.9810760667903525
lfw_final,0.3781518246510278,0.0003698224852071006,0.9814471243042672
lfw_final,0.37573624692326846,0.0003698224852071006,0.9818181818181818
lfw_final,0.3729152411517511,0.0003698224852071006,0.9821892393320965
lfw_final,0.3706840644744878,0.0003698224852071006,0.9825602968460111
lfw_final,0.368651536441199,0.0007396449704142012,0.9825602968460111
lfw_final,0.3685936485939294,0.0011094674556213018,0.9825602968460111
lfw_final,0.3680208115859169,0.0011094674556213018,0.9829313543599257
lfw_final,0.3569246728772748,0.0011094674556213018,0.9833024118738405
lfw_final,0.3557413089890196,0.0011094674556213018,0.9836734693877551
lfw_final,0.35287518948597796,0.0011094674556213018,0.9840445269016698
lfw_final,0.35125625801318455,0.0011094674556213018,0.9844155844155844
lfw_final,0.3510162039430375,0.0014792899408284023,0.9844155844155844
lfw_final,0.3498286181397341,0.0014792899408284023,0.984786641929499
lfw_final,0.34958330670680143,0.0014792899408284023,0.9851576994434137
lfw_final,0.3489103652418866,0.0014792899408284023,0.9855287569573283
lfw_final,0.34771982846362004,0.0018491124260355029,0.9855287569573283
lfw_final,0.34595138536725095,0.0018491124260355029,0.9858998144712431
lfw_final,0.3453228676309438,0.0018491124260355029,0.9862708719851577
lfw_final,0.34483797156339685,0.0018491124260355029,0.9866419294990724
lfw_final,0.340289655847164,0.0018491124260355029,0.987012987012987
lfw_final,0.33970115408669627,0.0018491124260355029,0.9873840445269016
lfw_final,0.33858369432163526,0.0022189349112426036,0.9873840445269016
lfw_final,0.3371937650108504,0.0022189349112426036,0.9877551020408163
lfw_final,0.33606698565013765,0.0022189349112426036,0.9881261595547309
lfw_final,0.3359875893862084,0.0022189349112426036,0.9884972170686457
lfw_final,0.33597901295348714,0.0022189349112426036,0.9888682745825603
lfw_final,0.33346349236923706,0.0025887573964497044,0.9888682745825603
lfw_final,0.33315559751498475,0.0029585798816568047,0.9888682745825603
lfw_final,0.33241407110253385,0.0029585798816568047,0.989239332096475
lfw_final,0.3241419395100512,0.0029585798816568047,0.9896103896103896
lfw_final,0.3215351453225684,0.0033284023668639054,0.9896103896103896
lfw_final,0.3183710698144914,0.0033284023668639054,0.9899814471243042
lfw_final,0.31740801103294264,0.0036982248520710057,0.9899814471243042
lfw_final,0.3149766305785582,0.0040680473372781065,0.9899814471243042
lfw_final,0.31260783096782496,0.004437869822485207,0.9899814471243042
lfw_final,0.3121206880458915,0.004437869822485207,0.9903525046382189
lfw_final,0.30997818811911826,0.004807692307692308,0.9903525046382189
lfw_final,0.30922804667964693,0.005177514792899409,0.9903525046382189
lfw_final,0.3053935235292554,0.005547337278106509,0.9903525046382189
lfw_final,0.3053614491679279,0.005917159763313609,0.9903525046382189
lfw_final,0.3053429285047487,0.005917159763313609,0.9907235621521335
lfw_final,0.30529989924032525,0.00628698224852071,0.9907235621521335
lfw_final,0.30488958897227847,0.006656804733727811,0.9907235621521335
lfw_final,0.30419335658583374,0.0070266272189349116,0.9907235621521335
lfw_final,0.3040344422507519,0.0070266272189349116,0.9910946196660483
lfw_final,0.3040230336293573,0.0073964497041420114,0.9910946196660483
lfw_final,0.3037397555597628,0.0073964497041420114,0.9914656771799629
lfw_final,0.302794002504641,0.0073964497041420114,0.9918367346938776
lfw_final,0.3024888657886106,0.0073964497041420114,0.9922077922077922
lfw_final,0.30246535290970683,0.007766272189349112,0.9922077922077922
lfw_final,0.2960848122759994,0.007766272189349112,0.9925788497217068
lfw_final,0.29518155886791936,0.008136094674556213,0.9925788497217068
lfw_final,0.29457636008653193,0.008505917159763314,0.9925788497217068
lfw_final,0.2939150372504591,0.008875739644970414,0.9925788497217068
lfw_final,0.29275787386795693,0.009245562130177515,0.9925788497217068
lfw_final,0.2924730830016983,0.009615384615384616,0.9925788497217068
lfw_final,0.2908444356602249,0.009985207100591717,0.9925788497217068
lfw_final,0.2892739077885173,0.010355029585798817,0.9925788497217068
lfw_final,0.28835536175322085,0.010724852071005916,0.9925788497217068
lfw_final,0.2880802402287566,0.011094674556213017,0.9925788497217068
lfw_final,0.28756436618603626,0.011464497041420118,0.9925788497217068
lfw_final,0.28729998126051337,0.011834319526627219,0.9925788497217068
lfw_final,0.2867003624970146,0.01220414201183432,0.9925788497217068
lfw_final,0.2865608653519189,0.01257396449704142,0.9925788497217068
lfw_final,0.2862570934668272,0.012943786982248521,0.9925788497217068
lfw_final,0.28427972061163814,0.013313609467455622,0.9925788497217068
lfw_final,0.2842170755537467,0.013683431952662722,0.9925788497217068
lfw_final,0.2833557065178991,0.014053254437869823,0.9925788497217068
lfw_final,0.28283113942084726,0.014053254437869823,0.9929499072356215
lfw_final,0.282790548240871,0.014423076923076924,0.9929499072356215
lfw_final,0.28261698600692825,0.014792899408284023,0.9929499072356215
lfw_final,0.2823351102103763,0.015162721893491124,0.9929499072356215
lfw_final,0.28146220173350067,0.015532544378698224,0.9929499072356215
lfw_final,0.2803527184599763,0.015902366863905327,0.9929499072356215
lfw_final,0.2791077700405211,0.015902366863905327,0.9933209647495361
lfw_final,0.27873922906807364,0.016272189349112426,0.9933209647495361
lfw_final,0.2760542073428715,0.016272189349112426,0.9936920222634509
lfw_final,0.27603370998968235,0.01664201183431953,0.9936920222634509
lfw_final,0.2758486501621653,0.017011834319526627,0.9936920222634509
lfw_final,0.27538083631820104,0.017381656804733726,0.9936920222634509
lfw_final,0.2746293854775323,0.017381656804733726,0.9940630797773655
lfw_final,0.27419481989129596,0.01775147928994083,0.9940630797773655
lfw_final,0.27379402553881277,0.018121301775147928,0.9940630797773655
lfw_final,0.2730999977996697,0.018121301775147928,0.9944341372912802
lfw_final,0.27219099559026366,0.01849112426035503,0.9944341372912802
lfw_final,0.27208381924538505,0.01886094674556213,0.9944341372912802
lfw_final,0.271718182986456,0.019230769230769232,0.9944341372912802
lfw_final,0.2711224645832922,0.01960059171597633,0.9944341372912802
lfw_final,0.2707620585163436,0.019970414201183433,0.9944341372912802
lfw_final,0.2695727868911916,0.020340236686390532,0.9944341372912802
lfw_final,0.2693898993057203,0.020710059171597635,0.9944341372912802
lfw_final,0.269178233641868,0.021079881656804734,0.9944341372912802
lfw_final,0.26582332651150564,0.021449704142011833,0.9944341372912802
lfw_final,0.26565127270949845,0.021819526627218935,0.9944341372912802
lfw_final,0.2656356303549784,0.022189349112426034,0.9944341372912802
lfw_final,0.2652126923695541,0.022559171597633137,0.9944341372912802
lfw_final,0.2640008362084401,0.022928994082840236,0.9944341372912802
lfw_final,0.2635800038379438,0.02329881656804734,0.9944341372912802
lfw_final,0.2632039205189164,0.023668639053254437,0.9944341372912802
lfw_final,0.2628884623351764,0.02403846153846154,0.9944341372912802
lfw_final,0.26257728267409786,0.02440828402366864,0.9944341372912802
lfw_final,0.26212775446029996,0.02477810650887574,0.9944341372912802
lfw_final,0.26088539551904283,0.02514792899408284,0.9944341372912802
lfw_final,0.26037959753563295,0.02551775147928994,0.9944341372912802
lfw_final,0.2602675100718653,0.025887573964497042,0.9944341372912802
lfw_final,0.25945117197221185,0.02625739644970414,0.9944341372912802
lfw_final,0.25916430934878903,0.026627218934911243,0.9944341372912802
lfw_final,0.25896824816175734,0.026997041420118342,0.9944341372912802
lfw_final,0.25858842754641886,0.027366863905325445,0.9944341372912802
lfw_final,0.25806403118918064,0.027736686390532544,0.9944341372912802
lfw_final,0.25789046372370844,0.028106508875739646,0.9944341372912802
lfw_final,0.257510421782725,0.028476331360946745,0.9944341372912802
lfw_final,0.25683497277308526,0.028846153846153848,0.9944341372912802
lfw_final,0.2567523938161207,0.029215976331360947,0.9944341372912802
lfw_final,0.25587906317597553,0.029585798816568046,0.9944341372912802
lfw_final,0.25467503333425995,0.029955621301775148,0.9944341372912802
lfw_final,0.2543551051577966,0.030325443786982247,0.9944341372912802
lfw_final,0.25434696152442493,0.03069526627218935,0.9944341372912802
lfw_final,0.2542653832793167,0.03106508875739645,0.9944341372912802
lfw_final,0.2537852831989834,0.03143491124260355,0.9944341372912802
lfw_final,0.25368552068199346,0.031804733727810654,0.9944341372912802
lfw_final,0.2529361026174204,0.03217455621301775,0.9944341372912802
lfw_final,0.25256621294517906,0.03254437869822485,0.9944341372912802
lfw_final,0.25148100844872745,0.032914201183431954,0.9944341372912802
lfw_final,0.25142776959266067,0.03328402366863906,0.9944341372912802
lfw_final,0.25138094944484884,0.03365384615384615,0.9944341372912802
lfw_final,0.25084716142626906,0.034023668639053255,0.9944341372912802
lfw_final,0.2506154860717609,0.03439349112426036,0.9944341372912802
lfw_final,0.2494840589603477,0.03476331360946745,0.9944341372912802
lfw_final,0.24936173144946222,0.035133136094674555,0.9944341372912802
lfw_final,0.24871725889791751,0.03550295857988166,0.9944341372912802
lfw_final,0.24840493450227993,0.03587278106508876,0.9944341372912802
lfw_final,0.24837257593891726,0.036242603550295856,0.9944341372912802
lfw_final,0.24820130348877345,0.03661242603550296,0.9944341372912802
lfw_final,0.24790947734186675,0.03698224852071006,0.9944341372912802
lfw_final,0.24772153416367126,0.03735207100591716,0.9944341372912802
lfw_final,0.24763294984834516,0.03772189349112426,0.9944341372912802
lfw_final,0.2462957809653034,0.03809171597633136,0.9944341372912802
lfw_final,0.24539436702094036,0.038461538461538464,0.9944341372912802
lfw_final,0.24498416701032452,0.03883136094674556,0.9944341372912802
lfw_final,0.2449122231040574,0.03920118343195266,0.9944341372912802
lfw_final,0.24472301340279118,0.039571005917159764,0.9944341372912802
lfw_final,0.24410912723665426,0.03994082840236687,0.9944341372912802
lfw_final,0.24392968759181524,0.04031065088757396,0.9944341372912802
lfw_final,0.2436092999328806,0.040680473372781065,0.9944341372912802
lfw_final,0.2422988006789533,0.04105029585798817,0.9944341372912802
lfw_final,0.24187877916213626,0.04142011834319527,0.9944341372912802
lfw_final,0.2402738613025956,0.041789940828402365,0.9944341372912802
lfw_final,0.24016970961090062,0.04215976331360947,0.9944341372912802
lfw_final,0.23997559393405582,0.04252958579881657,0.9944341372912802
lfw_final,0.23961979387809182,0.042899408284023666,0.9944341372912802
lfw_final,0.23952452234141042,0.04326923076923077,0.9944341372912802
lfw_final,0.23927082822986095,0.04363905325443787,0.9944341372912802
lfw_final,0.2390596382354913,0.04400887573964497,0.9944341372912802
lfw_final,0.2388798526194613,0.04437869822485207,0.9944341372912802
lfw_final,0.23853743327345364,0.04474852071005917,0.9944341372912802
lfw_final,0.23841284352566444,0.045118343195266274,0.9944341372912802
lfw_final,0.23787846176434022,0.045488165680473376,0.9944341372912802
lfw_final,0.23753698866224576,0.04585798816568047,0.9944341372912802
lfw_final,0.2373580686401204,0.046227810650887574,0.9944341372912802
lfw_final,0.23656079956075662,0.04659763313609468,0.9944341372912802
lfw_final,0.23626346864716674,0.04696745562130177,0.9944341372912802
lfw_final,0.23560558133524784,0.047337278106508875,0.9944341372912802
lfw_final,0.2355294943753459,0.04770710059171598,0.9944341372912802
lfw_final,0.23523605366216196,0.04807692307692308,0.9944341372912802
lfw_final,0.23512536724231395,0.048446745562130175,0.9944341372912802
lfw_final,0.234465921429106,0.04881656804733728,0.9944341372912802
lfw_final,0.23377454803974468,0.04918639053254438,0.9944341372912802
lfw_final,0.2335028327022935,0.04955621301775148,0.9944341372912802
lfw_final,0.23323324915384613,0.04992603550295858,0.9944341372912802
lfw_final,0.2329626985115217,0.05029585798816568,0.9944341372912802
lfw_final,0.23287236810976494,0.05066568047337278,0.9944341372912802
lfw_final,0.2327875116453782,0.05103550295857988,0.9944341372912802
lfw_final,0.23247696942252621,0.05103550295857988,0.9948051948051948
lfw_final,0.2316753670785654,0.05140532544378698,0.9948051948051948
lfw_final,0.23160183190209238,0.051775147928994084,0.9948051948051948
lfw_final,0.23150428584747773,0.052144970414201186,0.9948051948051948
lfw_final,0.2309489275753306,0.05251479289940828,0.9948051948051948
lfw_final,0.22996446083398625,0.052884615384615384,0.9948051948051948
lfw_final,0.22987687159921846,0.05325443786982249,0.9948051948051948
lfw_final,0.22968909277210875,0.05362426035502959,0.9948051948051948
lfw_final,0.22914012158187952,0.053994082840236685,0.9948051948051948
lfw_final,0.22902607328586,0.05436390532544379,0.9948051948051948
lfw_final,0.2277191350346478,0.05473372781065089,0.9948051948051948
lfw_final,0.22761387573454214,0.055103550295857985,0.9948051948051948
lfw_final,0.2274591020729374,0.05547337278106509,0.9948051948051948
lfw_final,0.2271095878691582,0.05584319526627219,0.9948051948051948
lfw_final,0.22646795099621417,0.05621301775147929,0.9948051948051948
lfw_final,0.226235821889879,0.05621301775147929,0.9951762523191094
lfw_final,0.22620493479367518,0.05658284023668639,0.9951762523191094
lfw_final,0.22605715883217628,0.05695266272189349,0.9951762523191094
lfw_final,0.22594559741239736,0.05732248520710059,0.9951762523191094
lfw_final,0.22589141273121993,0.057692307692307696,0.9951762523191094
lfw_final,0.22570332058438336,0.05806213017751479,0.9951762523191094
lfw_final,0.2256849273324046,0.058431952662721894,0.9951762523191094
lfw_final,0.2255548259710855,0.058801775147928996,0.9951762523191094
lfw_final,0.22539322797775438,0.05917159763313609,0.9951762523191094
lfw_final,0.2251431636533717,0.059541420118343194,0.9951762523191094
lfw_final,0.22495941964022273,0.059911242603550297,0.9951762523191094
lfw_final,0.22461822555960675,0.0602810650887574,0.9951762523191094
lfw_final,0.22460753373923437,0.060650887573964495,0.9951762523191094
lfw_final,0.22438791868248753,0.0610207100591716,0.9951762523191094
lfw_final,0.22396306415629802,0.0613905325443787,0.9951762523191094
lfw_final,0.2239101519541373,0.0617603550295858,0.9951762523191094
lfw_final,0.2239070134244096,0.0617603550295858,0.9955473098330241
lfw_final,0.22378743137438256,0.0621301775147929,0.9955473098330241
lfw_final,0.22339596672152526,0.0625,0.9955473098330241
lfw_final,0.2232163355630002,0.0628698224852071,0.9955473098330241
lfw_final,0.22318140111872437,0.0632396449704142,0.9955473098330241
lfw_final,0.2228353618243652,0.06360946745562131,0.9955473098330241
lfw_final,0.2226114650106763,0.0639792899408284,0.9955473098330241
lfw_final,0.2219051191764654,0.0643491124260355,0.9955473098330241
lfw_final,0.2217422383410959,0.0647189349112426,0.9955473098330241
lfw_final,0.22163750052351078,0.0650887573964497,0.9955473098330241
lfw_final,0.22134620849906764,0.0654585798816568,0.9955473098330241
lfw_final,0.22098031977670626,0.06582840236686391,0.9955473098330241
lfw_final,0.22070818289401548,0.06619822485207101,0.9955473098330241
lfw_final,0.22040289858407303,0.06656804733727811,0.9955473098330241
lfw_final,0.22025908990940282,0.0669378698224852,0.9955473098330241
lfw_final,0.22025521754361627,0.0673076923076923,0.9955473098330241
lfw_final,0.22013731491061195,0.06767751479289941,0.9955473098330241
lfw_final,0.22006219617143286,0.06804733727810651,0.9955473098330241
lfw_final,0.21971559982109104,0.06841715976331361,0.9955473098330241
lfw_final,0.21933943499080272,0.06878698224852071,0.9955473098330241
lfw_final,0.21900480607191547,0.06915680473372782,0.9955473098330241
lfw_final,0.21890600809431032,0.0695266272189349,0.9955473098330241
lfw_final,0.21886084488990326,0.06989644970414201,0.9955473098330241
lfw_final,0.21817794363657017,0.07026627218934911,0.9955473098330241
lfw_final,0.21752526725085683,0.07063609467455621,0.9955473098330241
lfw_final,0.21750212943206498,0.07100591715976332,0.9955473098330241
lfw_final,0.2171098113071368,0.07137573964497042,0.9955473098330241
lfw_final,0.21709624172326786,0.07174556213017752,0.9955473098330241
lfw_final,0.21691014808113873,0.07211538461538461,0.9955473098330241
lfw_final,0.21675306161728042,0.07248520710059171,0.9955473098330241
lfw_final,0.21643466438566616,0.07285502958579881,0.9955473098330241
lfw_final,0.21641137131574456,0.07322485207100592,0.9955473098330241
lfw_final,0.21613946049551455,0.07359467455621302,0.9955473098330241
lfw_final,0.21593214729654364,0.07396449704142012,0.9955473098330241
lfw_final,0.2158758975101129,0.07433431952662722,0.9955473098330241
lfw_final,0.21563568308781483,0.07470414201183433,0.9955473098330241
lfw_final,0.21548476994646676,0.07507396449704141,0.9955473098330241
lfw_final,0.21540484742249869,0.07544378698224852,0.9955473098330241
lfw_final,0.21539910245260993,0.07581360946745562,0.9955473098330241
lfw_final,0.21512064933137293,0.07618343195266272,0.9955473098330241
lfw_final,0.21498616413733934,0.07655325443786982,0.9955473098330241
lfw_final,0.21487390969218131,0.07692307692307693,0.9955473098330241
lfw_final,0.21487176126337737,0.07729289940828403,0.9955473098330241
lfw_final,0.21416771645418936,0.07766272189349112,0.9955473098330241
lfw_final,0.2140493144554796,0.07803254437869822,0.9955473098330241
lfw_final,0.21378520080302799,0.07840236686390532,0.9955473098330241
lfw_final,0.2136888135839199,0.07877218934911243,0.9955473098330241
lfw_final,0.21256219918727604,0.07914201183431953,0.9955473098330241
lfw_final,0.21226130135340163,0.07951183431952663,0.9955473098330241
lfw_final,0.21218979764829415,0.07988165680473373,0.9955473098330241
lfw_final,0.21178522244476056,0.08025147928994082,0.9955473098330241
lfw_final,0.21170889505799467,0.08062130177514792,0.9955473098330241
lfw_final,0.21128571598674079,0.08099112426035503,0.9955473098330241
lfw_final,0.21121787736161585,0.08136094674556213,0.9955473098330241
lfw_final,0.21115477964828427,0.08173076923076923,0.9955473098330241
lfw_final,0.21084302730793297,0.08210059171597633,0.9955473098330241
lfw_final,0.21038930543037818,0.08247041420118344,0.9955473098330241
lfw_final,0.210361230634244,0.08284023668639054,0.9955473098330241
lfw_final,0.20997187633552974,0.08321005917159763,0.9955473098330241
lfw_final,0.2097533420432861,0.08357988165680473,0.9955473098330241
lfw_final,0.2097179073761327,0.08394970414201183,0.9955473098330241
lfw_final,0.20966541020785262,0.08431952662721894,0.9955473098330241
lfw_final,0.2095537104973725,0.08468934911242604,0.9955473098330241
lfw_final,0.2094870798204086,0.08505917159763314,0.9955473098330241
lfw_final,0.20844999128217082,0.08542899408284024,0.9955473098330241
lfw_final,0.20818056960987216,0.08579881656804733,0.9955473098330241
lfw_final,0.208058396692499,0.08616863905325443,0.9955473098330241
lfw_final,0.2075810092715637,0.08653846153846154,0.9955473098330241
lfw_final,0.20747985073803615,0.08690828402366864,0.9955473098330241
lfw_final,0.20740764238060902,0.08727810650887574,0.9955473098330241
lfw_final,0.20735648114419492,0.08764792899408284,0.9955473098330241
lfw_final,0.20723747218723665,0.08801775147928995,0.9955473098330241
lfw_final,0.2070123431927268,0.08838757396449703,0.9955473098330241
lfw_final,0.20617593857112565,0.08875739644970414,0.9955473098330241
lfw_final,0.20607898791700696,0.08912721893491124,0.9955473098330241
lfw_final,0.2056742682408954,0.08949704142011834,0.9955473098330241
lfw_final,0.20521178598032008,0.08986686390532544,0.9955473098330241
lfw_final,0.2045855111874596,0.09023668639053255,0.9955473098330241
lfw_final,0.20427974047762715,0.09060650887573965,0.9955473098330241
lfw_final,0.20419726977617417,0.09097633136094675,0.9955473098330241
lfw_final,0.20418539824908832,0.09134615384615384,0.9955473098330241
lfw_final,0.20386608744848572,0.09171597633136094,0.9955473098330241
lfw_final,0.20379566868053456,0.09208579881656805,0.9955473098330241
lfw_final,0.20372784224040152,0.09245562130177515,0.9955473098330241
lfw_final,0.20338653159019765,0.09282544378698225,0.9955473098330241
lfw_final,0.20307810442325624,0.09319526627218935,0.9955473098330241
lfw_final,0.2030000363752444,0.09356508875739646,0.9955473098330241
lfw_final,0.2026403932455137,0.09393491124260354,0.9955473098330241
lfw_final,0.20246220224065947,0.09430473372781065,0.9955473098330241
lfw_final,0.20244572472750422,0.09467455621301775,0.9955473098330241
lfw_final,0.20232640160138304,0.09504437869822485,0.9955473098330241
lfw_final,0.2023092026542792,0.09541420118343195,0.9955473098330241
lfw_final,0.20229812054942758,0.09578402366863906,0.9955473098330241
lfw_final,0.201861369614941,0.09615384615384616,0.9955473098330241
lfw_final,0.20168753197535905,0.09652366863905325,0.9955473098330241
lfw_final,0.20167797381452526,0.09689349112426035,0.9955473098330241
lfw_final,0.2014395692801598,0.09726331360946745,0.9955473098330241
lfw_final,0.20143502539069202,0.09763313609467456,0.9955473098330241
lfw_final,0.20141102256920787,0.09800295857988166,0.9955473098330241
lfw_final,0.20127923449058577,0.09837278106508876,0.9955473098330241
lfw_final,0.20111115005810365,0.09874260355029586,0.9955473098330241
lfw_final,0.20109541532705513,0.09911242603550297,0.9955473098330241
lfw_final,0.20108537344603195,0.09948224852071005,0.9955473098330241
lfw_final,0.20105128088849236,0.09985207100591716,0.9955473098330241
lfw_final,0.2008217140345163,0.10022189349112426,0.9955473098330241
lfw_final,0.20078225836250235,0.10059171597633136,0.9955473098330241
lfw_final,0.20046015172597503,0.10096153846153846,0.9955473098330241
lfw_final,0.20044842808063254,0.10133136094674557,0.9955473098330241
lfw_final,0.20039550953483937,0.10170118343195267,0.9955473098330241
lfw_final,0.20036216380018224,0.10207100591715976,0.9955473098330241
lfw_final,0.20035830312248026,0.10244082840236686,0.9955473098330241
lfw_final,0.20025237932808154,0.10281065088757396,0.9955473098330241
lfw_final,0.20001867856014777,0.10318047337278106,0.9955473098330241
lfw_final,0.1999255496166013,0.10355029585798817,0.9955473098330241
lfw_final,0.19982710868996728,0.10392011834319527,0.9955473098330241
lfw_final,0.19978137205915408,0.10428994082840237,0.9955473098330241
lfw_final,0.199452533474549,0.10465976331360946,0.9955473098330241
lfw_final,0.19941765329018343,0.10502958579881656,0.9955473098330241
lfw_final,0.19929403104037685,0.10539940828402367,0.9955473098330241
lfw_final,0.19913393426266135,0.10576923076923077,0.9955473098330241
lfw_final,0.1991310670089088,0.10613905325443787,0.9955473098330241
lfw_final,0.1990338458067559,0.10650887573964497,0.9955473098330241
lfw_final,0.1988741250149893,0.10687869822485208,0.9955473098330241
lfw_final,0.19881654022031053,0.10724852071005918,0.9955473098330241
lfw_final,0.19880285060763472,0.10761834319526627,0.9955473098330241
lfw_final,0.19837235564670708,0.10798816568047337,0.9955473098330241
lfw_final,0.19831234840230763,0.10835798816568047,0.9955473098330241
lfw_final,0.19818883284039668,0.10872781065088757,0.9955473098330241
lfw_final,0.1980686892122216,0.10909763313609468,0.9955473098330241
lfw_final,0.197814897896591,0.10946745562130178,0.9955473098330241
lfw_final,0.19776186719660596,0.10983727810650888,0.9955473098330241
lfw_final,0.19753228510263496,0.10983727810650888,0.9959183673469387
lfw_final,0.1973312326658736,0.11020710059171597,0.9959183673469387
lfw_final,0.19686485753343552,0.11057692307692307,0.9959183673469387
lfw_final,0.19668042043216072,0.11094674556213018,0.9959183673469387
lfw_final,0.1964475079661579,0.11131656804733728,0.9959183673469387
lfw_final,0.19639770535118628,0.11168639053254438,0.9959183673469387
lfw_final,0.19625273514709254,0.11205621301775148,0.9959183673469387
lfw_final,0.19606763180023326,0.11242603550295859,0.9959183673469387
lfw_final,0.1960550806927719,0.11279585798816567,0.9959183673469387
lfw_final,0.1960320736353786,0.11316568047337278,0.9959183673469387
lfw_final,0.1959652624486179,0.11353550295857988,0.9959183673469387
lfw_final,0.19575588094002186,0.11390532544378698,0.9959183673469387
lfw_final,0.19574702653518486,0.11427514792899408,0.9959183673469387
lfw_final,0.19560623099896796,0.11464497041420119,0.9959183673469387
lfw_final,0.19542421455615974,0.11501479289940829,0.9959183673469387
lfw_final,0.19521114309969007,0.11538461538461539,0.9959183673469387
lfw_final,0.19511438973393502,0.11575443786982248,0.9959183673469387
lfw_final,0.19500669868223458,0.11612426035502958,0.9959183673469387
lfw_final,0.19499341023200994,0.11649408284023668,0.9959183673469387
lfw_final,0.1948331963950209,0.11686390532544379,0.9959183673469387
lfw_final,0.194499422126092,0.11723372781065089,0.9959183673469387
lfw_final,0.19447080679021905,0.11760355029585799,0.9959183673469387
lfw_final,0.19418480489286136,0.1179733727810651,0.9959183673469387
lfw_final,0.1940922532257938,0.11834319526627218,0.9959183673469387
lfw_final,0.19408581672904585,0.11871301775147929,0.9959183673469387
lfw_final,0.19359204765917712,0.11908284023668639,0.9959183673469387
lfw_final,0.19333217063097993,0.11945266272189349,0.9959183673469387
lfw_final,0.19322989907980068,0.11982248520710059,0.9959183673469387
lfw_final,0.19318025120718985,0.1201923076923077,0.9959183673469387
lfw_final,0.1931698739730901,0.1205621301775148,0.9959183673469387
lfw_final,0.19272572267255977,0.12093195266272189,0.9959183673469387
lfw_final,0.19258829253760126,0.12130177514792899,0.9959183673469387
lfw_final,0.1925265189412493,0.12167159763313609,0.9959183673469387
lfw_final,0.19241222540217923,0.1220414201183432,0.9959183673469387
lfw_final,0.19229102169656084,0.1224112426035503,0.9959183673469387
lfw_final,0.19198971744690696,0.1227810650887574,0.9959183673469387
lfw_final,0.19185130472234366,0.1231508875739645,0.9959183673469387
lfw_final,0.19142678414317446,0.1235207100591716,0.9959183673469387
lfw_final,0.1912725965343215,0.12389053254437869,0.9959183673469387
lfw_final,0.19112186846267423,0.1242603550295858,0.9959183673469387
lfw_final,0.1908762894241008,0.1246301775147929,0.9959183673469387
lfw_final,0.19081474522618116,0.1246301775147929,0.9962894248608535
lfw_final,0.19073827905640287,0.125,0.9962894248608535
lfw_final,0.19069442339071185,0.1253698224852071,0.9962894248608535
lfw_final,0.19032112876365317,0.1257396449704142,0.9962894248608535
lfw_final,0.190073466125613,0.1261094674556213,0.9962894248608535
lfw_final,0.18983195743318915,0.1264792899408284,0.9962894248608535
lfw_final,0.18977898172970298,0.1268491124260355,0.9962894248608535
lfw_final,0.18971713406072083,0.12721893491124261,0.9962894248608535
lfw_final,0.18955566544567792,0.1275887573964497,0.9962894248608535
lfw_final,0.18943571671684556,0.1279585798816568,0.9962894248608535
lfw_final,0.18904083477413466,0.1283284023668639,0.9962894248608535
lfw_final,0.18898768795596316,0.128698224852071,0.9962894248608535
lfw_final,0.18881621370529242,0.1290680473372781,0.9962894248608535
lfw_final,0.18879361568081504,0.1294378698224852,0.9962894248608535
lfw_final,0.18861348288801694,0.12980769230769232,0.9962894248608535
lfw_final,0.18856764204944357,0.1301775147928994,0.9962894248608535
lfw_final,0.1885525000335386,0.1305473372781065,0.9962894248608535
lfw_final,0.1884708763772712,0.1309171597633136,0.9962894248608535
lfw_final,0.18844713620135534,0.1312869822485207,0.9962894248608535
lfw_final,0.18830797659104334,0.13165680473372782,0.9962894248608535
lfw_final,0.18808840591751697,0.1320266272189349,0.9962894248608535
lfw_final,0.18781034403527533,0.13239644970414202,0.9962894248608535
lfw_final,0.18780934791602769,0.1327662721893491,0.9962894248608535
lfw_final,0.1871541339682964,0.13313609467455623,0.9962894248608535
lfw_final,0.1871461645132725,0.13350591715976332,0.9962894248608535
lfw_final,0.18703299890196556,0.1338757396449704,0.9962894248608535
lfw_final,0.1870305666255753,0.13424556213017752,0.9962894248608535
lfw_final,0.18679873268323338,0.1346153846153846,0.9962894248608535
lfw_final,0.18672255666025953,0.13498520710059173,0.9962894248608535
lfw_final,0.18667098497676363,0.13535502958579881,0.9962894248608535
lfw_final,0.1866484620387565,0.13572485207100593,0.9962894248608535
lfw_final,0.18657918709333737,0.13609467455621302,0.9962894248608535
lfw_final,0.186503547851182,0.1364644970414201,0.9962894248608535
lfw_final,0.1862279948862181,0.13683431952662722,0.9962894248608535
lfw_final,0.18604266482237763,0.1372041420118343,0.9962894248608535
lfw_final,0.18591965338412897,0.13757396449704143,0.9962894248608535
lfw_final,0.18540811732700785,0.13794378698224852,0.9962894248608535
lfw_final,0.18539747082826713,0.13831360946745563,0.9962894248608535
lfw_final,0.18513067856577325,0.13868343195266272,0.9962894248608535
lfw_final,0.1851292990830411,0.1390532544378698,0.9962894248608535
lfw_final,0.1850878668714346,0.13942307692307693,0.9962894248608535
lfw_final,0.18506320696435968,0.13979289940828402,0.9962894248608535
lfw_final,0.18504155039786002,0.14016272189349113,0.9962894248608535
lfw_final,0.18476948770632676,0.14053254437869822,0.9962894248608535
lfw_final,0.18437249611193798,0.14090236686390534,0.9962894248608535
lfw_final,0.18413634914302943,0.14127218934911243,0.9962894248608535
lfw_final,0.18394037219932027,0.14164201183431951,0.9962894248608535
lfw_final,0.1838190859343064,0.14201183431952663,0.9962894248608535
lfw_final,0.18323645068181926,0.14238165680473372,0.9962894248608535
lfw_final,0.1832319475118896,0.14275147928994084,0.9962894248608535
lfw_final,0.18275873980417234,0.14312130177514792,0.9962894248608535
lfw_final,0.1827442025713479,0.14349112426035504,0.9962894248608535
lfw_final,0.18271037143517918,0.14386094674556213,0.9962894248608535
lfw_final,0.18245404272458024,0.14423076923076922,0.9962894248608535
lfw_final,0.18224535037778133,0.14460059171597633,0.9962894248608535
lfw_final,0.18202603779981674,0.14497041420118342,0.9962894248608535
lfw_final,0.1815862014179293,0.14534023668639054,0.9962894248608535
lfw_final,0.18139126573343514,0.14571005917159763,0.9962894248608535
lfw_final,0.1813129368486337,0.14607988165680474,0.9962894248608535
lfw_final,0.1811809570072834,0.14644970414201183,0.9962894248608535
lfw_final,0.18103309232192222,0.14681952662721892,0.9962894248608535
lfw_final,0.18073809938312432,0.14718934911242604,0.9962894248608535
lfw_final,0.1804021660428476,0.14755917159763313,0.9962894248608535
lfw_final,0.18028614735656281,0.14792899408284024,0.9962894248608535
lfw_final,0.18021676475402243,0.14829881656804733,0.9962894248608535
lfw_final,0.1802150180393362,0.14866863905325445,0.9962894248608535
lfw_final,0.18004888658454288,0.14903846153846154,0.9962894248608535
lfw_final,0.17990060707901726,0.14940828402366865,0.9962894248608535
lfw_final,0.17987037064617153,0.14977810650887574,0.9962894248608535
lfw_final,0.17943890077230631,0.15014792899408283,0.9962894248608535
lfw_final,0.1792726859716589,0.15051775147928995,0.9962894248608535
lfw_final,0.17865690841492077,0.15088757396449703,0.9962894248608535
lfw_final,0.17838927852810868,0.15125739644970415,0.9962894248608535
lfw_final,0.1779624115155355,0.15162721893491124,0.9962894248608535
lfw_final,0.17773218562313317,0.15199704142011836,0.9962894248608535
lfw_final,0.17763983379629938,0.15236686390532544,0.9962894248608535
lfw_final,0.17757788749871076,0.15273668639053253,0.9962894248608535
lfw_final,0.17719977785382293,0.15310650887573965,0.9962894248608535
lfw_final,0.17712308792273418,0.15347633136094674,0.9962894248608535
lfw_final,0.1770020985445632,0.15384615384615385,0.9962894248608535
lfw_final,0.176979370728431,0.15421597633136094,0.9962894248608535
lfw_final,0.17696838535697812,0.15458579881656806,0.9962894248608535
lfw_final,0.17690779869818682,0.15495562130177515,0.9962894248608535
lfw_final,0.1767842682482619,0.15532544378698224,0.9962894248608535
lfw_final,0.1761957811726479,0.15569526627218935,0.9962894248608535
lfw_final,0.1761000907118705,0.15606508875739644,0.9962894248608535
lfw_final,0.17607444608959844,0.15643491124260356,0.9962894248608535
lfw_final,0.1759889941420914,0.15680473372781065,0.9962894248608535
lfw_final,0.17593537444742743,0.15717455621301776,0.9962894248608535
lfw_final,0.17570460103289476,0.15754437869822485,0.9962894248608535
lfw_final,0.17563867354441767,0.15791420118343194,0.9962894248608535
lfw_final,0.17558332335564902,0.15828402366863906,0.9962894248608535
lfw_final,0.17533819949426022,0.15865384615384615,0.9962894248608535
lfw_final,0.1752192488394369,0.15902366863905326,0.9962894248608535
lfw_final,0.1750926310579781,0.15939349112426035,0.9962894248608535
lfw_final,0.17507946374447855,0.15976331360946747,0.9962894248608535
lfw_final,0.17489900803307873,0.16013313609467456,0.9962894248608535
lfw_final,0.1748012837707502,0.16050295857988164,0.9962894248608535
lfw_final,0.17478668604249875,0.16087278106508876,0.9962894248608535
lfw_final,0.17446594657565295,0.16124260355029585,0.9962894248608535
lfw_final,0.17438218615219597,0.16161242603550297,0.9962894248608535
lfw_final,0.17433142678774077,0.16198224852071005,0.9962894248608535
lfw_final,0.1742805943794237,0.16235207100591717,0.9962894248608535
lfw_final,0.17421869877993668,0.16272189349112426,0.9962894248608535
lfw_final,0.1740739538370988,0.16309171597633135,0.9962894248608535
lfw_final,0.17405725744259146,0.16346153846153846,0.9962894248608535
lfw_final,0.17398415120407923,0.16383136094674555,0.9962894248608535
lfw_final,0.17390091419989154,0.16420118343195267,0.9962894248608535
lfw_final,0.17368452733102796,0.16457100591715976,0.9962894248608535
lfw_final,0.17333563908635438,0.16494082840236687,0.9962894248608535
lfw_final,0.17309630916762117,0.16531065088757396,0.9962894248608535
lfw_final,0.1729204212625558,0.16568047337278108,0.9962894248608535
lfw_final,0.17290132953159285,0.16605029585798817,0.9962894248608535
lfw_final,0.17287170499559446,0.16642011834319526,0.9962894248608535
lfw_final,0.1725810895643316,0.16678994082840237,0.9962894248608535
lfw_final,0.17247791411013189,0.16715976331360946,0.9962894248608535
lfw_final,0.17235774343575294,0.16752958579881658,0.9962894248608535
lfw_final,0.17219651469070432,0.16789940828402367,0.9962894248608535
lfw_final,0.17183274556637734,0.16826923076923078,0.9962894248608535
lfw_final,0.171783064417694,0.16863905325443787,0.9962894248608535
lfw_final,0.17174387448457618,0.16900887573964496,0.9962894248608535
lfw_final,0.17169415237665134,0.16937869822485208,0.9962894248608535
lfw_final,0.1712712882774719,0.16974852071005916,0.9962894248608535
lfw_final,0.17118805777687235,0.17011834319526628,0.9962894248608535
lfw_final,0.17111007857064972,0.17048816568047337,0.9962894248608535
lfw_final,0.171032089694258,0.17085798816568049,0.9962894248608535
lfw_final,0.17099818799085656,0.17122781065088757,0.9962894248608535
lfw_final,0.17096917010422952,0.17159763313609466,0.9962894248608535
lfw_final,0.17091237206136117,0.17196745562130178,0.9962894248608535
lfw_final,0.17084396248637218,0.17233727810650887,0.9962894248608535
lfw_final,0.17037411944868144,0.17270710059171598,0.9962894248608535
lfw_final,0.1702433104195215,0.17307692307692307,0.9962894248608535
lfw_final,0.17018802611548642,0.1734467455621302,0.9962894248608535
lfw_final,0.170077574809616,0.17381656804733728,0.9962894248608535
lfw_final,0.1699862706503536,0.17418639053254437,0.9962894248608535
lfw_final,0.16991883560184542,0.17455621301775148,0.9962894248608535
lfw_final,0.16987966169173652,0.17492603550295857,0.9962894248608535
lfw_final,0.16986673613983702,0.1752958579881657,0.9962894248608535
lfw_final,0.16956529484130853,0.17566568047337278,0.9962894248608535
lfw_final,0.16937171879755578,0.1760355029585799,0.9962894248608535
lfw_final,0.1692283053640674,0.17640532544378698,0.9962894248608535
lfw_final,0.1690478169763731,0.17677514792899407,0.9962894248608535
lfw_final,0.16880599180854533,0.17714497041420119,0.9962894248608535
lfw_final,0.16875489597196314,0.17751479289940827,0.9962894248608535
lfw_final,0.16871352918556914,0.1778846153846154,0.9962894248608535
lfw_final,0.16858936284614007,0.17825443786982248,0.9962894248608535
lfw_final,0.16851774066124606,0.1786242603550296,0.9962894248608535
lfw_final,0.16834401590129,0.17899408284023668,0.9962894248608535
lfw_final,0.16805871947494103,0.17936390532544377,0.9962894248608535
lfw_final,0.16779451334137205,0.1797337278106509,0.9962894248608535
lfw_final,0.1676583681253498,0.18010355029585798,0.9962894248608535
lfw_final,0.1674310904468404,0.1804733727810651,0.9962894248608535
lfw_final,0.16739136994192164,0.18084319526627218,0.9962894248608535
lfw_final,0.167304231766638,0.1812130177514793,0.9962894248608535
lfw_final,0.16727680691278315,0.1815828402366864,0.9962894248608535
lfw_final,0.16718142887768722,0.1819526627218935,0.9962894248608535
lfw_final,0.16696435104721968,0.1823224852071006,0.9962894248608535
lfw_final,0.16683684128408538,0.18269230769230768,0.9962894248608535
lfw_final,0.16679892685057365,0.1830621301775148,0.9962894248608535
lfw_final,0.16670884930154806,0.1834319526627219,0.9962894248608535
lfw_final,0.16669357123993656,0.183801775147929,0.9962894248608535
lfw_final,0.1666626433347015,0.1841715976331361,0.9962894248608535
lfw_final,0.1665971692432531,0.1845414201183432,0.9962894248608535
lfw_final,0.1661503799123315,0.1849112426035503,0.9962894248608535
lfw_final,0.16610512316164505,0.18528106508875739,0.9962894248608535
lfw_final,0.16608916203137067,0.1856508875739645,0.9962894248608535
lfw_final,0.16602153893649993,0.1860207100591716,0.9962894248608535
lfw_final,0.16589259582530191,0.1863905325443787,0.9962894248608535
lfw_final,0.16585548430531796,0.1867603550295858,0.9962894248608535
lfw_final,0.16582785444287998,0.1871301775147929,0.9962894248608535
lfw_final,0.1657568135814353,0.1875,0.9962894248608535
lfw_final,0.1656875960462038,0.1878698224852071,0.9962894248608535
lfw_final,0.16560363319406557,0.1882396449704142,0.9962894248608535
lfw_final,0.16550474425518885,0.1886094674556213,0.9962894248608535
lfw_final,0.16542996143318903,0.1889792899408284,0.9962894248608535
lfw_final,0.1654041896130755,0.1893491124260355,0.9962894248608535
lfw_final,0.1653460755970898,0.18971893491124261,0.9962894248608535
lfw_final,0.16529144094371298,0.1900887573964497,0.9962894248608535
lfw_final,0.16520547612873235,0.1904585798816568,0.9962894248608535
lfw_final,0.1647744849716348,0.1908284023668639,0.9962894248608535
lfw_final,0.16460652003127507,0.191198224852071,0.9962894248608535
lfw_final,0.16457090462016327,0.191198224852071,0.9966604823747681
lfw_final,0.1645680114215193,0.1915680473372781,0.9966604823747681
lfw_final,0.16449101511486486,0.1919378698224852,0.9966604823747681
lfw_final,0.16444833588737637,0.19230769230769232,0.9966604823747681
lfw_final,0.1643562520641549,0.1926775147928994,0.9966604823747681
lfw_final,0.164183673564414,0.1930473372781065,0.9966604823747681
lfw_final,0.16411854481542743,0.1934171597633136,0.9966604823747681
lfw_final,0.16408814881354641,0.1937869822485207,0.9966604823747681
lfw_final,0.1639702943797215,0.19415680473372782,0.9966604823747681
lfw_final,0.1638992051152441,0.1945266272189349,0.9966604823747681
lfw_final,0.16380931853854094,0.19489644970414202,0.9966604823747681
lfw_final,0.16367453221978737,0.1952662721893491,0.9966604823747681
lfw_final,0.16361416489948227,0.19563609467455623,0.9966604823747681
lfw_final,0.1634905263845644,0.19600591715976332,0.9966604823747681
lfw_final,0.16343100108376096,0.1963757396449704,0.9966604823747681
lfw_final,0.16329931546009163,0.19674556213017752,0.9966604823747681
lfw_final,0.1631091861744061,0.1971153846153846,0.9966604823747681
lfw_final,0.16287424894936842,0.19748520710059173,0.9966604823747681
lfw_final,0.1628675941223558,0.19785502958579881,0.9966604823747681
lfw_final,0.1626170423522306,0.19822485207100593,0.9966604823747681
lfw_final,0.1625126068324234,0.19859467455621302,0.9966604823747681
lfw_final,0.16250648863017642,0.1989644970414201,0.9966604823747681
lfw_final,0.16240101103826132,0.19933431952662722,0.9966604823747681
lfw_final,0.16232637572541278,0.1997041420118343,0.9966604823747681
lfw_final,0.16229798664179226,0.20007396449704143,0.9966604823747681
lfw_final,0.1622865515557047,0.20044378698224852,0.9966604823747681
lfw_final,0.16183515439843854,0.20081360946745563,0.9966604823747681
lfw_final,0.1616895120570915,0.20118343195266272,0.9966604823747681
lfw_final,0.16143169887878797,0.2015532544378698,0.9966604823747681
lfw_final,0.1614310001865764,0.20192307692307693,0.9966604823747681
lfw_final,0.16129396319466552,0.20229289940828402,0.9966604823747681
lfw_final,0.16129317750981326,0.20266272189349113,0.9966604823747681
lfw_final,0.16116374906468117,0.20303254437869822,0.9966604823747681
lfw_final,0.16087120097796992,0.20340236686390534,0.9966604823747681
lfw_final,0.16086233769587052,0.20377218934911243,0.9966604823747681
lfw_final,0.1606132983308958,0.20414201183431951,0.9966604823747681
lfw_final,0.1604502246089084,0.20451183431952663,0.9966604823747681
lfw_final,0.16037755882687177,0.20488165680473372,0.9966604823747681
lfw_final,0.160366970974695,0.20525147928994084,0.9966604823747681
lfw_final,0.1603149782383174,0.20562130177514792,0.9966604823747681
lfw_final,0.16026929087688582,0.20599112426035504,0.9966604823747681
lfw_final,0.16021609213983484,0.20636094674556213,0.9966604823747681
lfw_final,0.16016719864645584,0.20673076923076922,0.9966604823747681
lfw_final,0.16007420444014794,0.20710059171597633,0.9966604823747681
lfw_final,0.15988278869248246,0.20747041420118342,0.9966604823747681
lfw_final,0.15983059323601226,0.20784023668639054,0.9966604823747681
lfw_final,0.15977441112078405,0.20821005917159763,0.9966604823747681
lfw_final,0.15969912655278481,0.20857988165680474,0.9966604823747681
lfw_final,0.1594695858575479,0.20894970414201183,0.9966604823747681
lfw_final,0.15918786697913978,0.20931952662721892,0.9966604823747681
lfw_final,0.15917246299796914,0.20968934911242604,0.9966604823747681
lfw_final,0.1591706900869726,0.21005917159763313,0.9966604823747681
lfw_final,0.1591235765751854,0.21042899408284024,0.9966604823747681
lfw_final,0.1589090899795212,0.21079881656804733,0.9966604823747681
lfw_final,0.15885797928145892,0.21116863905325445,0.9966604823747681
lfw_final,0.15882203022730532,0.21153846153846154,0.9966604823747681
lfw_final,0.15871705328572216,0.21190828402366865,0.9966604823747681
lfw_final,0.15867338284898552,0.21227810650887574,0.9966604823747681
lfw_final,0.15853273664017278,0.21264792899408283,0.9966604823747681
lfw_final,0.15847939362665844,0.21301775147928995,0.9966604823747681
lfw_final,0.15839789475782265,0.21338757396449703,0.9966604823747681
lfw_final,0.15792912856535007,0.21375739644970415,0.9966604823747681
lfw_final,0.15782574211655,0.21412721893491124,0.9966604823747681
lfw_final,0.15769359298291655,0.21449704142011836,0.9966604823747681
lfw_final,0.15735759594161955,0.21486686390532544,0.9966604823747681
lfw_final,0.1573526887422968,0.21523668639053253,0.9966604823747681
lfw_final,0.15712881344126065,0.21560650887573965,0.9966604823747681
lfw_final,0.15696555148567082,0.21597633136094674,0.9966604823747681
lfw_final,0.15683933623558097,0.21634615384615385,0.9966604823747681
lfw_final,0.15674991738821714,0.21671597633136094,0.9966604823747681
lfw_final,0.15672285509160777,0.21708579881656806,0.9966604823747681
lfw_final,0.15671889496847682,0.21745562130177515,0.9966604823747681
lfw_final,0.15643395593891898,0.21782544378698224,0.9966604823747681
lfw_final,0.15635242986357645,0.21819526627218935,0.9966604823747681
lfw_final,0.15633291553518808,0.21856508875739644,0.9966604823747681
lfw_final,0.15622974980371412,0.21893491124260356,0.9966604823747681
lfw_final,0.15609482954703527,0.21930473372781065,0.9966604823747681
lfw_final,0.15574851704386317,0.21967455621301776,0.9966604823747681
lfw_final,0.15570829102427364,0.22004437869822485,0.9966604823747681
lfw_final,0.15556210637276585,0.22041420118343194,0.9966604823747681
lfw_final,0.15554470113227206,0.22078402366863906,0.9966604823747681
lfw_final,0.15539889918075633,0.22115384615384615,0.9966604823747681
lfw_final,0.15515669611423175,0.22152366863905326,0.9966604823747681
lfw_final,0.15501464066393747,0.22189349112426035,0.9966604823747681
lfw_final,0.15497276102379487,0.22226331360946747,0.9966604823747681
lfw_final,0.1548280491902001,0.22263313609467456,0.9966604823747681
lfw_final,0.15478609200009305,0.22300295857988164,0.9966604823747681
lfw_final,0.15475266229809329,0.22337278106508876,0.9966604823747681
lfw_final,0.15474041406200115,0.22374260355029585,0.9966604823747681
lfw_final,0.15473480627910438,0.22411242603550297,0.9966604823747681
lfw_final,0.15460471785617977,0.22448224852071005,0.9966604823747681
lfw_final,0.15459663997027626,0.22485207100591717,0.9966604823747681
lfw_final,0.15420552850876737,0.22522189349112426,0.9966604823747681
lfw_final,0.15416101831993856,0.22559171597633135,0.9966604823747681
lfw_final,0.15410374780975242,0.22596153846153846,0.9966604823747681
lfw_final,0.15394564091344856,0.22633136094674555,0.9966604823747681
lfw_final,0.15372941036086896,0.22670118343195267,0.9966604823747681
lfw_final,0.15370621294036924,0.22707100591715976,0.9966604823747681
lfw_final,0.1536299188726011,0.22744082840236687,0.9966604823747681
lfw_final,0.15357746266283018,0.22781065088757396,0.9966604823747681
lfw_final,0.15347082602077655,0.22818047337278108,0.9966604823747681
lfw_final,0.15324754635285787,0.22855029585798817,0.9966604823747681
lfw_final,0.1530607464443139,0.22892011834319526,0.9966604823747681
lfw_final,0.15275492628294063,0.22928994082840237,0.9966604823747681
lfw_final,0.15242462827523756,0.22965976331360946,0.9966604823747681
lfw_final,0.1523503097168617,0.23002958579881658,0.9966604823747681
lfw_final,0.1521572461637789,0.23039940828402367,0.9966604823747681
lfw_final,0.1521123270699461,0.23076923076923078,0.9966604823747681
lfw_final,0.15188783640241646,0.23113905325443787,0.9966604823747681
lfw_final,0.15186362080694393,0.23150887573964496,0.9966604823747681
lfw_final,0.15182402621843522,0.23187869822485208,0.9966604823747681
lfw_final,0.1518226670075623,0.23224852071005916,0.9966604823747681
lfw_final,0.15181571113220896,0.23261834319526628,0.9966604823747681
lfw_final,0.1517910912774467,0.23298816568047337,0.9966604823747681
lfw_final,0.15111908847621094,0.23335798816568049,0.9966604823747681
lfw_final,0.15088229169694944,0.23372781065088757,0.9966604823747681
lfw_final,0.1508791084398825,0.23409763313609466,0.9966604823747681
lfw_final,0.150794305856905,0.23446745562130178,0.9966604823747681
lfw_final,0.15076899407070982,0.23483727810650887,0.9966604823747681
lfw_final,0.15017876262553004,0.23520710059171598,0.9966604823747681
lfw_final,0.15008138845736588,0.23557692307692307,0.9966604823747681
lfw_final,0.14997213798268633,0.2359467455621302,0.9966604823747681
lfw_final,0.14996125750967398,0.23631656804733728,0.9966604823747681
lfw_final,0.1498493663912418,0.23668639053254437,0.9966604823747681
lfw_final,0.14984610320133257,0.23705621301775148,0.9966604823747681
lfw_final,0.149799541131333,0.23742603550295857,0.9966604823747681
lfw_final,0.14979276508536618,0.2377958579881657,0.9966604823747681
lfw_final,0.1497076237836747,0.23816568047337278,0.9966604823747681
lfw_final,0.14940400834265813,0.2385355029585799,0.9966604823747681
lfw_final,0.14916585215878547,0.23890532544378698,0.9966604823747681
lfw_final,0.14855273588446558,0.23927514792899407,0.9966604823747681
lfw_final,0.14832975786541877,0.23964497041420119,0.9966604823747681
lfw_final,0.14828939758587867,0.24001479289940827,0.9966604823747681
lfw_final,0.14822722774981845,0.2403846153846154,0.9966604823747681
lfw_final,0.14803031237779984,0.24075443786982248,0.9966604823747681
lfw_final,0.14787571439971936,0.2411242603550296,0.9966604823747681
lfw_final,0.1478351082248148,0.24149408284023668,0.9966604823747681
lfw_final,0.14776744976011796,0.24186390532544377,0.9966604823747681
lfw_final,0.14772132812019367,0.2422337278106509,0.9966604823747681
lfw_final,0.14763580228847553,0.24260355029585798,0.9966604823747681
lfw_final,0.14756804178284633,0.2429733727810651,0.9966604823747681
lfw_final,0.14749256414520368,0.24334319526627218,0.9966604823747681
lfw_final,0.14744805629493055,0.2437130177514793,0.9966604823747681
lfw_final,0.14740931489189507,0.2440828402366864,0.9966604823747681
lfw_final,0.1473235171111425,0.2444526627218935,0.9966604823747681
lfw_final,0.14721004296648582,0.2448224852071006,0.9966604823747681
lfw_final,0.14706934095163174,0.24519230769230768,0.9966604823747681
lfw_final,0.146948436257268,0.2455621301775148,0.9966604823747681
lfw_final,0.14681513460039813,0.2459319526627219,0.9966604823747681
lfw_final,0.14679192998055865,0.246301775147929,0.9966604823747681
lfw_final,0.14673416731990566,0.2466715976331361,0.9966604823747681
lfw_final,0.14668996873283913,0.2470414201183432,0.9966604823747681
lfw_final,0.14660847612406822,0.2474112426035503,0.9966604823747681
lfw_final,0.1465125328082101,0.24778106508875739,0.9966604823747681
lfw_final,0.14645654021903987,0.2481508875739645,0.9966604823747681
lfw_final,0.14645512009881304,0.2485207100591716,0.9966604823747681
lfw_final,0.1464114186304241,0.2488905325443787,0.9966604823747681
lfw_final,0.1464041675587404,0.2492603550295858,0.9966604823747681
lfw_final,0.14629670059621178,0.2496301775147929,0.9966604823747681
lfw_final,0.14621954553504288,0.25,0.9966604823747681
lfw_final,0.14615751746111333,0.2503698224852071,0.9966604823747681
lfw_final,0.1461367244231327,0.2507396449704142,0.9966604823747681
lfw_final,0.14602747619818557,0.2511094674556213,0.9966604823747681
lfw_final,0.1459886800747284,0.2514792899408284,0.9966604823747681
lfw_final,0.14595328048567127,0.2518491124260355,0.9966604823747681
lfw_final,0.14569726755358173,0.2522189349112426,0.9966604823747681
lfw_final,0.14549839146288998,0.2525887573964497,0.9966604823747681
lfw_final,0.1454096562089466,0.2529585798816568,0.9966604823747681
lfw_final,0.145377690610535,0.2533284023668639,0.9966604823747681
lfw_final,0.14533773386194962,0.253698224852071,0.9966604823747681
lfw_final,0.14532718475038228,0.2540680473372781,0.9966604823747681
lfw_final,0.14513714297660882,0.25443786982248523,0.9966604823747681
lfw_final,0.14496897298415506,0.2548076923076923,0.9966604823747681
lfw_final,0.14496649880881177,0.2551775147928994,0.9966604823747681
lfw_final,0.14473360447011663,0.2555473372781065,0.9966604823747681
lfw_final,0.14462769040175866,0.2559171597633136,0.9966604823747681
lfw_final,0.14428156026373692,0.2562869822485207,0.9966604823747681
lfw_final,0.14408859561047307,0.2566568047337278,0.9966604823747681
lfw_final,0.14405129409905928,0.25702662721893493,0.9966604823747681
lfw_final,0.1438253946813357,0.257396449704142,0.9966604823747681
lfw_final,0.1433136222987619,0.2577662721893491,0.9966604823747681
lfw_final,0.14329265121165996,0.2581360946745562,0.9966604823747681
lfw_final,0.14292931027658598,0.2585059171597633,0.9966604823747681
lfw_final,0.14290225561601475,0.2588757396449704,0.9966604823747681
lfw_final,0.14266453178330307,0.2592455621301775,0.9966604823747681
lfw_final,0.14262714959935582,0.25961538461538464,0.9966604823747681
lfw_final,0.14259001399141288,0.2599852071005917,0.9966604823747681
lfw_final,0.14257816970967738,0.2603550295857988,0.9966604823747681
lfw_final,0.14243664524516528,0.26072485207100593,0.9966604823747681
lfw_final,0.14211845913080323,0.261094674556213,0.9966604823747681
lfw_final,0.14210439114112422,0.2614644970414201,0.9966604823747681
lfw_final,0.14208162504079294,0.2618343195266272,0.9966604823747681
lfw_final,0.14207009808638724,0.26220414201183434,0.9966604823747681
lfw_final,0.14190228280552894,0.2625739644970414,0.9966604823747681
lfw_final,0.14183309091680577,0.2629437869822485,0.9966604823747681
lfw_final,0.14182334978431047,0.26331360946745563,0.9966604823747681
lfw_final,0.14175361818712698,0.2636834319526627,0.9966604823747681
lfw_final,0.1417028890398515,0.2640532544378698,0.9966604823747681
lfw_final,0.14163091634765818,0.2644230769230769,0.9966604823747681
lfw_final,0.14160587176629985,0.26479289940828404,0.9966604823747681
lfw_final,0.141497669520269,0.2651627218934911,0.9966604823747681
lfw_final,0.1411626689436417,0.2655325443786982,0.9966604823747681
lfw_final,0.14112418785140987,0.26590236686390534,0.9966604823747681
lfw_final,0.1406215174810909,0.26627218934911245,0.9966604823747681
lfw_final,0.140602654085592,0.2666420118343195,0.9966604823747681
lfw_final,0.1404970946823884,0.26701183431952663,0.9966604823747681
lfw_final,0.14047972499873487,0.26738165680473375,0.9966604823747681
lfw_final,0.140453295225127,0.2677514792899408,0.9966604823747681
lfw_final,0.14030321115949806,0.2681213017751479,0.9966604823747681
lfw_final,0.14002824200253855,0.26849112426035504,0.9966604823747681
lfw_final,0.13998286812346925,0.26886094674556216,0.9966604823747681
lfw_final,0.13996704770689722,0.2692307692307692,0.9966604823747681
lfw_final,0.13985030544168614,0.26960059171597633,0.9966604823747681
lfw_final,0.13984323768827292,0.26997041420118345,0.9966604823747681
lfw_final,0.13964713504588988,0.2703402366863905,0.9966604823747681
lfw_final,0.1396248034182835,0.27071005917159763,0.9966604823747681
lfw_final,0.1395502086363359,0.27107988165680474,0.9966604823747681
lfw_final,0.13953096616435515,0.27144970414201186,0.9966604823747681
lfw_final,0.13947237197457552,0.2718195266272189,0.9966604823747681
lfw_final,0.13938801185160477,0.27218934911242604,0.9966604823747681
lfw_final,0.13933677679303585,0.27255917159763315,0.9966604823747681
lfw_final,0.13917773825920485,0.2729289940828402,0.9966604823747681
lfw_final,0.13907366534386117,0.27329881656804733,0.9966604823747681
lfw_final,0.13900619574983414,0.27366863905325445,0.9966604823747681
lfw_final,0.13898338241829966,0.27403846153846156,0.9966604823747681
lfw_final,0.13898157432149258,0.2744082840236686,0.9966604823747681
lfw_final,0.13864155470183986,0.27477810650887574,0.9966604823747681
lfw_final,0.13858524101180605,0.27514792899408286,0.9966604823747681
lfw_final,0.13856115657941306,0.2755177514792899,0.9966604823747681
lfw_final,0.13851849616738332,0.27588757396449703,0.9966604823747681
lfw_final,0.13846801950851642,0.27625739644970415,0.9966604823747681
lfw_final,0.1384550687919088,0.27662721893491127,0.9966604823747681
lfw_final,0.13843124933747647,0.27699704142011833,0.9966604823747681
lfw_final,0.13842886313877975,0.27736686390532544,0.9966604823747681
lfw_final,0.13835647821773184,0.27773668639053256,0.9966604823747681
lfw_final,0.13834207174060467,0.2781065088757396,0.9966604823747681
lfw_final,0.13833678080252104,0.27847633136094674,0.9966604823747681
lfw_final,0.13817422884802927,0.27884615384615385,0.9966604823747681
lfw_final,0.13812874679608042,0.27921597633136097,0.9966604823747681
lfw_final,0.13775424135014058,0.27958579881656803,0.9966604823747681
lfw_final,0.13760232595002891,0.27995562130177515,0.9966604823747681
lfw_final,0.1374635305416788,0.28032544378698226,0.9966604823747681
lfw_final,0.1373882510594633,0.2806952662721893,0.9966604823747681
lfw_final,0.13706685777262118,0.28106508875739644,0.9966604823747681
lfw_final,0.13705342079213081,0.28143491124260356,0.9966604823747681
lfw_final,0.1369817896203734,0.2818047337278107,0.9966604823747681
lfw_final,0.1369538189011692,0.28217455621301774,0.9966604823747681
lfw_final,0.13693316411934311,0.28254437869822485,0.9966604823747681
lfw_final,0.1369213887533097,0.28291420118343197,0.9966604823747681
lfw_final,0.13691308457459067,0.28328402366863903,0.9966604823747681
lfw_final,0.1368160273711246,0.28365384615384615,0.9966604823747681
lfw_final,0.13670398809066758,0.28402366863905326,0.9966604823747681
lfw_final,0.13659171312215593,0.2843934911242604,0.9966604823747681
lfw_final,0.13654853089096025,0.28476331360946744,0.9966604823747681
lfw_final,0.13641621960686245,0.28513313609467456,0.9966604823747681
lfw_final,0.13627494490489345,0.28550295857988167,0.9966604823747681
lfw_final,0.13619383165237137,0.28587278106508873,0.9966604823747681
lfw_final,0.13601851779573884,0.28624260355029585,0.9966604823747681
lfw_final,0.13595508919807345,0.28661242603550297,0.9966604823747681
lfw_final,0.13589017681781898,0.2869822485207101,0.9966604823747681
lfw_final,0.13588580499542088,0.28735207100591714,0.9966604823747681
lfw_final,0.13582851853089514,0.28772189349112426,0.9966604823747681
lfw_final,0.13577684007746524,0.2880917159763314,0.9966604823747681
lfw_final,0.1357310707641949,0.28846153846153844,0.9966604823747681
lfw_final,0.13565173809154135,0.28883136094674555,0.9966604823747681
lfw_final,0.1354394694733147,0.28920118343195267,0.9966604823747681
lfw_final,0.13539155052203372,0.2895710059171598,0.9966604823747681
lfw_final,0.13529888929570164,0.28994082840236685,0.9966604823747681
lfw_final,0.13520850819717312,0.29031065088757396,0.9966604823747681
lfw_final,0.1351623613124985,0.2906804733727811,0.9966604823747681
lfw_final,0.13505147686445565,0.29105029585798814,0.9966604823747681
lfw_final,0.13489716003417304,0.29142011834319526,0.9966604823747681
lfw_final,0.13487323798285913,0.29178994082840237,0.9966604823747681
lfw_final,0.1348117313735157,0.2921597633136095,0.9966604823747681
lfw_final,0.13476484788602006,0.29252958579881655,0.9966604823747681
lfw_final,0.13469071248763068,0.29289940828402367,0.9966604823747681
lfw_final,0.13463337316253945,0.2932692307692308,0.9966604823747681
lfw_final,0.1344763179433952,0.29363905325443784,0.9966604823747681
lfw_final,0.13432020799163794,0.29400887573964496,0.9966604823747681
lfw_final,0.13421674853724982,0.2943786982248521,0.9966604823747681
lfw_final,0.13398579495164906,0.2947485207100592,0.9966604823747681
lfw_final,0.1338399556938413,0.29511834319526625,0.9966604823747681
lfw_final,0.1338325701241117,0.29548816568047337,0.9966604823747681
lfw_final,0.13363973582206898,0.2958579881656805,0.9966604823747681
lfw_final,0.13354906089510876,0.29622781065088755,0.9966604823747681
lfw_final,0.1334853564680984,0.29659763313609466,0.9966604823747681
lfw_final,0.1334334972487235,0.2969674556213018,0.9966604823747681
lfw_final,0.13337943009559775,0.2973372781065089,0.9966604823747681
lfw_final,0.13336086727643523,0.29770710059171596,0.9966604823747681
lfw_final,0.13335462953214103,0.2980769230769231,0.9966604823747681
lfw_final,0.13325897258299121,0.2984467455621302,0.9966604823747681
lfw_final,0.13312985433438038,0.2988165680473373,0.9966604823747681
lfw_final,0.13285157090121466,0.29918639053254437,0.9966604823747681
lfw_final,0.13270206154165873,0.2995562130177515,0.9966604823747681
lfw_final,0.13259414638026895,0.2999260355029586,0.9966604823747681
lfw_final,0.1325742713424695,0.30029585798816566,0.9966604823747681
lfw_final,0.13233272526600215,0.3006656804733728,0.9966604823747681
lfw_final,0.13222415826757442,0.3010355029585799,0.9966604823747681
lfw_final,0.13212227333397042,0.301405325443787,0.9966604823747681
lfw_final,0.13203173905557675,0.30177514792899407,0.9966604823747681
lfw_final,0.13173788492307237,0.3021449704142012,0.9966604823747681
lfw_final,0.13156591085791156,0.3025147928994083,0.9966604823747681
lfw_final,0.1315545508911952,0.30288461538461536,0.9966604823747681
lfw_final,0.13153106297094716,0.3032544378698225,0.9966604823747681
lfw_final,0.131389006407464,0.3036242603550296,0.9966604823747681
lfw_final,0.1313844223424508,0.3039940828402367,0.9966604823747681
lfw_final,0.13132159567182866,0.3043639053254438,0.9966604823747681
lfw_final,0.13103524493401775,0.3047337278106509,0.9966604823747681
lfw_final,0.1310055612540905,0.305103550295858,0.9966604823747681
lfw_final,0.13097766727520482,0.30547337278106507,0.9966604823747681
lfw_final,0.13083985580627616,0.3058431952662722,0.9966604823747681
lfw_final,0.13083736212607033,0.3062130177514793,0.9966604823747681
lfw_final,0.1306103857236767,0.3065828402366864,0.9966604823747681
lfw_final,0.13052295479216974,0.3069526627218935,0.9966604823747681
lfw_final,0.13036742270669624,0.3073224852071006,0.9966604823747681
lfw_final,0.1302972119759779,0.3076923076923077,0.9966604823747681
lfw_final,0.13024188410909807,0.30806213017751477,0.9966604823747681
lfw_final,0.13010339170950194,0.3084319526627219,0.9966604823747681
lfw_final,0.1300725976655344,0.308801775147929,0.9966604823747681
lfw_final,0.12985851798019282,0.3091715976331361,0.9966604823747681
lfw_final,0.1298218419712197,0.3095414201183432,0.9966604823747681
lfw_final,0.12915903224228636,0.3099112426035503,0.9966604823747681
lfw_final,0.12908394643966825,0.3102810650887574,0.9966604823747681
lfw_final,0.12907325705837208,0.3106508875739645,0.9966604823747681
lfw_final,0.12904204102324024,0.3110207100591716,0.9966604823747681
lfw_final,0.12877476951662367,0.3113905325443787,0.9966604823747681
lfw_final,0.1286810946190065,0.3117603550295858,0.9966604823747681
lfw_final,0.12864736248111247,0.3121301775147929,0.9966604823747681
lfw_final,0.12839362795151854,0.3125,0.9966604823747681
lfw_final,0.12836113339718658,0.3128698224852071,0.9966604823747681
lfw_final,0.12835279292480833,0.3132396449704142,0.9966604823747681
lfw_final,0.1283064240539596,0.3136094674556213,0.9966604823747681
lfw_final,0.12829746704951425,0.3139792899408284,0.9966604823747681
lfw_final,0.12816867266963797,0.3143491124260355,0.9966604823747681
lfw_final,0.128153273206835,0.3147189349112426,0.9966604823747681
lfw_final,0.12805573666435455,0.3150887573964497,0.9966604823747681
lfw_final,0.12799870106533845,0.3154585798816568,0.9966604823747681
lfw_final,0.12792305955793665,0.3158284023668639,0.9966604823747681
lfw_final,0.12774866243245753,0.316198224852071,0.9966604823747681
lfw_final,0.127725495910792,0.3165680473372781,0.9966604823747681
lfw_final,0.12753481732053126,0.31693786982248523,0.9966604823747681
lfw_final,0.12741592253489825,0.3173076923076923,0.9966604823747681
lfw_final,0.12729787682279797,0.3176775147928994,0.9966604823747681
lfw_final,0.1272439262808538,0.3180473372781065,0.9966604823747681
lfw_final,0.12716249140276,0.3184171597633136,0.9966604823747681
lfw_final,0.1271527687044782,0.3187869822485207,0.9966604823747681
lfw_final,0.12707153796628956,0.3191568047337278,0.9966604823747681
lfw_final,0.12679388364766472,0.31952662721893493,0.9966604823747681
lfw_final,0.12660329850231433,0.319896449704142,0.9966604823747681
lfw_final,0.12656311701779913,0.3202662721893491,0.9966604823747681
lfw_final,0.1262544354009365,0.3206360946745562,0.9966604823747681
lfw_final,0.12581014783989822,0.3210059171597633,0.9966604823747681
lfw_final,0.12578495985980198,0.3213757396449704,0.9966604823747681
lfw_final,0.1257267977893432,0.3217455621301775,0.9966604823747681
lfw_final,0.12563742487905177,0.32211538461538464,0.9966604823747681
lfw_final,0.12560994892507515,0.3224852071005917,0.9966604823747681
lfw_final,0.12535985124761917,0.3228550295857988,0.9966604823747681
lfw_final,0.12534555338213804,0.32322485207100593,0.9966604823747681
lfw_final,0.12533418813557062,0.323594674556213,0.9966604823747681
lfw_final,0.1252531679537219,0.3239644970414201,0.9966604823747681
lfw_final,0.12520096122798038,0.3243343195266272,0.9966604823747681
lfw_final,0.12505549742721733,0.32470414201183434,0.9966604823747681
lfw_final,0.12486103078356628,0.3250739644970414,0.9966604823747681
lfw_final,0.12480993086436692,0.3254437869822485,0.9966604823747681
lfw_final,0.12478551265535362,0.32581360946745563,0.9966604823747681
lfw_final,0.1247182847227556,0.3261834319526627,0.9966604823747681
lfw_final,0.12466084576784191,0.3265532544378698,0.9966604823747681
lfw_final,0.1246150047012872,0.3269230769230769,0.9966604823747681
lfw_final,0.12454973470296483,0.32729289940828404,0.9966604823747681
lfw_final,0.12449153269521149,0.3276627218934911,0.9966604823747681
lfw_final,0.12443196937786379,0.3280325443786982,0.9966604823747681
lfw_final,0.12440980739765412,0.32840236686390534,0.9966604823747681
lfw_final,0.12424465693003153,0.32877218934911245,0.9966604823747681
lfw_final,0.12357918082754193,0.3291420118343195,0.9966604823747681
lfw_final,0.12347844776028855,0.32951183431952663,0.9966604823747681
lfw_final,0.12320587887298966,0.32988165680473375,0.9966604823747681
lfw_final,0.12311548766215837,0.3302514792899408,0.9966604823747681
lfw_final,0.12306926189270712,0.3306213017751479,0.9966604823747681
lfw_final,0.1229860817755529,0.33099112426035504,0.9966604823747681
lfw_final,0.1226022077915462,0.33136094674556216,0.9966604823747681
lfw_final,0.1224162240078792,0.3317307692307692,0.9966604823747681
lfw_final,0.12234091654546841,0.33210059171597633,0.9966604823747681
lfw_final,0.122281599183725,0.33247041420118345,0.9966604823747681
lfw_final,0.122189121531101,0.3328402366863905,0.9966604823747681
lfw_final,0.12210883079362253,0.33321005917159763,0.9966604823747681
lfw_final,0.12207610538087342,0.33357988165680474,0.9966604823747681
lfw_final,0.1218982945712714,0.33394970414201186,0.9966604823747681
lfw_final,0.12185673137630079,0.3343195266272189,0.9966604823747681
lfw_final,0.12161178470473476,0.33468934911242604,0.9966604823747681
lfw_final,0.12157793922062221,0.33505917159763315,0.9966604823747681
lfw_final,0.12156698336716915,0.3354289940828402,0.9966604823747681
lfw_final,0.12143559747182447,0.33579881656804733,0.9966604823747681
lfw_final,0.12111516013199775,0.33616863905325445,0.9966604823747681
lfw_final,0.12105772444304494,0.33653846153846156,0.9966604823747681
lfw_final,0.12100114018897055,0.3369082840236686,0.9966604823747681
lfw_final,0.12087108728324883,0.33727810650887574,0.9966604823747681
lfw_final,0.12085877641765103,0.33764792899408286,0.9966604823747681
lfw_final,0.1208264318366738,0.3380177514792899,0.9966604823747681
lfw_final,0.12070861309659289,0.33838757396449703,0.9966604823747681
lfw_final,0.12062278706688766,0.33875739644970415,0.9966604823747681
lfw_final,0.12060385862578499,0.33912721893491127,0.9966604823747681
lfw_final,0.12057126426657395,0.33949704142011833,0.9966604823747681
lfw_final,0.12037418536472534,0.33986686390532544,0.9966604823747681
lfw_final,0.12001854132154229,0.34023668639053256,0.9966604823747681
lfw_final,0.1199331116148388,0.3406065088757396,0.9966604823747681
lfw_final,0.11967153847521929,0.34097633136094674,0.9966604823747681
lfw_final,0.11931720941436282,0.34134615384615385,0.9966604823747681
lfw_final,0.11927755724496478,0.34171597633136097,0.9966604823747681
lfw_final,0.11921301178881273,0.34208579881656803,0.9966604823747681
lfw_final,0.11905677296391824,0.34245562130177515,0.9966604823747681
lfw_final,0.1190051613798334,0.34282544378698226,0.9966604823747681
lfw_final,0.11899585273068246,0.3431952662721893,0.9966604823747681
lfw_final,0.11887191636277919,0.34356508875739644,0.9966604823747681
lfw_final,0.11886417222459864,0.34393491124260356,0.9966604823747681
lfw_final,0.11883050131012693,0.3443047337278107,0.9966604823747681
lfw_final,0.11880204173690546,0.34467455621301774,0.9966604823747681
lfw_final,0.11869711191707447,0.34504437869822485,0.9966604823747681
lfw_final,0.11851930584766937,0.34541420118343197,0.9966604823747681
lfw_final,0.11830074503695863,0.34578402366863903,0.9966604823747681
lfw_final,0.11824323697777889,0.34615384615384615,0.9966604823747681
lfw_final,0.11815685268437223,0.34652366863905326,0.9966604823747681
lfw_final,0.11806962137430796,0.3468934911242604,0.9966604823747681
lfw_final,0.11805847784767047,0.34726331360946744,0.9966604823747681
lfw_final,0.1180472862612008,0.34763313609467456,0.9966604823747681
lfw_final,0.11798736335213339,0.34800295857988167,0.9966604823747681
lfw_final,0.11792093873318499,0.34837278106508873,0.9966604823747681
lfw_final,0.11767217667121753,0.34874260355029585,0.9966604823747681
lfw_final,0.1175333795703297,0.34911242603550297,0.9966604823747681
lfw_final,0.11727282433640852,0.3494822485207101,0.9966604823747681
lfw_final,0.11726903888233453,0.34985207100591714,0.9966604823747681
lfw_final,0.11721249026459143,0.35022189349112426,0.9966604823747681
lfw_final,0.1171825871882641,0.3505917159763314,0.9966604823747681
lfw_final,0.11704427962343276,0.35096153846153844,0.9966604823747681
lfw_final,0.11697710595772857,0.35133136094674555,0.9966604823747681
lfw_final,0.11689509083713936,0.35170118343195267,0.9966604823747681
lfw_final,0.11660910084813488,0.3520710059171598,0.9966604823747681
lfw_final,0.11660888650623179,0.35244082840236685,0.9966604823747681
lfw_final,0.11654719960251743,0.35281065088757396,0.9966604823747681
lfw_final,0.11653258478680928,0.3531804733727811,0.9966604823747681
lfw_final,0.11652230729654564,0.35355029585798814,0.9966604823747681
lfw_final,0.11637883120247561,0.35392011834319526,0.9966604823747681
lfw_final,0.1163366501938731,0.35428994082840237,0.9966604823747681
lfw_final,0.11622869603274198,0.3546597633136095,0.9966604823747681
lfw_final,0.11614620493590981,0.35502958579881655,0.9966604823747681
lfw_final,0.11601277149559738,0.35539940828402367,0.9966604823747681
lfw_final,0.11593776173554564,0.3557692307692308,0.9966604823747681
lfw_final,0.1158256632010179,0.35613905325443784,0.9966604823747681
lfw_final,0.11578715042477063,0.35650887573964496,0.9966604823747681
lfw_final,0.11556397778303455,0.3568786982248521,0.9966604823747681
lfw_final,0.11551403146682923,0.3572485207100592,0.9966604823747681
lfw_final,0.11548135573210654,0.35761834319526625,0.9966604823747681
lfw_final,0.1153763162503791,0.35798816568047337,0.9966604823747681
lfw_final,0.11517977213555441,0.3583579881656805,0.9966604823747681
lfw_final,0.11512233924857468,0.35872781065088755,0.9966604823747681
lfw_final,0.11511375892107653,0.35909763313609466,0.9966604823747681
lfw_final,0.1150210097428764,0.3594674556213018,0.9966604823747681
lfw_final,0.1149985471878194,0.3598372781065089,0.9966604823747681
lfw_final,0.11478698456646141,0.36020710059171596,0.9966604823747681
lfw_final,0.11474636771596558,0.3605769230769231,0.9966604823747681
lfw_final,0.114590308300279,0.3609467455621302,0.9966604823747681
lfw_final,0.11457573304322609,0.3613165680473373,0.9966604823747681
lfw_final,0.11445937153629926,0.36168639053254437,0.9966604823747681
lfw_final,0.11443331555251023,0.3620562130177515,0.9966604823747681
lfw_final,0.11428836961632967,0.3624260355029586,0.9966604823747681
lfw_final,0.11416079848235837,0.36279585798816566,0.9966604823747681
lfw_final,0.11413814631211487,0.3631656804733728,0.9966604823747681
lfw_final,0.11412965580884336,0.3635355029585799,0.9966604823747681
lfw_final,0.11412885991611137,0.363905325443787,0.9966604823747681
lfw_final,0.11408518195945702,0.36427514792899407,0.9966604823747681
lfw_final,0.114056056990063,0.3646449704142012,0.9966604823747681
lfw_final,0.11403324747324259,0.3650147928994083,0.9966604823747681
lfw_final,0.11395843267475175,0.36538461538461536,0.9966604823747681
lfw_final,0.11390488195890461,0.3657544378698225,0.9966604823747681
lfw_final,0.11374809481578067,0.3661242603550296,0.9966604823747681
lfw_final,0.11365354487886893,0.3664940828402367,0.9966604823747681
lfw_final,0.11361356894480328,0.3668639053254438,0.9966604823747681
lfw_final,0.11361271408993001,0.3672337278106509,0.9966604823747681
lfw_final,0.1134131152034621,0.367603550295858,0.9966604823747681
lfw_final,0.11330403720398183,0.36797337278106507,0.9966604823747681
lfw_final,0.11321435792353794,0.3683431952662722,0.9966604823747681
lfw_final,0.1131886904488855,0.3687130177514793,0.9966604823747681
lfw_final,0.113143432603813,0.3690828402366864,0.9966604823747681
lfw_final,0.11314252693118253,0.3694526627218935,0.9966604823747681
lfw_final,0.11313027575310035,0.3698224852071006,0.9966604823747681
lfw_final,0.11312391132865117,0.3701923076923077,0.9966604823747681
lfw_final,0.11310352154185917,0.3701923076923077,0.9970315398886828
lfw_final,0.11274888435651112,0.37056213017751477,0.9970315398886828
lfw_final,0.11269402305835136,0.3709319526627219,0.9970315398886828
lfw_final,0.1126534229156766,0.371301775147929,0.9970315398886828
lfw_final,0.11205175208571436,0.3716715976331361,0.9970315398886828
lfw_final,0.11190377562521302,0.3720414201183432,0.9970315398886828
lfw_final,0.11172085068313026,0.3724112426035503,0.9970315398886828
lfw_final,0.11167358059918814,0.3727810650887574,0.9970315398886828
lfw_final,0.11161157730072307,0.3731508875739645,0.9970315398886828
lfw_final,0.11159698954934462,0.3735207100591716,0.9970315398886828
lfw_final,0.11154280691030331,0.3735207100591716,0.9974025974025974
lfw_final,0.11146292222892479,0.3738905325443787,0.9974025974025974
lfw_final,0.11125168121983743,0.3742603550295858,0.9974025974025974
lfw_final,0.1112004738516005,0.3746301775147929,0.9974025974025974
lfw_final,0.11081522654185998,0.375,0.9974025974025974
lfw_final,0.11056366355104467,0.3753698224852071,0.9974025974025974
lfw_final,0.11042805532806642,0.3757396449704142,0.9974025974025974
lfw_final,0.1102852397141937,0.3761094674556213,0.9974025974025974
lfw_final,0.11028321166618495,0.3764792899408284,0.9974025974025974
lfw_final,0.11020609927257474,0.3768491124260355,0.9974025974025974
lfw_final,0.11014718802622533,0.3772189349112426,0.9974025974025974
lfw_final,0.11007738274455363,0.3775887573964497,0.9974025974025974
lfw_final,0.10998993414519563,0.3779585798816568,0.9974025974025974
lfw_final,0.10985837194223644,0.3783284023668639,0.9974025974025974
lfw_final,0.10968602379557228,0.378698224852071,0.9974025974025974
lfw_final,0.10965061443041536,0.3790680473372781,0.9974025974025974
lfw_final,0.10952265384695196,0.37943786982248523,0.9974025974025974
lfw_final,0.10938861297518161,0.3798076923076923,0.9974025974025974
lfw_final,0.10938020018571341,0.3801775147928994,0.9974025974025974
lfw_final,0.1093783321289368,0.3805473372781065,0.9974025974025974
lfw_final,0.10931415940982052,0.3809171597633136,0.9974025974025974
lfw_final,0.10920197361723362,0.3812869822485207,0.9974025974025974
lfw_final,0.10914033956927581,0.3816568047337278,0.9974025974025974
lfw_final,0.10913264108878033,0.38202662721893493,0.9974025974025974
lfw_final,0.10898906075214505,0.382396449704142,0.9974025974025974
lfw_final,0.10897250699380068,0.3827662721893491,0.9974025974025974
lfw_final,0.10896365133544171,0.3831360946745562,0.9974025974025974
lfw_final,0.10894351751118882,0.3835059171597633,0.9974025974025974
lfw_final,0.10875664949945456,0.3838757396449704,0.9974025974025974
lfw_final,0.10873912574395068,0.3842455621301775,0.9974025974025974
lfw_final,0.10866366383589313,0.38461538461538464,0.9974025974025974
lfw_final,0.10859734082729627,0.3849852071005917,0.9974025974025974
lfw_final,0.1085648437232537,0.3853550295857988,0.9974025974025974
lfw_final,0.10825862187649735,0.38572485207100593,0.9974025974025974
lfw_final,0.10822686810635192,0.386094674556213,0.9974025974025974
lfw_final,0.10812338018472954,0.3864644970414201,0.9974025974025974
lfw_final,0.10806958301010734,0.3868343195266272,0.9974025974025974
lfw_final,0.10795642662106916,0.38720414201183434,0.9974025974025974
lfw_final,0.10786835139420363,0.3875739644970414,0.9974025974025974
lfw_final,0.10783337236861143,0.3879437869822485,0.9974025974025974
lfw_final,0.10757489302782874,0.38831360946745563,0.9974025974025974
lfw_final,0.10754089662091108,0.3886834319526627,0.9974025974025974
lfw_final,0.10751090560638409,0.3890532544378698,0.9974025974025974
lfw_final,0.10747325361670688,0.3894230769230769,0.9974025974025974
lfw_final,0.10745226136029605,0.38979289940828404,0.9974025974025974
lfw_final,0.10743829233617314,0.3901627218934911,0.9974025974025974
lfw_final,0.10737356794996927,0.3905325443786982,0.9974025974025974
lfw_final,0.10730919927510764,0.39090236686390534,0.9974025974025974
lfw_final,0.10722395554991787,0.39127218934911245,0.9974025974025974
lfw_final,0.10704729827151178,0.3916420118343195,0.9974025974025974
lfw_final,0.10684785838104184,0.39201183431952663,0.9974025974025974
lfw_final,0.10664576277944027,0.39238165680473375,0.9974025974025974
lfw_final,0.10660202828240331,0.3927514792899408,0.9974025974025974
lfw_final,0.10640361831813322,0.3931213017751479,0.9974025974025974
lfw_final,0.10638565589359643,0.39349112426035504,0.9974025974025974
lfw_final,0.10618014201922359,0.39386094674556216,0.9974025974025974
lfw_final,0.10600233492798225,0.3942307692307692,0.9974025974025974
lfw_final,0.10590709655453712,0.39460059171597633,0.9974025974025974
lfw_final,0.10570667054806629,0.39497041420118345,0.9974025974025974
lfw_final,0.1056810565865523,0.3953402366863905,0.9974025974025974
lfw_final,0.10556719422508536,0.39571005917159763,0.9974025974025974
lfw_final,0.10552209413929985,0.39607988165680474,0.9974025974025974
lfw_final,0.10550520823549638,0.39644970414201186,0.9974025974025974
lfw_final,0.10532953131772524,0.3968195266272189,0.9974025974025974
lfw_final,0.10529586607513254,0.39718934911242604,0.9974025974025974
lfw_final,0.10528884596058996,0.39755917159763315,0.9974025974025974
lfw_final,0.10526332143850822,0.3979289940828402,0.9974025974025974
lfw_final,0.10515751466219776,0.39829881656804733,0.9974025974025974
lfw_final,0.10509996748722712,0.39866863905325445,0.9974025974025974
lfw_final,0.10499627191773075,0.39903846153846156,0.9974025974025974
lfw_final,0.10497583647445215,0.3994082840236686,0.9974025974025974
lfw_final,0.10486506294039086,0.39977810650887574,0.9974025974025974
lfw_final,0.10470730991982191,0.40014792899408286,0.9974025974025974
lfw_final,0.10462080286821922,0.4005177514792899,0.9974025974025974
lfw_final,0.10455694086056082,0.40088757396449703,0.9974025974025974
lfw_final,0.10447521508970625,0.40125739644970415,0.9974025974025974
lfw_final,0.10446249030249745,0.40162721893491127,0.9974025974025974
lfw_final,0.10436778476436522,0.40199704142011833,0.9974025974025974
lfw_final,0.10436635856087503,0.40236686390532544,0.9974025974025974
lfw_final,0.10430988795459926,0.40273668639053256,0.9974025974025974
lfw_final,0.1040272896857984,0.4031065088757396,0.9974025974025974
lfw_final,0.10390018730075279,0.40347633136094674,0.9974025974025974
lfw_final,0.10380962007498892,0.40384615384615385,0.9974025974025974
lfw_final,0.10378709716816069,0.40421597633136097,0.9974025974025974
lfw_final,0.10360571059708693,0.40458579881656803,0.9974025974025974
lfw_final,0.1034881738401821,0.40495562130177515,0.9974025974025974
lfw_final,0.10335323896561652,0.40532544378698226,0.9974025974025974
lfw_final,0.1031508402590775,0.4056952662721893,0.9974025974025974
lfw_final,0.10309759956110313,0.40606508875739644,0.9974025974025974
lfw_final,0.10307704248520208,0.40643491124260356,0.9974025974025974
lfw_final,0.1029015079573086,0.4068047337278107,0.9974025974025974
lfw_final,0.10275007181041307,0.40717455621301774,0.9974025974025974
lfw_final,0.10273406331467613,0.40754437869822485,0.9974025974025974
lfw_final,0.10269752025196317,0.40791420118343197,0.9974025974025974
lfw_final,0.1025744401147668,0.40828402366863903,0.9974025974025974
lfw_final,0.10251221066586609,0.40865384615384615,0.9974025974025974
lfw_final,0.10232418608548766,0.40902366863905326,0.9974025974025974
lfw_final,0.1023154272744341,0.4093934911242604,0.9974025974025974
lfw_final,0.10207288709091517,0.40976331360946744,0.9974025974025974
lfw_final,0.10195836205323658,0.41013313609467456,0.9974025974025974
lfw_final,0.10188436037247167,0.41050295857988167,0.9974025974025974
lfw_final,0.101773736809265,0.41087278106508873,0.9974025974025974
lfw_final,0.10151615300564171,0.41124260355029585,0.9974025974025974
lfw_final,0.1014859288103878,0.41161242603550297,0.9974025974025974
lfw_final,0.1013307068391579,0.4119822485207101,0.9974025974025974
lfw_final,0.10131735515695614,0.41235207100591714,0.9974025974025974
lfw_final,0.10131594549102169,0.41272189349112426,0.9974025974025974
lfw_final,0.10125429895937368,0.4130917159763314,0.9974025974025974
lfw_final,0.10101629803864579,0.41346153846153844,0.9974025974025974
lfw_final,0.10098901949400749,0.41383136094674555,0.9974025974025974
lfw_final,0.10095383104318738,0.41420118343195267,0.9974025974025974
lfw_final,0.10087329692360476,0.4145710059171598,0.9974025974025974
lfw_final,0.10086967343199857,0.41494082840236685,0.9974025974025974
lfw_final,0.10080758108667183,0.41531065088757396,0.9974025974025974
lfw_final,0.10072858809451243,0.4156804733727811,0.9974025974025974
lfw_final,0.1007251160183011,0.41605029585798814,0.9974025974025974
lfw_final,0.10066891526014622,0.41642011834319526,0.9974025974025974
lfw_final,0.1006669345452019,0.41678994082840237,0.9974025974025974
lfw_final,0.10050149681010179,0.4171597633136095,0.9974025974025974
lfw_final,0.10034423809901527,0.41752958579881655,0.9974025974025974
lfw_final,0.10030152438081473,0.41789940828402367,0.9974025974025974
lfw_final,0.10016251840642688,0.4182692307692308,0.9974025974025974
lfw_final,0.10012031806271673,0.41863905325443784,0.9974025974025974
lfw_final,0.10009087040077763,0.41900887573964496,0.9974025974025974
lfw_final,0.09999682161691649,0.4193786982248521,0.9974025974025974
lfw_final,0.0999954489897387,0.4197485207100592,0.9974025974025974
lfw_final,0.09989863268611684,0.42011834319526625,0.9974025974025974
lfw_final,0.09979716178820686,0.42048816568047337,0.9974025974025974
lfw_final,0.0997936200553589,0.4208579881656805,0.9974025974025974
lfw_final,0.09970145106735731,0.42122781065088755,0.9974025974025974
lfw_final,0.09963832903472575,0.42159763313609466,0.9974025974025974
lfw_final,0.09952585775094289,0.4219674556213018,0.9974025974025974
lfw_final,0.09950685920188947,0.4223372781065089,0.9974025974025974
lfw_final,0.09944378615389908,0.42270710059171596,0.9974025974025974
lfw_final,0.09937948449324133,0.4230769230769231,0.9974025974025974
lfw_final,0.09935390927599667,0.4234467455621302,0.9974025974025974
lfw_final,0.09932454547476527,0.4238165680473373,0.9974025974025974
lfw_final,0.0991571526591074,0.42418639053254437,0.9974025974025974
lfw_final,0.09893439324089022,0.4245562130177515,0.9974025974025974
lfw_final,0.09892981669893573,0.4249260355029586,0.9974025974025974
lfw_final,0.0989137723404058,0.42529585798816566,0.9974025974025974
lfw_final,0.09888498658200214,0.4256656804733728,0.9974025974025974
lfw_final,0.09886487053750766,0.4260355029585799,0.9974025974025974
lfw_final,0.09885595970584393,0.426405325443787,0.9974025974025974
lfw_final,0.09860408395876957,0.42677514792899407,0.9974025974025974
lfw_final,0.09858040937544178,0.4271449704142012,0.9974025974025974
lfw_final,0.0984916672612981,0.4275147928994083,0.9974025974025974
lfw_final,0.09845391643626447,0.42788461538461536,0.9974025974025974
lfw_final,0.09843004033125553,0.4282544378698225,0.9974025974025974
lfw_final,0.09838908277127527,0.4286242603550296,0.9974025974025974
lfw_final,0.09837332717199412,0.4289940828402367,0.9974025974025974
lfw_final,0.09833907232771315,0.4293639053254438,0.9974025974025974
lfw_final,0.09833605359291094,0.4297337278106509,0.9974025974025974
lfw_final,0.09803929799081389,0.430103550295858,0.9974025974025974
lfw_final,0.09791014599426387,0.43047337278106507,0.9974025974025974
lfw_final,0.09788058043844342,0.4308431952662722,0.9974025974025974
lfw_final,0.09761305584657588,0.4312130177514793,0.9974025974025974
lfw_final,0.09752281774644458,0.4315828402366864,0.9974025974025974
lfw_final,0.0974806503022156,0.4319526627218935,0.9974025974025974
lfw_final,0.09747832086658846,0.4323224852071006,0.9974025974025974
lfw_final,0.09747019976045683,0.4326923076923077,0.9974025974025974
lfw_final,0.09720526329289161,0.43306213017751477,0.9974025974025974
lfw_final,0.09717004739125056,0.4334319526627219,0.9974025974025974
lfw_final,0.0971323844048069,0.433801775147929,0.9974025974025974
lfw_final,0.0970724426457379,0.4341715976331361,0.9974025974025974
lfw_final,0.09705272461437528,0.4345414201183432,0.9974025974025974
lfw_final,0.09705118798551896,0.4349112426035503,0.9974025974025974
lfw_final,0.09697573624661397,0.4352810650887574,0.9974025974025974
lfw_final,0.09697401127822305,0.4356508875739645,0.9974025974025974
lfw_final,0.09658560460378135,0.4360207100591716,0.9974025974025974
lfw_final,0.09654175316430909,0.4363905325443787,0.9974025974025974
lfw_final,0.09651133577336542,0.4367603550295858,0.9974025974025974
lfw_final,0.09644318499044102,0.4371301775147929,0.9974025974025974
lfw_final,0.09627193004128966,0.4375,0.9974025974025974
lfw_final,0.09619857048539532,0.4378698224852071,0.9974025974025974
lfw_final,0.09617397523439045,0.4382396449704142,0.9974025974025974
lfw_final,0.09599238850508442,0.4386094674556213,0.9974025974025974
lfw_final,0.09595340995858113,0.4389792899408284,0.9974025974025974
lfw_final,0.09591798948430241,0.4393491124260355,0.9974025974025974
lfw_final,0.0958538453183109,0.4397189349112426,0.9974025974025974
lfw_final,0.09583566057195603,0.4400887573964497,0.9974025974025974
lfw_final,0.09563063786999287,0.4404585798816568,0.9974025974025974
lfw_final,0.09560397167169465,0.4408284023668639,0.9974025974025974
lfw_final,0.09554466169451167,0.441198224852071,0.9974025974025974
lfw_final,0.09531857332608713,0.4415680473372781,0.9974025974025974
lfw_final,0.09527920605595064,0.44193786982248523,0.9974025974025974
lfw_final,0.09523812520830069,0.4423076923076923,0.9974025974025974
lfw_final,0.09520131019130126,0.4426775147928994,0.9974025974025974
lfw_final,0.09493931587307813,0.4430473372781065,0.9974025974025974
lfw_final,0.09481646260776698,0.4434171597633136,0.9974025974025974
lfw_final,0.09479359949417858,0.4437869822485207,0.9974025974025974
lfw_final,0.09475908565535635,0.4441568047337278,0.9974025974025974
lfw_final,0.09471058407647986,0.44452662721893493,0.9974025974025974
lfw_final,0.09457965065846682,0.444896449704142,0.9974025974025974
lfw_final,0.0944866976611492,0.4452662721893491,0.9974025974025974
lfw_final,0.09434866801830114,0.4456360946745562,0.9974025974025974
lfw_final,0.09427407236344743,0.4460059171597633,0.9974025974025974
lfw_final,0.09422542672281345,0.4463757396449704,0.9974025974025974
lfw_final,0.09414458668067646,0.4467455621301775,0.9974025974025974
lfw_final,0.09410825552161181,0.44711538461538464,0.9974025974025974
lfw_final,0.09407046864042426,0.4474852071005917,0.9974025974025974
lfw_final,0.09371830748299739,0.4478550295857988,0.9974025974025974
lfw_final,0.09367014107092315,0.44822485207100593,0.9974025974025974
lfw_final,0.09360365518402766,0.448594674556213,0.9974025974025974
lfw_final,0.09340470129362352,0.4489644970414201,0.9974025974025974
lfw_final,0.09337448314134467,0.4493343195266272,0.9974025974025974
lfw_final,0.09323278939277095,0.44970414201183434,0.9974025974025974
lfw_final,0.09320377263572892,0.4500739644970414,0.9974025974025974
lfw_final,0.09308099249599715,0.4504437869822485,0.9974025974025974
lfw_final,0.09298332808562826,0.45081360946745563,0.9974025974025974
lfw_final,0.09283433252392914,0.4511834319526627,0.9974025974025974
lfw_final,0.09278407932902699,0.4515532544378698,0.9974025974025974
lfw_final,0.0925911409271457,0.4519230769230769,0.9974025974025974
lfw_final,0.09230071771676372,0.45229289940828404,0.9974025974025974
lfw_final,0.09229148255464921,0.4526627218934911,0.9974025974025974
lfw_final,0.09227741918389243,0.4530325443786982,0.9974025974025974
lfw_final,0.09211283157523377,0.45340236686390534,0.9974025974025974
lfw_final,0.09209167542729399,0.45377218934911245,0.9974025974025974
lfw_final,0.0920166119273824,0.4541420118343195,0.9974025974025974
lfw_final,0.0919696936317976,0.45451183431952663,0.9974025974025974
lfw_final,0.09184769856080836,0.45488165680473375,0.9974025974025974
lfw_final,0.091607216027504,0.4552514792899408,0.9974025974025974
lfw_final,0.09159435042070355,0.4556213017751479,0.9974025974025974
lfw_final,0.0915774326064579,0.45599112426035504,0.9974025974025974
lfw_final,0.09155406294107844,0.45636094674556216,0.9974025974025974
lfw_final,0.09154183073833375,0.4567307692307692,0.9974025974025974
lfw_final,0.09152317022031321,0.45710059171597633,0.9974025974025974
lfw_final,0.09147448586982214,0.45747041420118345,0.9974025974025974
lfw_final,0.09138707723212708,0.4578402366863905,0.9974025974025974
lfw_final,0.09131124238573911,0.45821005917159763,0.9974025974025974
lfw_final,0.09128658284300344,0.45857988165680474,0.9974025974025974
lfw_final,0.09112586298999775,0.45894970414201186,0.9974025974025974
lfw_final,0.09110636962197649,0.4593195266272189,0.9974025974025974
lfw_final,0.09109185182303534,0.45968934911242604,0.9974025974025974
lfw_final,0.09104803670031737,0.46005917159763315,0.9974025974025974
lfw_final,0.09103654268091727,0.4604289940828402,0.9974025974025974
lfw_final,0.09102623801955954,0.46079881656804733,0.9974025974025974
lfw_final,0.09096176426953649,0.46116863905325445,0.9974025974025974
lfw_final,0.09090971038065312,0.46153846153846156,0.9974025974025974
lfw_final,0.09072905755613929,0.4619082840236686,0.9974025974025974
lfw_final,0.0906537058612587,0.46227810650887574,0.9974025974025974
lfw_final,0.09034757757168259,0.46264792899408286,0.9974025974025974
lfw_final,0.09025344388811299,0.4630177514792899,0.9974025974025974
lfw_final,0.09015865453130265,0.46338757396449703,0.9974025974025974
lfw_final,0.08977984195620807,0.46375739644970415,0.9974025974025974
lfw_final,0.08977230156437051,0.46412721893491127,0.9974025974025974
lfw_final,0.08976970106835389,0.46449704142011833,0.9974025974025974
lfw_final,0.08973749638773641,0.46486686390532544,0.9974025974025974
lfw_final,0.08967350013842275,0.46523668639053256,0.9974025974025974
lfw_final,0.08937971090451735,0.46523668639053256,0.997773654916512
lfw_final,0.08901953625713224,0.4656065088757396,0.997773654916512
lfw_final,0.08877925224725766,0.46597633136094674,0.997773654916512
lfw_final,0.08872289671634787,0.46634615384615385,0.997773654916512
lfw_final,0.08837033026979198,0.46671597633136097,0.997773654916512
lfw_final,0.08832609939614344,0.46708579881656803,0.997773654916512
lfw_final,0.08831488458837149,0.46745562130177515,0.997773654916512
lfw_final,0.08829520243662245,0.46782544378698226,0.997773654916512
lfw_final,0.08801883353097735,0.4681952662721893,0.997773654916512
lfw_final,0.0879227652152816,0.46856508875739644,0.997773654916512
lfw_final,0.08789578008890714,0.46893491124260356,0.997773654916512
lfw_final,0.08785768754008072,0.4693047337278107,0.997773654916512
lfw_final,0.0878384579017347,0.46967455621301774,0.997773654916512
lfw_final,0.08777392163886635,0.47004437869822485,0.997773654916512
lfw_final,0.08777109949863189,0.47041420118343197,0.997773654916512
lfw_final,0.08775310692475426,0.47078402366863903,0.997773654916512
lfw_final,0.08765173668076204,0.47115384615384615,0.997773654916512
lfw_final,0.08750528672667968,0.47152366863905326,0.997773654916512
lfw_final,0.08728931549663455,0.4718934911242604,0.997773654916512
lfw_final,0.08700448160316479,0.47226331360946744,0.997773654916512
lfw_final,0.08690606069071964,0.47263313609467456,0.997773654916512
lfw_final,0.08668663988465292,0.47300295857988167,0.997773654916512
lfw_final,0.08666705224590186,0.47337278106508873,0.997773654916512
lfw_final,0.08640080150428754,0.47374260355029585,0.997773654916512
lfw_final,0.08611120495199368,0.47411242603550297,0.997773654916512
lfw_final,0.08604453530248495,0.4744822485207101,0.997773654916512
lfw_final,0.08595085579849689,0.47485207100591714,0.997773654916512
lfw_final,0.0858658757727656,0.47522189349112426,0.997773654916512
lfw_final,0.08586578169733115,0.4755917159763314,0.997773654916512
lfw_final,0.08579764509079088,0.47596153846153844,0.997773654916512
lfw_final,0.0856910081666938,0.47633136094674555,0.997773654916512
lfw_final,0.08568458119810904,0.47670118343195267,0.997773654916512
lfw_final,0.08564818067267385,0.4770710059171598,0.997773654916512
lfw_final,0.08557512951659002,0.47744082840236685,0.997773654916512
lfw_final,0.08556150334396849,0.47781065088757396,0.997773654916512
lfw_final,0.08553591409659647,0.4781804733727811,0.997773654916512
lfw_final,0.08550281829918299,0.47855029585798814,0.997773654916512
lfw_final,0.08536148335133552,0.47892011834319526,0.997773654916512
lfw_final,0.08523770364363027,0.47928994082840237,0.997773654916512
lfw_final,0.08514853489604032,0.4796597633136095,0.997773654916512
lfw_final,0.08514617109344458,0.48002958579881655,0.997773654916512
lfw_final,0.08512790774839106,0.48039940828402367,0.997773654916512
lfw_final,0.08511908420298772,0.4807692307692308,0.997773654916512
lfw_final,0.08501970836879275,0.48113905325443784,0.997773654916512
lfw_final,0.08498332159145,0.48150887573964496,0.997773654916512
lfw_final,0.08495922187213073,0.4818786982248521,0.997773654916512
lfw_final,0.0849035701749236,0.4822485207100592,0.997773654916512
lfw_final,0.08483918902193649,0.48261834319526625,0.997773654916512
lfw_final,0.08481877088968244,0.48298816568047337,0.997773654916512
lfw_final,0.08462745623592126,0.4833579881656805,0.997773654916512
lfw_final,0.08460344588488758,0.48372781065088755,0.997773654916512
lfw_final,0.08455926798967246,0.48409763313609466,0.997773654916512
lfw_final,0.08454416250315884,0.4844674556213018,0.997773654916512
lfw_final,0.08436731278797395,0.4848372781065089,0.997773654916512
lfw_final,0.0839980603116027,0.48520710059171596,0.997773654916512
lfw_final,0.08394292329469834,0.4855769230769231,0.997773654916512
lfw_final,0.08384062223799219,0.4859467455621302,0.997773654916512
lfw_final,0.08358178546028641,0.4863165680473373,0.997773654916512
lfw_final,0.08354261251725703,0.48668639053254437,0.997773654916512
lfw_final,0.08353361490646491,0.4870562130177515,0.997773654916512
lfw_final,0.08339173307801453,0.4874260355029586,0.997773654916512
lfw_final,0.08329043883422732,0.48779585798816566,0.997773654916512
lfw_final,0.08326343187388907,0.4881656804733728,0.997773654916512
lfw_final,0.08320662657284084,0.4885355029585799,0.997773654916512
lfw_final,0.08319065453641976,0.488905325443787,0.997773654916512
lfw_final,0.08315607713313963,0.48927514792899407,0.997773654916512
lfw_final,0.08313321034644584,0.4896449704142012,0.997773654916512
lfw_final,0.08289500933346683,0.4900147928994083,0.997773654916512
lfw_final,0.08286341257938898,0.49038461538461536,0.997773654916512
lfw_final,0.08284323831709586,0.4907544378698225,0.997773654916512
lfw_final,0.08284142442156779,0.4911242603550296,0.997773654916512
lfw_final,0.0827028664581835,0.4914940828402367,0.997773654916512
lfw_final,0.08268352324847289,0.4918639053254438,0.997773654916512
lfw_final,0.08263687358922567,0.4922337278106509,0.997773654916512
lfw_final,0.0824853715398353,0.492603550295858,0.997773654916512
lfw_final,0.08240667621450666,0.49297337278106507,0.997773654916512
lfw_final,0.0823593142309378,0.4933431952662722,0.997773654916512
lfw_final,0.08230198560279475,0.4937130177514793,0.997773654916512
lfw_final,0.08227975438148259,0.4940828402366864,0.997773654916512
lfw_final,0.08224990229717813,0.4944526627218935,0.997773654916512
lfw_final,0.08216925403939167,0.4948224852071006,0.997773654916512
lfw_final,0.08206311293027391,0.4951923076923077,0.997773654916512
lfw_final,0.08173512469984295,0.49556213017751477,0.997773654916512
lfw_final,0.08167523195405825,0.4959319526627219,0.997773654916512
lfw_final,0.08165514559827886,0.496301775147929,0.997773654916512
lfw_final,0.08163025676775587,0.4966715976331361,0.997773654916512
lfw_final,0.08131899274993196,0.4970414201183432,0.997773654916512
lfw_final,0.08129355462563971,0.4974112426035503,0.997773654916512
lfw_final,0.08125528147380251,0.4977810650887574,0.997773654916512
lfw_final,0.08124907247717432,0.4981508875739645,0.997773654916512
lfw_final,0.08122299917345566,0.4985207100591716,0.997773654916512
lfw_final,0.08120800127046333,0.4988905325443787,0.997773654916512
lfw_final,0.08119218635660805,0.4992603550295858,0.997773654916512
lfw_final,0.08116136571752453,0.4996301775147929,0.997773654916512
lfw_final,0.08112907439281124,0.5,0.997773654916512
lfw_final,0.08104473461077946,0.5003698224852071,0.997773654916512
lfw_final,0.08056396191353095,0.5007396449704142,0.997773654916512
lfw_final,0.0805003922875838,0.5011094674556213,0.997773654916512
lfw_final,0.08033879991009121,0.5014792899408284,0.997773654916512
lfw_final,0.08032783391159062,0.5018491124260355,0.997773654916512
lfw_final,0.07996355052379538,0.5022189349112426,0.997773654916512
lfw_final,0.0798491921873311,0.5025887573964497,0.997773654916512
lfw_final,0.07978218426857443,0.5029585798816568,0.997773654916512
lfw_final,0.0795986554957088,0.5033284023668639,0.997773654916512
lfw_final,0.0791703761110644,0.503698224852071,0.997773654916512
lfw_final,0.07910919339051758,0.5040680473372781,0.997773654916512
lfw_final,0.07908499272772276,0.5044378698224852,0.997773654916512
lfw_final,0.07901320707737444,0.5048076923076923,0.997773654916512
lfw_final,0.07892947358395355,0.5051775147928994,0.997773654916512
lfw_final,0.07880458244834267,0.5055473372781065,0.997773654916512
lfw_final,0.07869118729222627,0.5059171597633136,0.997773654916512
lfw_final,0.07847441472555919,0.5062869822485208,0.997773654916512
lfw_final,0.07844975983948438,0.5066568047337278,0.997773654916512
lfw_final,0.07844803637559289,0.5070266272189349,0.997773654916512
lfw_final,0.07841839297689722,0.507396449704142,0.997773654916512
lfw_final,0.07841334014033263,0.5077662721893491,0.997773654916512
lfw_final,0.07825408702762345,0.5081360946745562,0.997773654916512
lfw_final,0.07819229771733163,0.5085059171597633,0.997773654916512
lfw_final,0.07812115682390293,0.5088757396449705,0.997773654916512
lfw_final,0.0780995793829325,0.5092455621301775,0.997773654916512
lfw_final,0.07808367349575522,0.5096153846153846,0.997773654916512
lfw_final,0.07805203051397434,0.5099852071005917,0.997773654916512
lfw_final,0.07782637451689105,0.5103550295857988,0.997773654916512
lfw_final,0.07780635654370942,0.5107248520710059,0.997773654916512
lfw_final,0.07776762222253891,0.511094674556213,0.997773654916512
lfw_final,0.0777636676164817,0.5114644970414202,0.997773654916512
lfw_final,0.07773151323274005,0.5118343195266272,0.997773654916512
lfw_final,0.07762991618651113,0.5122041420118343,0.997773654916512
lfw_final,0.0773517085554558,0.5125739644970414,0.997773654916512
lfw_final,0.07722846807300661,0.5129437869822485,0.997773654916512
lfw_final,0.07721307824474664,0.5133136094674556,0.997773654916512
lfw_final,0.07721209645547333,0.5136834319526628,0.997773654916512
lfw_final,0.07707741689228896,0.5140532544378699,0.997773654916512
lfw_final,0.07702694190740346,0.5144230769230769,0.997773654916512
lfw_final,0.07697392639047301,0.514792899408284,0.997773654916512
lfw_final,0.07692195114815376,0.5151627218934911,0.997773654916512
lfw_final,0.076903090779638,0.5155325443786982,0.997773654916512
lfw_final,0.07676370461040305,0.5159023668639053,0.997773654916512
lfw_final,0.07657575901277248,0.5162721893491125,0.997773654916512
lfw_final,0.07631812134122798,0.5166420118343196,0.997773654916512
lfw_final,0.07623652399098885,0.5170118343195266,0.997773654916512
lfw_final,0.07618632742406356,0.5173816568047337,0.997773654916512
lfw_final,0.07607099060447926,0.5177514792899408,0.997773654916512
lfw_final,0.07600445578966525,0.5181213017751479,0.997773654916512
lfw_final,0.07596429838987963,0.518491124260355,0.997773654916512
lfw_final,0.07595865867230898,0.5188609467455622,0.997773654916512
lfw_final,0.0759169944993965,0.5192307692307693,0.997773654916512
lfw_final,0.07582853766935851,0.5196005917159763,0.997773654916512
lfw_final,0.07581640101323053,0.5199704142011834,0.997773654916512
lfw_final,0.07560201223020144,0.5203402366863905,0.997773654916512
lfw_final,0.07557470458925375,0.5207100591715976,0.997773654916512
lfw_final,0.07554365551821662,0.5210798816568047,0.997773654916512
lfw_final,0.07553252842881134,0.5214497041420119,0.997773654916512
lfw_final,0.07553006023992095,0.521819526627219,0.997773654916512
lfw_final,0.07535594683039562,0.522189349112426,0.997773654916512
lfw_final,0.07530201526614302,0.5225591715976331,0.997773654916512
lfw_final,0.07520378264927664,0.5229289940828402,0.997773654916512
lfw_final,0.07517447653702201,0.5232988165680473,0.997773654916512
lfw_final,0.07515874937315963,0.5236686390532544,0.997773654916512
lfw_final,0.0751169531510511,0.5240384615384616,0.997773654916512
lfw_final,0.074914613335785,0.5244082840236687,0.997773654916512
lfw_final,0.0748232925477221,0.5247781065088757,0.997773654916512
lfw_final,0.07476091378873884,0.5251479289940828,0.997773654916512
lfw_final,0.07451172210141327,0.5255177514792899,0.997773654916512
lfw_final,0.07449238904543252,0.525887573964497,0.997773654916512
lfw_final,0.07438890890072387,0.5262573964497042,0.997773654916512
lfw_final,0.07435469743357889,0.5266272189349113,0.997773654916512
lfw_final,0.07434851024212406,0.5269970414201184,0.997773654916512
lfw_final,0.0742879873090747,0.5273668639053254,0.997773654916512
lfw_final,0.07418680500042588,0.5277366863905325,0.997773654916512
lfw_final,0.07412498007198715,0.5281065088757396,0.997773654916512
lfw_final,0.07411149586488983,0.5284763313609467,0.997773654916512
lfw_final,0.07406240207982068,0.5288461538461539,0.997773654916512
lfw_final,0.07406033396350042,0.529215976331361,0.997773654916512
lfw_final,0.07398748127086535,0.5295857988165681,0.997773654916512
lfw_final,0.07383205640666712,0.5299556213017751,0.997773654916512
lfw_final,0.07368364481767994,0.5303254437869822,0.997773654916512
lfw_final,0.0736693373259242,0.5306952662721893,0.997773654916512
lfw_final,0.07365777666055835,0.5310650887573964,0.997773654916512
lfw_final,0.07363183243475338,0.5314349112426036,0.997773654916512
lfw_final,0.07357833916370202,0.5318047337278107,0.997773654916512
lfw_final,0.07345864427481219,0.5321745562130178,0.997773654916512
lfw_final,0.07343864949896535,0.5325443786982249,0.997773654916512
lfw_final,0.07335002361148917,0.5329142011834319,0.997773654916512
lfw_final,0.07331226437740206,0.533284023668639,0.997773654916512
lfw_final,0.0732412885748313,0.5336538461538461,0.997773654916512
lfw_final,0.07321590667685197,0.5340236686390533,0.997773654916512
lfw_final,0.07319155487559745,0.5343934911242604,0.997773654916512
lfw_final,0.07311071595916901,0.5347633136094675,0.997773654916512
lfw_final,0.07293345783601543,0.5351331360946746,0.997773654916512
lfw_final,0.07282234423572385,0.5355029585798816,0.997773654916512
lfw_final,0.07279964532929811,0.5358727810650887,0.997773654916512
lfw_final,0.07279245944825151,0.5362426035502958,0.997773654916512
lfw_final,0.07268611373091016,0.536612426035503,0.997773654916512
lfw_final,0.07267941726897245,0.5369822485207101,0.997773654916512
lfw_final,0.0726764939134852,0.5373520710059172,0.997773654916512
lfw_final,0.07259497362879722,0.5377218934911243,0.997773654916512
lfw_final,0.07247011100082415,0.5380917159763313,0.997773654916512
lfw_final,0.07242626626211193,0.5384615384615384,0.997773654916512
lfw_final,0.07237505850059876,0.5388313609467456,0.997773654916512
lfw_final,0.07224947467762646,0.5392011834319527,0.997773654916512
lfw_final,0.07221103372247308,0.5395710059171598,0.997773654916512
lfw_final,0.0720264623060889,0.5399408284023669,0.997773654916512
lfw_final,0.07183270828084247,0.540310650887574,0.997773654916512
lfw_final,0.07138210244683216,0.540680473372781,0.997773654916512
lfw_final,0.07136482409624265,0.5410502958579881,0.997773654916512
lfw_final,0.07135144404247273,0.5414201183431953,0.997773654916512
lfw_final,0.07129155787540112,0.5417899408284024,0.997773654916512
lfw_final,0.07127500451962204,0.5421597633136095,0.997773654916512
lfw_final,0.07118452886869422,0.5425295857988166,0.997773654916512
lfw_final,0.0710369978364341,0.5428994082840237,0.997773654916512
lfw_final,0.07088453035000969,0.5432692307692307,0.997773654916512
lfw_final,0.07086988503352061,0.5436390532544378,0.997773654916512
lfw_final,0.07077724398497595,0.544008875739645,0.997773654916512
lfw_final,0.07073548999811434,0.5443786982248521,0.997773654916512
lfw_final,0.07067356136857068,0.5447485207100592,0.997773654916512
lfw_final,0.07047068552397713,0.5451183431952663,0.997773654916512
lfw_final,0.07044016645219861,0.5454881656804734,0.997773654916512
lfw_final,0.07033658567423719,0.5458579881656804,0.997773654916512
lfw_final,0.07028761948481821,0.5462278106508875,0.997773654916512
lfw_final,0.07026893874192494,0.5465976331360947,0.997773654916512
lfw_final,0.0700033181449171,0.5469674556213018,0.997773654916512
lfw_final,0.06999161262407363,0.5473372781065089,0.997773654916512
lfw_final,0.06997246805131783,0.547707100591716,0.997773654916512
lfw_final,0.06994288431396883,0.5480769230769231,0.997773654916512
lfw_final,0.06991447939328727,0.5484467455621301,0.997773654916512
lfw_final,0.06988499161792816,0.5488165680473372,0.997773654916512
lfw_final,0.06985230176058232,0.5491863905325444,0.997773654916512
lfw_final,0.06980532405094017,0.5495562130177515,0.997773654916512
lfw_final,0.06972259173410177,0.5499260355029586,0.997773654916512
lfw_final,0.06967565018374205,0.5502958579881657,0.997773654916512
lfw_final,0.069368340060357,0.5506656804733728,0.997773654916512
lfw_final,0.06927275541446334,0.5510355029585798,0.997773654916512
lfw_final,0.06914024269568769,0.551405325443787,0.997773654916512
lfw_final,0.06912940572438495,0.5517751479289941,0.997773654916512
lfw_final,0.06912538136920104,0.5521449704142012,0.997773654916512
lfw_final,0.06903233251526132,0.5525147928994083,0.997773654916512
lfw_final,0.06902921886133366,0.5528846153846154,0.997773654916512
lfw_final,0.06899997109782188,0.5532544378698225,0.997773654916512
lfw_final,0.06895170103760645,0.5536242603550295,0.997773654916512
lfw_final,0.0689277947550703,0.5539940828402367,0.997773654916512
lfw_final,0.06884322775312805,0.5543639053254438,0.997773654916512
lfw_final,0.06877839734160034,0.5547337278106509,0.997773654916512
lfw_final,0.06877596149146643,0.555103550295858,0.997773654916512
lfw_final,0.06860573594364444,0.5554733727810651,0.997773654916512
lfw_final,0.06854698256329667,0.5558431952662722,0.997773654916512
lfw_final,0.06847300579542771,0.5562130177514792,0.997773654916512
lfw_final,0.06845062040242478,0.5565828402366864,0.997773654916512
lfw_final,0.06844777294248852,0.5569526627218935,0.997773654916512
lfw_final,0.06824397323374053,0.5573224852071006,0.997773654916512
lfw_final,0.06813249684697717,0.5576923076923077,0.997773654916512
lfw_final,0.06811016175313409,0.5580621301775148,0.997773654916512
lfw_final,0.06796325276908312,0.5584319526627219,0.997773654916512
lfw_final,0.06788032625223292,0.558801775147929,0.997773654916512
lfw_final,0.06773370717393909,0.5591715976331361,0.997773654916512
lfw_final,0.06771104967699339,0.5595414201183432,0.997773654916512
lfw_final,0.06769520494119434,0.5599112426035503,0.997773654916512
lfw_final,0.06762584394293253,0.5602810650887574,0.997773654916512
lfw_final,0.06748118823910505,0.5606508875739645,0.997773654916512
lfw_final,0.06743585822547275,0.5610207100591716,0.997773654916512
lfw_final,0.06724549811831299,0.5613905325443787,0.997773654916512
lfw_final,0.06679361828579884,0.5617603550295858,0.997773654916512
lfw_final,0.06675712264094566,0.5621301775147929,0.997773654916512
lfw_final,0.06670029581347421,0.5625,0.997773654916512
lfw_final,0.0663946204917647,0.5628698224852071,0.997773654916512
lfw_final,0.06638933616959317,0.5632396449704142,0.997773654916512
lfw_final,0.06637357951830977,0.5636094674556213,0.997773654916512
lfw_final,0.0661523284458801,0.5639792899408284,0.997773654916512
lfw_final,0.06613721816553356,0.5643491124260355,0.997773654916512
lfw_final,0.06579894307534308,0.5647189349112426,0.997773654916512
lfw_final,0.06578888331157906,0.5650887573964497,0.997773654916512
lfw_final,0.06578815512854441,0.5654585798816568,0.997773654916512
lfw_final,0.06563765801997867,0.5658284023668639,0.997773654916512
lfw_final,0.06551166246082918,0.566198224852071,0.997773654916512
lfw_final,0.06543065929004835,0.5665680473372781,0.997773654916512
lfw_final,0.06541381332332692,0.5669378698224852,0.997773654916512
lfw_final,0.06530097169332166,0.5673076923076923,0.997773654916512
lfw_final,0.0652868601037018,0.5676775147928994,0.997773654916512
lfw_final,0.06528203765770071,0.5680473372781065,0.997773654916512
lfw_final,0.06524750088885807,0.5684171597633136,0.997773654916512
lfw_final,0.06521016735092544,0.5687869822485208,0.997773654916512
lfw_final,0.06510474436375466,0.5691568047337278,0.997773654916512
lfw_final,0.0650944374259752,0.5695266272189349,0.997773654916512
lfw_final,0.06495588088925541,0.569896449704142,0.997773654916512
lfw_final,0.06490399149558879,0.5702662721893491,0.997773654916512
lfw_final,0.06471578822357675,0.5706360946745562,0.997773654916512
lfw_final,0.06466100763843163,0.5710059171597633,0.997773654916512
lfw_final,0.06447366236663653,0.5713757396449705,0.997773654916512
lfw_final,0.0644306973797125,0.5717455621301775,0.997773654916512
lfw_final,0.06440379247764513,0.5721153846153846,0.997773654916512
lfw_final,0.06429328421686048,0.5724852071005917,0.997773654916512
lfw_final,0.06419204347558959,0.5728550295857988,0.997773654916512
lfw_final,0.06415096925745128,0.5732248520710059,0.997773654916512
lfw_final,0.06405982790851919,0.573594674556213,0.997773654916512
lfw_final,0.06383430688594866,0.5739644970414202,0.997773654916512
lfw_final,0.06379375083645394,0.5743343195266272,0.997773654916512
lfw_final,0.06378337605443053,0.5747041420118343,0.997773654916512
lfw_final,0.06371757745484914,0.5750739644970414,0.997773654916512
lfw_final,0.06364596155117022,0.5754437869822485,0.997773654916512
lfw_final,0.06359552138747507,0.5758136094674556,0.997773654916512
lfw_final,0.06357274598726584,0.5761834319526628,0.997773654916512
lfw_final,0.06342736326475312,0.5765532544378699,0.997773654916512
lfw_final,0.06329367086347898,0.5769230769230769,0.997773654916512
lfw_final,0.0632848984241437,0.577292899408284,0.997773654916512
lfw_final,0.06325135713391299,0.5776627218934911,0.997773654916512
lfw_final,0.06320058583725054,0.5780325443786982,0.997773654916512
lfw_final,0.06299831286499807,0.5784023668639053,0.997773654916512
lfw_final,0.06285906876131378,0.5787721893491125,0.997773654916512
lfw_final,0.06278622232901984,0.5791420118343196,0.997773654916512
lfw_final,0.06247305263713746,0.5795118343195266,0.997773654916512
lfw_final,0.06199526462724551,0.5798816568047337,0.997773654916512
lfw_final,0.06195854183569079,0.5802514792899408,0.997773654916512
lfw_final,0.06190250157173818,0.5806213017751479,0.997773654916512
lfw_final,0.06186621327473715,0.580991124260355,0.997773654916512
lfw_final,0.06182163286443158,0.5813609467455622,0.997773654916512
lfw_final,0.06179017128585545,0.5817307692307693,0.997773654916512
lfw_final,0.061773709578502645,0.5821005917159763,0.997773654916512
lfw_final,0.06162674522944874,0.5824704142011834,0.997773654916512
lfw_final,0.061577300821627545,0.5828402366863905,0.997773654916512
lfw_final,0.0614682849868506,0.5832100591715976,0.997773654916512
lfw_final,0.061445027957114144,0.5835798816568047,0.997773654916512
lfw_final,0.06143299633851438,0.5839497041420119,0.997773654916512
lfw_final,0.0613940469809945,0.584319526627219,0.997773654916512
lfw_final,0.06134932144802061,0.584689349112426,0.997773654916512
lfw_final,0.06128859178106021,0.5850591715976331,0.997773654916512
lfw_final,0.06125983665291255,0.5854289940828402,0.997773654916512
lfw_final,0.06123320518788394,0.5857988165680473,0.997773654916512
lfw_final,0.06110878948150703,0.5861686390532544,0.997773654916512
lfw_final,0.060988201903849716,0.5865384615384616,0.997773654916512
lfw_final,0.060941429780780154,0.5869082840236687,0.997773654916512
lfw_final,0.06091948766514027,0.5872781065088757,0.997773654916512
lfw_final,0.06086694810469227,0.5876479289940828,0.997773654916512
lfw_final,0.060858203354859024,0.5880177514792899,0.997773654916512
lfw_final,0.060856679909056,0.588387573964497,0.997773654916512
lfw_final,0.06057312463562217,0.5887573964497042,0.997773654916512
lfw_final,0.060570115148955786,0.5891272189349113,0.997773654916512
lfw_final,0.060535340569130645,0.5894970414201184,0.997773654916512
lfw_final,0.06036760021137957,0.5898668639053254,0.997773654916512
lfw_final,0.060348444020331196,0.5902366863905325,0.997773654916512
lfw_final,0.060248819562626975,0.5906065088757396,0.997773654916512
lfw_final,0.06015985614227657,0.5909763313609467,0.997773654916512
lfw_final,0.06011622671219174,0.5913461538461539,0.997773654916512
lfw_final,0.06000901872137655,0.591715976331361,0.997773654916512
lfw_final,0.05988528416995435,0.5920857988165681,0.997773654916512
lfw_final,0.059787416450545215,0.5924556213017751,0.997773654916512
lfw_final,0.05970285880807025,0.5928254437869822,0.997773654916512
lfw_final,0.059675093225779574,0.5931952662721893,0.997773654916512
lfw_final,0.05962752184734074,0.5935650887573964,0.997773654916512
lfw_final,0.05958076452833632,0.5939349112426036,0.997773654916512
lfw_final,0.05957614738656084,0.5943047337278107,0.997773654916512
lfw_final,0.05956514413795457,0.5946745562130178,0.997773654916512
lfw_final,0.059362142337609544,0.5950443786982249,0.997773654916512
lfw_final,0.059238775660721735,0.5954142011834319,0.997773654916512
lfw_final,0.05918890545238334,0.595784023668639,0.997773654916512
lfw_final,0.0591626453032786,0.5961538461538461,0.997773654916512
lfw_final,0.059131491970635545,0.5965236686390533,0.997773654916512
lfw_final,0.0590122303993653,0.5968934911242604,0.997773654916512
lfw_final,0.05889714900230278,0.5972633136094675,0.997773654916512
lfw_final,0.05885524829058028,0.5976331360946746,0.997773654916512
lfw_final,0.05885088813091507,0.5980029585798816,0.997773654916512
lfw_final,0.05880557407953119,0.5983727810650887,0.997773654916512
lfw_final,0.05878769374270393,0.5987426035502958,0.997773654916512
lfw_final,0.0586083455414188,0.599112426035503,0.997773654916512
lfw_final,0.058559708365675575,0.5994822485207101,0.997773654916512
lfw_final,0.05852945297659614,0.5998520710059172,0.997773654916512
lfw_final,0.058507455650153604,0.6002218934911243,0.997773654916512
lfw_final,0.05847728257636646,0.6005917159763313,0.997773654916512
lfw_final,0.058464396113609256,0.6009615384615384,0.997773654916512
lfw_final,0.05844748687095965,0.6013313609467456,0.997773654916512
lfw_final,0.058444597514444,0.6017011834319527,0.997773654916512
lfw_final,0.05841964595767467,0.6020710059171598,0.997773654916512
lfw_final,0.05841251754874199,0.6024408284023669,0.997773654916512
lfw_final,0.05839079064073121,0.602810650887574,0.997773654916512
lfw_final,0.05838784250930807,0.603180473372781,0.997773654916512
lfw_final,0.05823390782605328,0.6035502958579881,0.997773654916512
lfw_final,0.0581945388926812,0.6039201183431953,0.997773654916512
lfw_final,0.058183145763263666,0.6042899408284024,0.997773654916512
lfw_final,0.05812658865117369,0.6046597633136095,0.997773654916512
lfw_final,0.05801028027745464,0.6050295857988166,0.997773654916512
lfw_final,0.05797501358704676,0.6053994082840237,0.997773654916512
lfw_final,0.05795005795877764,0.6057692307692307,0.997773654916512
lfw_final,0.05792850049756307,0.6061390532544378,0.997773654916512
lfw_final,0.05785586906824152,0.606508875739645,0.997773654916512
lfw_final,0.05775337429163225,0.6068786982248521,0.997773654916512
lfw_final,0.057586619649986716,0.6072485207100592,0.997773654916512
lfw_final,0.057461850816173755,0.6076183431952663,0.997773654916512
lfw_final,0.05737433250016475,0.6079881656804734,0.997773654916512
lfw_final,0.05729202118261821,0.6083579881656804,0.997773654916512
lfw_final,0.057268298678259784,0.6087278106508875,0.997773654916512
lfw_final,0.05719922265994181,0.6090976331360947,0.997773654916512
lfw_final,0.056872806859455366,0.6094674556213018,0.997773654916512
lfw_final,0.05685273392183787,0.6098372781065089,0.997773654916512
lfw_final,0.05675208581446232,0.610207100591716,0.997773654916512
lfw_final,0.05669049449470268,0.6105769230769231,0.997773654916512
lfw_final,0.056635447544615,0.6109467455621301,0.997773654916512
lfw_final,0.056606169162503765,0.6113165680473372,0.997773654916512
lfw_final,0.05653101067599768,0.6116863905325444,0.997773654916512
lfw_final,0.056350883640909594,0.6120562130177515,0.997773654916512
lfw_final,0.056289256640393776,0.6124260355029586,0.997773654916512
lfw_final,0.0562449699228061,0.6124260355029586,0.9981447124304267
lfw_final,0.05611865463950286,0.6127958579881657,0.9981447124304267
lfw_final,0.056115319153517904,0.6131656804733728,0.9981447124304267
lfw_final,0.056108806992916704,0.6135355029585798,0.9981447124304267
lfw_final,0.055929862613055985,0.613905325443787,0.9981447124304267
lfw_final,0.05588083610968556,0.6142751479289941,0.9981447124304267
lfw_final,0.055880700496879106,0.6146449704142012,0.9981447124304267
lfw_final,0.055880423632718786,0.6150147928994083,0.9981447124304267
lfw_final,0.05587961435115892,0.6153846153846154,0.9981447124304267
lfw_final,0.05581230031844685,0.6157544378698225,0.9981447124304267
lfw_final,0.055742386394749745,0.6161242603550295,0.9981447124304267
lfw_final,0.055676678808318614,0.6164940828402367,0.9981447124304267
lfw_final,0.05567174210574922,0.6168639053254438,0.9981447124304267
lfw_final,0.0556219898058279,0.6172337278106509,0.9981447124304267
lfw_final,0.05558024669602641,0.617603550295858,0.9981447124304267
lfw_final,0.05553460581628766,0.6179733727810651,0.9981447124304267
lfw_final,0.0555078538684365,0.6183431952662722,0.9981447124304267
lfw_final,0.05540598181946699,0.6187130177514792,0.9981447124304267
lfw_final,0.05537570206875064,0.6190828402366864,0.9981447124304267
lfw_final,0.05517844143266257,0.6194526627218935,0.9981447124304267
lfw_final,0.05500904041853055,0.6198224852071006,0.9981447124304267
lfw_final,0.054885779028665,0.6201923076923077,0.9981447124304267
lfw_final,0.0548136539104254,0.6205621301775148,0.9981447124304267
lfw_final,0.054680486089862645,0.6209319526627219,0.9981447124304267
lfw_final,0.05461279008028844,0.621301775147929,0.9981447124304267
lfw_final,0.05457862496520358,0.6216715976331361,0.9981447124304267
lfw_final,0.0545657038277564,0.6220414201183432,0.9981447124304267
lfw_final,0.054550680684987994,0.6224112426035503,0.9981447124304267
lfw_final,0.05444718061900681,0.6227810650887574,0.9981447124304267
lfw_final,0.054420507687881266,0.6231508875739645,0.9981447124304267
lfw_final,0.05437377958112374,0.6235207100591716,0.9981447124304267
lfw_final,0.05428500465025484,0.6238905325443787,0.9981447124304267
lfw_final,0.05417422552278252,0.6242603550295858,0.9981447124304267
lfw_final,0.05401006179798631,0.6246301775147929,0.9981447124304267
lfw_final,0.05393740661658675,0.625,0.9981447124304267
lfw_final,0.05393596858841408,0.6253698224852071,0.9981447124304267
lfw_final,0.05383917901245585,0.6257396449704142,0.9981447124304267
lfw_final,0.05382529533695583,0.6261094674556213,0.9981447124304267
lfw_final,0.053710122091373574,0.6264792899408284,0.9981447124304267
lfw_final,0.053642020492912446,0.6268491124260355,0.9981447124304267
lfw_final,0.0535290421714861,0.6272189349112426,0.9981447124304267
lfw_final,0.05351368066929932,0.6275887573964497,0.9981447124304267
lfw_final,0.0535066669218243,0.6279585798816568,0.9981447124304267
lfw_final,0.05341767313820804,0.6283284023668639,0.9981447124304267
lfw_final,0.05307223692759679,0.628698224852071,0.9981447124304267
lfw_final,0.052934587951729666,0.6290680473372781,0.9981447124304267
lfw_final,0.05291399072275828,0.6294378698224852,0.9981447124304267
lfw_final,0.05264860613454693,0.6298076923076923,0.9981447124304267
lfw_final,0.05233588915219026,0.6301775147928994,0.9981447124304267
lfw_final,0.0522721292223287,0.6305473372781065,0.9981447124304267
lfw_final,0.05221846124393143,0.6309171597633136,0.9981447124304267
lfw_final,0.05197009730462322,0.6312869822485208,0.9981447124304267
lfw_final,0.05186659402609201,0.6316568047337278,0.9981447124304267
lfw_final,0.051805740843133455,0.6320266272189349,0.9981447124304267
lfw_final,0.05176785971883151,0.632396449704142,0.9981447124304267
lfw_final,0.051726622901460385,0.6327662721893491,0.9981447124304267
lfw_final,0.05160875144274508,0.6331360946745562,0.9981447124304267
lfw_final,0.05156257219131372,0.6335059171597633,0.9981447124304267
lfw_final,0.051532273565818805,0.6338757396449705,0.9981447124304267
lfw_final,0.05140099546653383,0.6342455621301775,0.9981447124304267
lfw_final,0.05132820063379698,0.6346153846153846,0.9981447124304267
lfw_final,0.0512470772914452,0.6349852071005917,0.9981447124304267
lfw_final,0.05122731703041338,0.6353550295857988,0.9981447124304267
lfw_final,0.05111429045887357,0.6357248520710059,0.9981447124304267
lfw_final,0.051052268138553125,0.636094674556213,0.9981447124304267
lfw_final,0.0510085332371288,0.6364644970414202,0.9981447124304267
lfw_final,0.050989808865579626,0.6368343195266272,0.9981447124304267
lfw_final,0.050945570907086735,0.6372041420118343,0.9981447124304267
lfw_final,0.05075758653126293,0.6375739644970414,0.9981447124304267
lfw_final,0.05070928631819634,0.6379437869822485,0.9981447124304267
lfw_final,0.050703201773745515,0.6383136094674556,0.9981447124304267
lfw_final,0.050623131283609894,0.6386834319526628,0.9981447124304267
lfw_final,0.05050623405459979,0.6390532544378699,0.9981447124304267
lfw_final,0.05018887166465253,0.6394230769230769,0.9981447124304267
lfw_final,0.049998675763517623,0.6394230769230769,0.9985157699443413
lfw_final,0.04996391491677705,0.639792899408284,0.9985157699443413
lfw_final,0.049861631616000227,0.6401627218934911,0.9985157699443413
lfw_final,0.04984457361980434,0.6405325443786982,0.9985157699443413
lfw_final,0.04979335965395871,0.6409023668639053,0.9985157699443413
lfw_final,0.049787152647102526,0.6412721893491125,0.9985157699443413
lfw_final,0.0497027737335235,0.6416420118343196,0.9985157699443413
lfw_final,0.04961148463251524,0.6420118343195266,0.9985157699443413
lfw_final,0.04955131408284857,0.6423816568047337,0.9985157699443413
lfw_final,0.049186924915976794,0.6427514792899408,0.9985157699443413
lfw_final,0.04914332059312764,0.6431213017751479,0.9985157699443413
lfw_final,0.049080990818583844,0.643491124260355,0.9985157699443413
lfw_final,0.04894633485338258,0.6438609467455622,0.9985157699443413
lfw_final,0.04892976789233298,0.6442307692307693,0.9985157699443413
lfw_final,0.048920965513028485,0.6446005917159763,0.9985157699443413
lfw_final,0.04877683270058042,0.6449704142011834,0.9985157699443413
lfw_final,0.04865260676161824,0.6453402366863905,0.9985157699443413
lfw_final,0.04852638508605672,0.6457100591715976,0.9985157699443413
lfw_final,0.04844768037253934,0.6460798816568047,0.9985157699443413
lfw_final,0.04842556070034444,0.6464497041420119,0.9985157699443413
lfw_final,0.04829135628801925,0.646819526627219,0.9985157699443413
lfw_final,0.0482784181810763,0.647189349112426,0.9985157699443413
lfw_final,0.04806327826785045,0.6475591715976331,0.9985157699443413
lfw_final,0.04789418140500266,0.6479289940828402,0.9985157699443413
lfw_final,0.04777250777711423,0.6482988165680473,0.9985157699443413
lfw_final,0.04772124994244553,0.6486686390532544,0.9985157699443413
lfw_final,0.04764057825877304,0.6490384615384616,0.9985157699443413
lfw_final,0.047591197667744,0.6494082840236687,0.9985157699443413
lfw_final,0.04744151268757153,0.6497781065088757,0.9985157699443413
lfw_final,0.047433170992688796,0.6501479289940828,0.9985157699443413
lfw_final,0.047385506292419735,0.6505177514792899,0.9985157699443413
lfw_final,0.04736719788649389,0.650887573964497,0.9985157699443413
lfw_final,0.04724026850470983,0.6512573964497042,0.9985157699443413
lfw_final,0.04711537197644693,0.6516272189349113,0.9985157699443413
lfw_final,0.047010327020411274,0.6519970414201184,0.9985157699443413
lfw_final,0.046885896398221424,0.6523668639053254,0.9985157699443413
lfw_final,0.04683078840005435,0.6527366863905325,0.9985157699443413
lfw_final,0.04680503893309902,0.6531065088757396,0.9985157699443413
lfw_final,0.04673091379541541,0.6534763313609467,0.9985157699443413
lfw_final,0.046720380448798796,0.6538461538461539,0.9985157699443413
lfw_final,0.0466606140177576,0.654215976331361,0.9985157699443413
lfw_final,0.04643043306746462,0.6545857988165681,0.9985157699443413
lfw_final,0.046393475373630415,0.6549556213017751,0.9985157699443413
lfw_final,0.04631337733106907,0.6553254437869822,0.9985157699443413
lfw_final,0.04615543816253369,0.6556952662721893,0.9985157699443413
lfw_final,0.04612109681448528,0.6560650887573964,0.9985157699443413
lfw_final,0.04611169391921699,0.6564349112426036,0.9985157699443413
lfw_final,0.046055529175735556,0.6568047337278107,0.9985157699443413
lfw_final,0.04603500124166466,0.6571745562130178,0.9985157699443413
lfw_final,0.04603144870571076,0.6575443786982249,0.9985157699443413
lfw_final,0.046005205633731776,0.6579142011834319,0.9985157699443413
lfw_final,0.04599679545033986,0.658284023668639,0.9985157699443413
lfw_final,0.04595456099976,0.6586538461538461,0.9985157699443413
lfw_final,0.04584080953137827,0.6590236686390533,0.9985157699443413
lfw_final,0.0457927075715038,0.6593934911242604,0.9985157699443413
lfw_final,0.04569562146417069,0.6597633136094675,0.9985157699443413
lfw_final,0.04569152244426741,0.6601331360946746,0.9985157699443413
lfw_final,0.04549006160890309,0.6605029585798816,0.9985157699443413
lfw_final,0.04542624879623207,0.6608727810650887,0.9985157699443413
lfw_final,0.04521921916383846,0.6612426035502958,0.9985157699443413
lfw_final,0.04515187122710081,0.661612426035503,0.9985157699443413
lfw_final,0.04500189975958531,0.6619822485207101,0.9985157699443413
lfw_final,0.04497973550628908,0.6623520710059172,0.9985157699443413
lfw_final,0.04493757567720159,0.6627218934911243,0.9985157699443413
lfw_final,0.04459704488505826,0.6630917159763313,0.9985157699443413
lfw_final,0.044588083964098635,0.6634615384615384,0.9985157699443413
lfw_final,0.04447163376931266,0.6638313609467456,0.9985157699443413
lfw_final,0.0443577167305895,0.6642011834319527,0.9985157699443413
lfw_final,0.04426197793343697,0.6645710059171598,0.9985157699443413
lfw_final,0.044159840559000414,0.6649408284023669,0.9985157699443413
lfw_final,0.04415026926132327,0.665310650887574,0.9985157699443413
lfw_final,0.04406636879500619,0.665680473372781,0.9985157699443413
lfw_final,0.04399528468656228,0.6660502958579881,0.9985157699443413
lfw_final,0.04392610081954895,0.6664201183431953,0.9985157699443413
lfw_final,0.04390647831392914,0.6667899408284024,0.9985157699443413
lfw_final,0.04390108874855221,0.6671597633136095,0.9985157699443413
lfw_final,0.0438861449986334,0.6675295857988166,0.9985157699443413
lfw_final,0.04378111574934765,0.6678994082840237,0.9985157699443413
lfw_final,0.043735383073359675,0.6682692307692307,0.9985157699443413
lfw_final,0.04373306549989571,0.6686390532544378,0.9985157699443413
lfw_final,0.043701760197525356,0.669008875739645,0.9985157699443413
lfw_final,0.04353649032343727,0.6693786982248521,0.9985157699443413
lfw_final,0.043502202277924604,0.6697485207100592,0.9985157699443413
lfw_final,0.04343110285954563,0.6701183431952663,0.9985157699443413
lfw_final,0.04343093643574399,0.6704881656804734,0.9985157699443413
lfw_final,0.04338552584312005,0.6708579881656804,0.9985157699443413
lfw_final,0.04330050187712253,0.6712278106508875,0.9985157699443413
lfw_final,0.0432332482511516,0.6715976331360947,0.9985157699443413
lfw_final,0.043204285838754984,0.6719674556213018,0.9985157699443413
lfw_final,0.04315502286970602,0.6723372781065089,0.9985157699443413
lfw_final,0.04309840889740876,0.672707100591716,0.9985157699443413
lfw_final,0.043097352571262695,0.6730769230769231,0.9985157699443413
lfw_final,0.043093633587879356,0.6734467455621301,0.9985157699443413
lfw_final,0.04304826637463102,0.6738165680473372,0.9985157699443413
lfw_final,0.043002582540167075,0.6741863905325444,0.9985157699443413
lfw_final,0.042879326927637726,0.6745562130177515,0.9985157699443413
lfw_final,0.04280763756845749,0.6749260355029586,0.9985157699443413
lfw_final,0.042646650484545,0.6752958579881657,0.9985157699443413
lfw_final,0.042605337705948335,0.6756656804733728,0.9985157699443413
lfw_final,0.042586286360484726,0.6760355029585798,0.9985157699443413
lfw_final,0.042544837834952505,0.676405325443787,0.9985157699443413
lfw_final,0.04239264623679362,0.6767751479289941,0.9985157699443413
lfw_final,0.042132636162429175,0.6771449704142012,0.9985157699443413
lfw_final,0.042072259715423437,0.6775147928994083,0.9985157699443413
lfw_final,0.04194404991214466,0.6778846153846154,0.9985157699443413
lfw_final,0.041806460628248256,0.6782544378698225,0.9985157699443413
lfw_final,0.04171666307982884,0.6786242603550295,0.9985157699443413
lfw_final,0.04160280826930443,0.6789940828402367,0.9985157699443413
lfw_final,0.04145264353524638,0.6793639053254438,0.9985157699443413
lfw_final,0.04145179648499505,0.6797337278106509,0.9985157699443413
lfw_final,0.04120962738926609,0.680103550295858,0.9985157699443413
lfw_final,0.0410283955276642,0.6804733727810651,0.9985157699443413
lfw_final,0.04101155141947141,0.6808431952662722,0.9985157699443413
lfw_final,0.04093039610673329,0.6812130177514792,0.9985157699443413
lfw_final,0.040864687009301355,0.6815828402366864,0.9985157699443413
lfw_final,0.040860117430173794,0.6819526627218935,0.9985157699443413
lfw_final,0.04082123097738501,0.6823224852071006,0.9985157699443413
lfw_final,0.04075576221235577,0.6826923076923077,0.9985157699443413
lfw_final,0.04071931865387058,0.6830621301775148,0.9985157699443413
lfw_final,0.040607055454478,0.6834319526627219,0.9985157699443413
lfw_final,0.04060194011678886,0.683801775147929,0.9985157699443413
lfw_final,0.04048045476091894,0.6841715976331361,0.9985157699443413
lfw_final,0.04047455939852638,0.6845414201183432,0.9985157699443413
lfw_final,0.04026254828257246,0.6849112426035503,0.9985157699443413
lfw_final,0.04024089563613714,0.6852810650887574,0.9985157699443413
lfw_final,0.040059716450861774,0.6856508875739645,0.9985157699443413
lfw_final,0.040025290405928886,0.6856508875739645,0.9988868274582561
lfw_final,0.039782942567877344,0.6860207100591716,0.9988868274582561
lfw_final,0.039710407758248065,0.6863905325443787,0.9988868274582561
lfw_final,0.039622064751604485,0.6867603550295858,0.9988868274582561
lfw_final,0.03958826021217564,0.6871301775147929,0.9988868274582561
lfw_final,0.03954286290514833,0.6875,0.9988868274582561
lfw_final,0.039526523276859904,0.6878698224852071,0.9988868274582561
lfw_final,0.03949487873321903,0.6882396449704142,0.9988868274582561
lfw_final,0.03937387762519494,0.6886094674556213,0.9988868274582561
lfw_final,0.039247938309372093,0.6889792899408284,0.9988868274582561
lfw_final,0.03923890744698814,0.6893491124260355,0.9988868274582561
lfw_final,0.03922034713873618,0.6897189349112426,0.9988868274582561
lfw_final,0.03915918464358574,0.6900887573964497,0.9988868274582561
lfw_final,0.03910113835176964,0.6904585798816568,0.9988868274582561
lfw_final,0.03907756542020096,0.6908284023668639,0.9988868274582561
lfw_final,0.039034337577201816,0.691198224852071,0.9988868274582561
lfw_final,0.039032872216054046,0.6915680473372781,0.9988868274582561
lfw_final,0.038915988865514506,0.6919378698224852,0.9988868274582561
lfw_final,0.03884567492143371,0.6923076923076923,0.9988868274582561
lfw_final,0.03883352862821452,0.6926775147928994,0.9988868274582561
lfw_final,0.03882111782164931,0.6930473372781065,0.9988868274582561
lfw_final,0.03875422555129653,0.6934171597633136,0.9988868274582561
lfw_final,0.03873918531563332,0.6937869822485208,0.9988868274582561
lfw_final,0.038532747729867374,0.6941568047337278,0.9988868274582561
lfw_final,0.038475772716607244,0.6945266272189349,0.9988868274582561
lfw_final,0.03837826307539467,0.694896449704142,0.9988868274582561
lfw_final,0.038251934561148684,0.6952662721893491,0.9988868274582561
lfw_final,0.038152438380242154,0.6956360946745562,0.9988868274582561
lfw_final,0.03808675996353325,0.6960059171597633,0.9988868274582561
lfw_final,0.0380699920823721,0.6963757396449705,0.9988868274582561
lfw_final,0.038008416824355074,0.6967455621301775,0.9988868274582561
lfw_final,0.03779326463860679,0.6971153846153846,0.9988868274582561
lfw_final,0.037792962683718546,0.6974852071005917,0.9988868274582561
lfw_final,0.037523103590198933,0.6978550295857988,0.9988868274582561
lfw_final,0.037485270386926964,0.6982248520710059,0.9988868274582561
lfw_final,0.03715558465813098,0.698594674556213,0.9988868274582561
lfw_final,0.03687092486416988,0.6989644970414202,0.9988868274582561
lfw_final,0.03683995647788164,0.6993343195266272,0.9988868274582561
lfw_final,0.0367655137349744,0.6997041420118343,0.9988868274582561
lfw_final,0.03667724658161714,0.7000739644970414,0.9988868274582561
lfw_final,0.036595366243202115,0.7004437869822485,0.9988868274582561
lfw_final,0.03654509279511853,0.7008136094674556,0.9988868274582561
lfw_final,0.03631936854519156,0.7011834319526628,0.9988868274582561
lfw_final,0.03627881240845666,0.7015532544378699,0.9988868274582561
lfw_final,0.03622802890112026,0.7019230769230769,0.9988868274582561
lfw_final,0.036159038618103254,0.702292899408284,0.9988868274582561
lfw_final,0.036110113111122256,0.7026627218934911,0.9988868274582561
lfw_final,0.0360926586585687,0.7030325443786982,0.9988868274582561
lfw_final,0.03578405948527634,0.7034023668639053,0.9988868274582561
lfw_final,0.03567687132311238,0.7037721893491125,0.9988868274582561
lfw_final,0.03564563441417125,0.7041420118343196,0.9988868274582561
lfw_final,0.035610367034719516,0.7045118343195266,0.9988868274582561
lfw_final,0.03547618524195348,0.7048816568047337,0.9988868274582561
lfw_final,0.0352639149675795,0.7052514792899408,0.9988868274582561
lfw_final,0.035063103634690534,0.7056213017751479,0.9988868274582561
lfw_final,0.03495771250853555,0.705991124260355,0.9988868274582561
lfw_final,0.03489196631397631,0.7063609467455622,0.9988868274582561
lfw_final,0.034725200912132166,0.7067307692307693,0.9988868274582561
lfw_final,0.03447390783457617,0.7071005917159763,0.9988868274582561
lfw_final,0.03447254881059601,0.7074704142011834,0.9988868274582561
lfw_final,0.03421452696779236,0.7078402366863905,0.9988868274582561
lfw_final,0.034194190458796514,0.7082100591715976,0.9988868274582561
lfw_final,0.03409653713841883,0.7085798816568047,0.9988868274582561
lfw_final,0.03386288931074665,0.7089497041420119,0.9988868274582561
lfw_final,0.033861495027218434,0.709319526627219,0.9988868274582561
lfw_final,0.03385217404622386,0.709689349112426,0.9988868274582561
lfw_final,0.0337934876434831,0.7100591715976331,0.9988868274582561
lfw_final,0.03377508773828508,0.7104289940828402,0.9988868274582561
lfw_final,0.03376638302610287,0.7107988165680473,0.9988868274582561
lfw_final,0.033704191655292606,0.7111686390532544,0.9988868274582561
lfw_final,0.033472445398385085,0.7115384615384616,0.9988868274582561
lfw_final,0.033285303254260185,0.7119082840236687,0.9988868274582561
lfw_final,0.033049717579911535,0.7122781065088757,0.9988868274582561
lfw_final,0.032939021676681765,0.7126479289940828,0.9988868274582561
lfw_final,0.03284690708936194,0.7130177514792899,0.9988868274582561
lfw_final,0.03271366771361204,0.713387573964497,0.9988868274582561
lfw_final,0.0326980642308284,0.7137573964497042,0.9988868274582561
lfw_final,0.03254151240192221,0.7141272189349113,0.9988868274582561
lfw_final,0.03241129858468784,0.7144970414201184,0.9988868274582561
lfw_final,0.03237617938037442,0.7148668639053254,0.9988868274582561
lfw_final,0.03225685403533616,0.7152366863905325,0.9988868274582561
lfw_final,0.03218355115547607,0.7156065088757396,0.9988868274582561
lfw_final,0.0321475290213875,0.7159763313609467,0.9988868274582561
lfw_final,0.031895691801917786,0.7163461538461539,0.9988868274582561
lfw_final,0.03170635789145457,0.716715976331361,0.9988868274582561
lfw_final,0.03157549420088832,0.7170857988165681,0.9988868274582561
lfw_final,0.03154486290863631,0.7174556213017751,0.9988868274582561
lfw_final,0.03148645678526761,0.7178254437869822,0.9988868274582561
lfw_final,0.031434330735286176,0.7181952662721893,0.9988868274582561
lfw_final,0.031235334126403815,0.7185650887573964,0.9988868274582561
lfw_final,0.031110372149130306,0.7189349112426036,0.9988868274582561
lfw_final,0.031076770354298136,0.7193047337278107,0.9988868274582561
lfw_final,0.03106290344210818,0.7196745562130178,0.9988868274582561
lfw_final,0.031021546545193752,0.7200443786982249,0.9988868274582561
lfw_final,0.03092583307649112,0.7204142011834319,0.9988868274582561
lfw_final,0.030517314689280685,0.720784023668639,0.9988868274582561
lfw_final,0.03026564748045775,0.7211538461538461,0.9988868274582561
lfw_final,0.03022388018519433,0.7215236686390533,0.9988868274582561
lfw_final,0.03012281996625886,0.7218934911242604,0.9988868274582561
lfw_final,0.030118894165344863,0.7222633136094675,0.9988868274582561
lfw_final,0.029954158718229755,0.7226331360946746,0.9988868274582561
lfw_final,0.02976877186280981,0.7230029585798816,0.9988868274582561
lfw_final,0.029689677768631597,0.7233727810650887,0.9988868274582561
lfw_final,0.029635022362741424,0.7237426035502958,0.9988868274582561
lfw_final,0.029619822456142315,0.724112426035503,0.9988868274582561
lfw_final,0.029535455405668338,0.7244822485207101,0.9988868274582561
lfw_final,0.029366736913131967,0.7248520710059172,0.9988868274582561
lfw_final,0.029151759417049023,0.7252218934911243,0.9988868274582561
lfw_final,0.029134388980870327,0.7255917159763313,0.9988868274582561
lfw_final,0.02908337713130192,0.7259615384615384,0.9988868274582561
lfw_final,0.029078360573556093,0.7263313609467456,0.9988868274582561
lfw_final,0.029066082047410506,0.7267011834319527,0.9988868274582561
lfw_final,0.028934944961765442,0.7270710059171598,0.9988868274582561
lfw_final,0.02879176207596386,0.7274408284023669,0.9988868274582561
lfw_final,0.028772837866015148,0.727810650887574,0.9988868274582561
lfw_final,0.028680534912419925,0.728180473372781,0.9988868274582561
lfw_final,0.02863532438868641,0.7285502958579881,0.9988868274582561
lfw_final,0.028625453958224495,0.7289201183431953,0.9988868274582561
lfw_final,0.028509256000840116,0.7292899408284024,0.9988868274582561
lfw_final,0.028315102700430937,0.7296597633136095,0.9988868274582561
lfw_final,0.028192937619278737,0.7300295857988166,0.9988868274582561
lfw_final,0.028083960814850758,0.7303994082840237,0.9988868274582561
lfw_final,0.028025502160420317,0.7307692307692307,0.9988868274582561
lfw_final,0.027998868412214738,0.7311390532544378,0.9988868274582561
lfw_final,0.027937014860490005,0.731508875739645,0.9988868274582561
lfw_final,0.027689828422466475,0.7318786982248521,0.9988868274582561
lfw_final,0.027689646588490317,0.7322485207100592,0.9988868274582561
lfw_final,0.027570438224659835,0.7326183431952663,0.9988868274582561
lfw_final,0.027389333997198187,0.7329881656804734,0.9988868274582561
lfw_final,0.027343640094724182,0.7333579881656804,0.9988868274582561
lfw_final,0.027308941970682694,0.7337278106508875,0.9988868274582561
lfw_final,0.027257746799917253,0.7340976331360947,0.9988868274582561
lfw_final,0.027240788451552925,0.7344674556213018,0.9988868274582561
lfw_final,0.027198039945636823,0.7348372781065089,0.9988868274582561
lfw_final,0.027164060081916706,0.735207100591716,0.9988868274582561
lfw_final,0.026628184147301275,0.7355769230769231,0.9988868274582561
lfw_final,0.026463316310007208,0.7359467455621301,0.9988868274582561
lfw_final,0.026432960234853253,0.7363165680473372,0.9988868274582561
lfw_final,0.02638035070877985,0.7366863905325444,0.9988868274582561
lfw_final,0.026162550785655235,0.7370562130177515,0.9988868274582561
lfw_final,0.026067860907361864,0.7374260355029586,0.9988868274582561
lfw_final,0.02599591091622339,0.7377958579881657,0.9988868274582561
lfw_final,0.025992751898226363,0.7381656804733728,0.9988868274582561
lfw_final,0.025881008681612767,0.7385355029585798,0.9988868274582561
lfw_final,0.025866327292889506,0.738905325443787,0.9988868274582561
lfw_final,0.025707253220235402,0.7392751479289941,0.9988868274582561
lfw_final,0.02563615768659406,0.7396449704142012,0.9988868274582561
lfw_final,0.02562659453289616,0.7400147928994083,0.9988868274582561
lfw_final,0.025353170836806004,0.7403846153846154,0.9988868274582561
lfw_final,0.024882288365213737,0.7407544378698225,0.9988868274582561
lfw_final,0.024827162850424845,0.7411242603550295,0.9988868274582561
lfw_final,0.02472849161028301,0.7414940828402367,0.9988868274582561
lfw_final,0.02471782830492582,0.7418639053254438,0.9988868274582561
lfw_final,0.02468133952617801,0.7422337278106509,0.9988868274582561
lfw_final,0.02465703200172905,0.742603550295858,0.9988868274582561
lfw_final,0.02461985616923739,0.7429733727810651,0.9988868274582561
lfw_final,0.024598877948312465,0.7433431952662722,0.9988868274582561
lfw_final,0.02449819005695415,0.7437130177514792,0.9988868274582561
lfw_final,0.024478066168297917,0.7440828402366864,0.9988868274582561
lfw_final,0.024427088820765212,0.7444526627218935,0.9988868274582561
lfw_final,0.024341379022198486,0.7448224852071006,0.9988868274582561
lfw_final,0.024322888757162264,0.7451923076923077,0.9988868274582561
lfw_final,0.024308648696765366,0.7455621301775148,0.9988868274582561
lfw_final,0.02404771857730198,0.7459319526627219,0.9988868274582561
lfw_final,0.024000433586823716,0.746301775147929,0.9988868274582561
lfw_final,0.023874483988295205,0.7466715976331361,0.9988868274582561
lfw_final,0.02383122794472617,0.7470414201183432,0.9988868274582561
lfw_final,0.023620585959479967,0.7474112426035503,0.9988868274582561
lfw_final,0.023436441570242758,0.7477810650887574,0.9988868274582561
lfw_final,0.023436316994892254,0.7481508875739645,0.9988868274582561
lfw_final,0.023257529066614727,0.7485207100591716,0.9988868274582561
lfw_final,0.023248961423903744,0.7488905325443787,0.9988868274582561
lfw_final,0.0231590915859456,0.7492603550295858,0.9988868274582561
lfw_final,0.02304754071103939,0.7496301775147929,0.9988868274582561
lfw_final,0.02279758516696471,0.75,0.9988868274582561
lfw_final,0.02262762384567128,0.7503698224852071,0.9988868274582561
lfw_final,0.02255296634649674,0.7507396449704142,0.9988868274582561
lfw_final,0.02250805308775884,0.7511094674556213,0.9988868274582561
lfw_final,0.022430605020454415,0.7514792899408284,0.9988868274582561
lfw_final,0.022408243181374358,0.7518491124260355,0.9988868274582561
lfw_final,0.022339191298260626,0.7522189349112426,0.9988868274582561
lfw_final,0.02226919500246988,0.7525887573964497,0.9988868274582561
lfw_final,0.022212909612445073,0.7529585798816568,0.9988868274582561
lfw_final,0.02219637278300521,0.7533284023668639,0.9988868274582561
lfw_final,0.022159458080861304,0.753698224852071,0.9988868274582561
lfw_final,0.022109805221828583,0.7540680473372781,0.9988868274582561
lfw_final,0.022100221280939785,0.7544378698224852,0.9988868274582561
lfw_final,0.02204897577116825,0.7548076923076923,0.9988868274582561
lfw_final,0.021618790228626564,0.7551775147928994,0.9988868274582561
lfw_final,0.021345402645549905,0.7555473372781065,0.9988868274582561
lfw_final,0.021341484765510045,0.7559171597633136,0.9988868274582561
lfw_final,0.021293340865897604,0.7562869822485208,0.9988868274582561
lfw_final,0.021209848068507817,0.7566568047337278,0.9988868274582561
lfw_final,0.02114158482105575,0.7570266272189349,0.9988868274582561
lfw_final,0.021046311013890154,0.757396449704142,0.9988868274582561
lfw_final,0.02100278795238654,0.7577662721893491,0.9988868274582561
lfw_final,0.02093850381853853,0.7581360946745562,0.9988868274582561
lfw_final,0.020877675488019984,0.7585059171597633,0.9988868274582561
lfw_final,0.020869703588423494,0.7588757396449705,0.9988868274582561
lfw_final,0.020726184651733513,0.7592455621301775,0.9988868274582561
lfw_final,0.02070648295068358,0.7596153846153846,0.9988868274582561
lfw_final,0.020692720024255158,0.7599852071005917,0.9988868274582561
lfw_final,0.020527550058364985,0.7603550295857988,0.9988868274582561
lfw_final,0.02047801564125311,0.7607248520710059,0.9988868274582561
lfw_final,0.020337444214967856,0.761094674556213,0.9988868274582561
lfw_final,0.020233110974485997,0.7614644970414202,0.9988868274582561
lfw_final,0.020139450844951223,0.7618343195266272,0.9988868274582561
lfw_final,0.02013637534891399,0.7622041420118343,0.9988868274582561
lfw_final,0.02005588259978766,0.7625739644970414,0.9988868274582561
lfw_final,0.0199117575973411,0.7629437869822485,0.9988868274582561
lfw_final,0.01987309738986565,0.7633136094674556,0.9988868274582561
lfw_final,0.019768025216955507,0.7636834319526628,0.9988868274582561
lfw_final,0.019628087479532267,0.7640532544378699,0.9988868274582561
lfw_final,0.01953780275570341,0.7644230769230769,0.9988868274582561
lfw_final,0.019318040892684622,0.764792899408284,0.9988868274582561
lfw_final,0.01928080591708051,0.7651627218934911,0.9988868274582561
lfw_final,0.018934035995975425,0.7655325443786982,0.9988868274582561
lfw_final,0.01867725785810073,0.7659023668639053,0.9988868274582561
lfw_final,0.01865377525478131,0.7662721893491125,0.9988868274582561
lfw_final,0.018568591696490857,0.7666420118343196,0.9988868274582561
lfw_final,0.018296057185402184,0.7670118343195266,0.9988868274582561
lfw_final,0.018256058535728804,0.7673816568047337,0.9988868274582561
lfw_final,0.018176889104448823,0.7677514792899408,0.9988868274582561
lfw_final,0.018148252807621265,0.7681213017751479,0.9988868274582561
lfw_final,0.01809987393793531,0.768491124260355,0.9988868274582561
lfw_final,0.01800688307052604,0.7688609467455622,0.9988868274582561
lfw_final,0.017863186280910923,0.7692307692307693,0.9988868274582561
lfw_final,0.017857564619551004,0.7696005917159763,0.9988868274582561
lfw_final,0.017822873106240797,0.7699704142011834,0.9988868274582561
lfw_final,0.017820817471049754,0.7703402366863905,0.9988868274582561
lfw_final,0.017780061668152408,0.7707100591715976,0.9988868274582561
lfw_final,0.017773491377505345,0.7710798816568047,0.9988868274582561
lfw_final,0.01773957096551254,0.7714497041420119,0.9988868274582561
lfw_final,0.017717046164356362,0.771819526627219,0.9988868274582561
lfw_final,0.017703944954612867,0.772189349112426,0.9988868274582561
lfw_final,0.017693323973221913,0.7725591715976331,0.9988868274582561
lfw_final,0.017643439260165806,0.7729289940828402,0.9988868274582561
lfw_final,0.017597822499861297,0.7732988165680473,0.9988868274582561
lfw_final,0.01742667362001198,0.7736686390532544,0.9988868274582561
lfw_final,0.017372353230264873,0.7740384615384616,0.9988868274582561
lfw_final,0.017142264442217788,0.7744082840236687,0.9988868274582561
lfw_final,0.017028411980874326,0.7747781065088757,0.9988868274582561
lfw_final,0.016734540369939533,0.7751479289940828,0.9988868274582561
lfw_final,0.016532632310589004,0.7755177514792899,0.9988868274582561
lfw_final,0.016527862722366043,0.775887573964497,0.9988868274582561
lfw_final,0.016268510614984473,0.7762573964497042,0.9988868274582561
lfw_final,0.016198225047339605,0.7766272189349113,0.9988868274582561
lfw_final,0.01614750550746268,0.7769970414201184,0.9988868274582561
lfw_final,0.01610474661446898,0.7773668639053254,0.9988868274582561
lfw_final,0.015764148805083426,0.7777366863905325,0.9988868274582561
lfw_final,0.015668131731502957,0.7781065088757396,0.9988868274582561
lfw_final,0.015537387084242259,0.7784763313609467,0.9988868274582561
lfw_final,0.015414437434975751,0.7788461538461539,0.9988868274582561
lfw_final,0.015174370580908567,0.779215976331361,0.9988868274582561
lfw_final,0.015167532066973629,0.7795857988165681,0.9988868274582561
lfw_final,0.01463498199246344,0.7799556213017751,0.9988868274582561
lfw_final,0.014592955505544885,0.7803254437869822,0.9988868274582561
lfw_final,0.0145176478760898,0.7806952662721893,0.9988868274582561
lfw_final,0.01436490059573088,0.7810650887573964,0.9988868274582561
lfw_final,0.01420159192704311,0.7814349112426036,0.9988868274582561
lfw_final,0.014115092048598194,0.7818047337278107,0.9988868274582561
lfw_final,0.013934624494067238,0.7821745562130178,0.9988868274582561
lfw_final,0.013874870388029634,0.7825443786982249,0.9988868274582561
lfw_final,0.013849656685754077,0.7829142011834319,0.9988868274582561
lfw_final,0.013773679406375009,0.783284023668639,0.9988868274582561
lfw_final,0.013755707897005707,0.7836538461538461,0.9988868274582561
lfw_final,0.013674344697756448,0.7840236686390533,0.9988868274582561
lfw_final,0.013525016972736503,0.7843934911242604,0.9988868274582561
lfw_final,0.013497324535730965,0.7847633136094675,0.9988868274582561
lfw_final,0.013461816830420782,0.7851331360946746,0.9988868274582561
lfw_final,0.013387360788717256,0.7855029585798816,0.9988868274582561
lfw_final,0.013046364483089976,0.7858727810650887,0.9988868274582561
lfw_final,0.012806441331617494,0.7862426035502958,0.9988868274582561
lfw_final,0.012318781775212274,0.786612426035503,0.9988868274582561
lfw_final,0.01221259881314568,0.7869822485207101,0.9988868274582561
lfw_final,0.012201779918238245,0.7873520710059172,0.9988868274582561
lfw_final,0.012148591905038288,0.7877218934911243,0.9988868274582561
lfw_final,0.012131428932872723,0.7880917159763313,0.9988868274582561
lfw_final,0.012104636123166885,0.7884615384615384,0.9988868274582561
lfw_final,0.01159419787301108,0.7888313609467456,0.9988868274582561
lfw_final,0.011162849223183929,0.7892011834319527,0.9988868274582561
lfw_final,0.011121045416582594,0.7895710059171598,0.9988868274582561
lfw_final,0.010997613596624144,0.7899408284023669,0.9988868274582561
lfw_final,0.010975857299787973,0.790310650887574,0.9988868274582561
lfw_final,0.010966655862294708,0.790680473372781,0.9988868274582561
lfw_final,0.01077444190318222,0.7910502958579881,0.9988868274582561
lfw_final,0.010714740647893727,0.7914201183431953,0.9988868274582561
lfw_final,0.01067066265686477,0.7917899408284024,0.9988868274582561
lfw_final,0.010520777428334821,0.7921597633136095,0.9988868274582561
lfw_final,0.010506108157930124,0.7925295857988166,0.9988868274582561
lfw_final,0.010476128351104565,0.7928994082840237,0.9988868274582561
lfw_final,0.01029607515637375,0.7932692307692307,0.9988868274582561
lfw_final,0.01025232904236632,0.7936390532544378,0.9988868274582561
lfw_final,0.01003872867224807,0.794008875739645,0.9988868274582561
lfw_final,0.00994663515208351,0.7943786982248521,0.9988868274582561
lfw_final,0.009887069163195261,0.7947485207100592,0.9988868274582561
lfw_final,0.009720018903713644,0.7951183431952663,0.9988868274582561
lfw_final,0.009699398519680543,0.7954881656804734,0.9988868274582561
lfw_final,0.009681427163432564,0.7958579881656804,0.9988868274582561
lfw_final,0.009603436552301866,0.7962278106508875,0.9988868274582561
lfw_final,0.009537166621726486,0.7965976331360947,0.9988868274582561
lfw_final,0.009517587128582847,0.7969674556213018,0.9988868274582561
lfw_final,0.009334199503208492,0.7973372781065089,0.9988868274582561
lfw_final,0.009211493002363317,0.797707100591716,0.9988868274582561
lfw_final,0.00916213429851595,0.7980769230769231,0.9988868274582561
lfw_final,0.009117161014962488,0.7984467455621301,0.9988868274582561
lfw_final,0.008772597062446092,0.7988165680473372,0.9988868274582561
lfw_final,0.008742803037688726,0.7991863905325444,0.9988868274582561
lfw_final,0.008707310161108319,0.7995562130177515,0.9988868274582561
lfw_final,0.008643751841440889,0.7999260355029586,0.9988868274582561
lfw_final,0.008569023094423455,0.8002958579881657,0.9988868274582561
lfw_final,0.008563812000926378,0.8006656804733728,0.9988868274582561
lfw_final,0.008073738933441321,0.8010355029585798,0.9988868274582561
lfw_final,0.007987340889805907,0.801405325443787,0.9988868274582561
lfw_final,0.007954215087455275,0.8017751479289941,0.9988868274582561
lfw_final,0.007920573700601724,0.8021449704142012,0.9988868274582561
lfw_final,0.007835318627057788,0.8025147928994083,0.9988868274582561
lfw_final,0.007773228518389492,0.8028846153846154,0.9988868274582561
lfw_final,0.007689305008350981,0.8032544378698225,0.9988868274582561
lfw_final,0.007643632311241177,0.8036242603550295,0.9988868274582561
lfw_final,0.007613919296080553,0.8039940828402367,0.9988868274582561
lfw_final,0.007531358049155078,0.8043639053254438,0.9988868274582561
lfw_final,0.007320811115505768,0.8047337278106509,0.9988868274582561
lfw_final,0.007298176173855913,0.805103550295858,0.9988868274582561
lfw_final,0.007071834340719578,0.8054733727810651,0.9988868274582561
lfw_final,0.007060033053612795,0.8058431952662722,0.9988868274582561
lfw_final,0.006935142292366456,0.8062130177514792,0.9988868274582561
lfw_final,0.006859386761755333,0.8065828402366864,0.9988868274582561
lfw_final,0.006834170265433273,0.8069526627218935,0.9988868274582561
lfw_final,0.006767084410506982,0.8073224852071006,0.9988868274582561
lfw_final,0.0064257955069034756,0.8076923076923077,0.9988868274582561
lfw_final,0.006370969888700465,0.8080621301775148,0.9988868274582561
lfw_final,0.006290811814710917,0.8084319526627219,0.9988868274582561
lfw_final,0.006024614733888637,0.808801775147929,0.9988868274582561
lfw_final,0.006007308874094988,0.8091715976331361,0.9988868274582561
lfw_final,0.00599445309190078,0.8095414201183432,0.9988868274582561
lfw_final,0.005993386902669346,0.8099112426035503,0.9988868274582561
lfw_final,0.0059845169739639595,0.8102810650887574,0.9988868274582561
lfw_final,0.005981878085931324,0.8106508875739645,0.9988868274582561
lfw_final,0.005888756602662941,0.8110207100591716,0.9988868274582561
lfw_final,0.005822390107704357,0.8113905325443787,0.9988868274582561
lfw_final,0.005628607177197827,0.8117603550295858,0.9988868274582561
lfw_final,0.005596689982613982,0.8121301775147929,0.9988868274582561
lfw_final,0.005562455137525214,0.8125,0.9988868274582561
lfw_final,0.005474335431402924,0.8128698224852071,0.9988868274582561
lfw_final,0.005356199974385664,0.8132396449704142,0.9988868274582561
lfw_final,0.005306736060911532,0.8136094674556213,0.9988868274582561
lfw_final,0.005027996895876147,0.8139792899408284,0.9988868274582561
lfw_final,0.004934981205186831,0.8143491124260355,0.9988868274582561
lfw_final,0.004807201366221023,0.8147189349112426,0.9988868274582561
lfw_final,0.004283913882928357,0.8150887573964497,0.9988868274582561
lfw_final,0.0039563892630604365,0.8154585798816568,0.9988868274582561
lfw_final,0.0038346434152339865,0.8158284023668639,0.9988868274582561
lfw_final,0.0037465776939044904,0.816198224852071,0.9988868274582561
lfw_final,0.003163795372101194,0.8165680473372781,0.9988868274582561
lfw_final,0.0031189657622692824,0.8169378698224852,0.9988868274582561
lfw_final,0.003021510924958268,0.8173076923076923,0.9988868274582561
lfw_final,0.002804878293254997,0.8176775147928994,0.9988868274582561
lfw_final,0.0027688961691434283,0.8180473372781065,0.9988868274582561
lfw_final,0.0026800482820339283,0.8184171597633136,0.9988868274582561
lfw_final,0.0026177038276313062,0.8187869822485208,0.9988868274582561
lfw_final,0.0025277663728180415,0.8191568047337278,0.9988868274582561
lfw_final,0.002065916842191082,0.8195266272189349,0.9988868274582561
lfw_final,0.0020266515052032447,0.819896449704142,0.9988868274582561
lfw_final,0.002009709342080189,0.8202662721893491,0.9988868274582561
lfw_final,0.0018393174439050863,0.8206360946745562,0.9988868274582561
lfw_final,0.0018004410588080902,0.8210059171597633,0.9988868274582561
lfw_final,0.0016997294022019077,0.8213757396449705,0.9988868274582561
lfw_final,0.0016781980608967257,0.8217455621301775,0.9988868274582561
lfw_final,0.0016748088703735023,0.8221153846153846,0.9988868274582561
lfw_final,0.0015671852548854587,0.8224852071005917,0.9988868274582561
lfw_final,0.0014898251559490039,0.8228550295857988,0.9988868274582561
lfw_final,0.0013249798700289141,0.8232248520710059,0.9988868274582561
lfw_final,0.0011720344657572615,0.823594674556213,0.9988868274582561
lfw_final,0.0011096708167442487,0.8239644970414202,0.9988868274582561
lfw_final,0.0006558078207113302,0.8243343195266272,0.9988868274582561
lfw_final,0.0003642031087082026,0.8247041420118343,0.9988868274582561
lfw_final,0.000272318723499504,0.8250739644970414,0.9988868274582561
lfw_final,0.0002582994256830791,0.8254437869822485,0.9988868274582561
lfw_final,0.00013819905066072072,0.8258136094674556,0.9988868274582561
lfw_final,0.0001112002318609806,0.8261834319526628,0.9988868274582561
lfw_final,-0.0002590134483434429,0.8265532544378699,0.9988868274582561
lfw_final,-0.0004327508543907483,0.8269230769230769,0.9988868274582561
lfw_final,-0.0005215081823530394,0.827292899408284,0.9988868274582561
lfw_final,-0.0009394755180845497,0.8276627218934911,0.9988868274582561
lfw_final,-0.0010291450032626946,0.8280325443786982,0.9988868274582561
lfw_final,-0.0010856838511378863,0.8284023668639053,0.9988868274582561
lfw_final,-0.0012138560829411827,0.8287721893491125,0.9988868274582561
lfw_final,-0.001261100478130828,0.8291420118343196,0.9988868274582561
lfw_final,-0.0013248844329314217,0.8295118343195266,0.9988868274582561
lfw_final,-0.0014535990313561675,0.8298816568047337,0.9988868274582561
lfw_final,-0.001536795450561769,0.8302514792899408,0.9988868274582561
lfw_final,-0.001611342989864165,0.8306213017751479,0.9988868274582561
lfw_final,-0.001663969714955308,0.830991124260355,0.9988868274582561
lfw_final,-0.0017621347246353782,0.8313609467455622,0.9988868274582561
lfw_final,-0.0018135575934427695,0.8317307692307693,0.9988868274582561
lfw_final,-0.0021247814062055094,0.8321005917159763,0.9988868274582561
lfw_final,-0.0022498756050208513,0.8324704142011834,0.9988868274582561
lfw_final,-0.0022919195012782727,0.8328402366863905,0.9988868274582561
lfw_final,-0.0022966212166491418,0.8332100591715976,0.9988868274582561
lfw_final,-0.0023310450592390207,0.8335798816568047,0.9988868274582561
lfw_final,-0.0023838927427855647,0.8339497041420119,0.9988868274582561
lfw_final,-0.002519616753490002,0.834319526627219,0.9988868274582561
lfw_final,-0.0026893858019301745,0.834689349112426,0.9988868274582561
lfw_final,-0.0027728729279048116,0.8350591715976331,0.9988868274582561
lfw_final,-0.002895584108374316,0.8354289940828402,0.9988868274582561
lfw_final,-0.0029505419744937375,0.8357988165680473,0.9988868274582561
lfw_final,-0.0029577117210306094,0.8361686390532544,0.9988868274582561
lfw_final,-0.0031568319041069583,0.8365384615384616,0.9988868274582561
lfw_final,-0.003414940592348356,0.8369082840236687,0.9988868274582561
lfw_final,-0.003429691277938726,0.8372781065088757,0.9988868274582561
lfw_final,-0.0036351899178128926,0.8376479289940828,0.9988868274582561
lfw_final,-0.0037002433190810105,0.8380177514792899,0.9988868274582561
lfw_final,-0.0037192377861006674,0.838387573964497,0.9988868274582561
lfw_final,-0.004468993561526106,0.8387573964497042,0.9988868274582561
lfw_final,-0.004485610272513847,0.8391272189349113,0.9988868274582561
lfw_final,-0.004543825652837883,0.8394970414201184,0.9988868274582561
lfw_final,-0.004756892842344273,0.8398668639053254,0.9988868274582561
lfw_final,-0.004830330076584392,0.8402366863905325,0.9988868274582561
lfw_final,-0.004877581450601409,0.8406065088757396,0.9988868274582561
lfw_final,-0.0050193428546848814,0.8409763313609467,0.9988868274582561
lfw_final,-0.005281775226761334,0.8413461538461539,0.9988868274582561
lfw_final,-0.005304293812149954,0.841715976331361,0.9988868274582561
lfw_final,-0.005318266802522632,0.8420857988165681,0.9988868274582561
lfw_final,-0.005510387692292451,0.8424556213017751,0.9988868274582561
lfw_final,-0.0056354026614649794,0.8428254437869822,0.9988868274582561
lfw_final,-0.0056923616704733304,0.8431952662721893,0.9988868274582561
lfw_final,-0.006010974722050172,0.8435650887573964,0.9988868274582561
lfw_final,-0.0060634754006282906,0.8439349112426036,0.9988868274582561
lfw_final,-0.006194188321838136,0.8443047337278107,0.9988868274582561
lfw_final,-0.006230117836875629,0.8446745562130178,0.9988868274582561
lfw_final,-0.0062773218213956206,0.8450443786982249,0.9988868274582561
lfw_final,-0.006293564847978194,0.8454142011834319,0.9988868274582561
lfw_final,-0.00633529133019578,0.845784023668639,0.9988868274582561
lfw_final,-0.006411914620447226,0.8461538461538461,0.9988868274582561
lfw_final,-0.006763765485952992,0.8465236686390533,0.9988868274582561
lfw_final,-0.00682412330704315,0.8468934911242604,0.9988868274582561
lfw_final,-0.006923902186596353,0.8472633136094675,0.9988868274582561
lfw_final,-0.007031692596188871,0.8476331360946746,0.9988868274582561
lfw_final,-0.007184237643198626,0.8480029585798816,0.9988868274582561
lfw_final,-0.007426660625947102,0.8483727810650887,0.9988868274582561
lfw_final,-0.00749321589969177,0.8487426035502958,0.9988868274582561
lfw_final,-0.007806079892347728,0.849112426035503,0.9988868274582561
lfw_final,-0.007992346239577147,0.8494822485207101,0.9988868274582561
lfw_final,-0.00832639628829647,0.8498520710059172,0.9988868274582561
lfw_final,-0.008381862035730395,0.8502218934911243,0.9988868274582561
lfw_final,-0.008436480880119182,0.8505917159763313,0.9988868274582561
lfw_final,-0.00855663902556029,0.8509615384615384,0.9988868274582561
lfw_final,-0.00865820440394221,0.8513313609467456,0.9988868274582561
lfw_final,-0.008755293601543571,0.8517011834319527,0.9988868274582561
lfw_final,-0.008817452670722594,0.8520710059171598,0.9988868274582561
lfw_final,-0.009295398689780436,0.8524408284023669,0.9988868274582561
lfw_final,-0.01004467403544987,0.852810650887574,0.9988868274582561
lfw_final,-0.010628644391394756,0.853180473372781,0.9988868274582561
lfw_final,-0.010760540119717027,0.8535502958579881,0.9988868274582561
lfw_final,-0.010794361176119233,0.8539201183431953,0.9988868274582561
lfw_final,-0.010918061045975412,0.8542899408284024,0.9988868274582561
lfw_final,-0.011141714765338623,0.8546597633136095,0.9988868274582561
lfw_final,-0.011425993712913309,0.8550295857988166,0.9988868274582561
lfw_final,-0.011485210906526482,0.8553994082840237,0.9988868274582561
lfw_final,-0.01149007749587349,0.8557692307692307,0.9988868274582561
lfw_final,-0.011792900960863273,0.8557692307692307,0.9992578849721707
lfw_final,-0.012148624348578144,0.8561390532544378,0.9992578849721707
lfw_final,-0.012149676978043302,0.856508875739645,0.9992578849721707
lfw_final,-0.012194734948667331,0.8568786982248521,0.9992578849721707
lfw_final,-0.01219552075446824,0.8572485207100592,0.9992578849721707
lfw_final,-0.012233773794596572,0.8576183431952663,0.9992578849721707
lfw_final,-0.012364502581718617,0.8579881656804734,0.9992578849721707
lfw_final,-0.012398792622974861,0.8583579881656804,0.9992578849721707
lfw_final,-0.012403221564029373,0.8587278106508875,0.9992578849721707
lfw_final,-0.012563499149017443,0.8590976331360947,0.9992578849721707
lfw_final,-0.012625568007379885,0.8594674556213018,0.9992578849721707
lfw_final,-0.012792227669732384,0.8598372781065089,0.9992578849721707
lfw_final,-0.012806491718923481,0.860207100591716,0.9992578849721707
lfw_final,-0.012983907799728363,0.8605769230769231,0.9992578849721707
lfw_final,-0.013109629631337808,0.8609467455621301,0.9992578849721707
lfw_final,-0.013400083500875374,0.8613165680473372,0.9992578849721707
lfw_final,-0.013611875652930157,0.8616863905325444,0.9992578849721707
lfw_final,-0.013874027424699675,0.8620562130177515,0.9992578849721707
lfw_final,-0.013899433152259036,0.8624260355029586,0.9992578849721707
lfw_final,-0.013926007870634048,0.8627958579881657,0.9992578849721707
lfw_final,-0.014038760478166549,0.8631656804733728,0.9992578849721707
lfw_final,-0.01410533709557276,0.8635355029585798,0.9992578849721707
lfw_final,-0.014240009510544036,0.863905325443787,0.9992578849721707
lfw_final,-0.015099181170255212,0.8642751479289941,0.9992578849721707
lfw_final,-0.01512464088297299,0.8646449704142012,0.9992578849721707
lfw_final,-0.015176248866629542,0.8650147928994083,0.9992578849721707
lfw_final,-0.015419085829343829,0.8653846153846154,0.9992578849721707
lfw_final,-0.01565495531256788,0.8657544378698225,0.9992578849721707
lfw_final,-0.01602724304853884,0.8661242603550295,0.9992578849721707
lfw_final,-0.016075064396232328,0.8664940828402367,0.9992578849721707
lfw_final,-0.0161390174571778,0.8668639053254438,0.9992578849721707
lfw_final,-0.01614992611032981,0.8672337278106509,0.9992578849721707
lfw_final,-0.016166093116632953,0.867603550295858,0.9992578849721707
lfw_final,-0.016326822989879277,0.8679733727810651,0.9992578849721707
lfw_final,-0.016468071914243317,0.8683431952662722,0.9992578849721707
lfw_final,-0.01663019707059587,0.8687130177514792,0.9992578849721707
lfw_final,-0.01712324353967552,0.8690828402366864,0.9992578849721707
lfw_final,-0.0172968655031137,0.8694526627218935,0.9992578849721707
lfw_final,-0.017330645199643537,0.8698224852071006,0.9992578849721707
lfw_final,-0.01743519886548676,0.8701923076923077,0.9992578849721707
lfw_final,-0.017463564923821496,0.8705621301775148,0.9992578849721707
lfw_final,-0.0178253340349763,0.8709319526627219,0.9992578849721707
lfw_final,-0.017878127984057458,0.871301775147929,0.9992578849721707
lfw_final,-0.018031781382808976,0.8716715976331361,0.9992578849721707
lfw_final,-0.018169252109345245,0.8720414201183432,0.9992578849721707
lfw_final,-0.01827271636544665,0.8724112426035503,0.9992578849721707
lfw_final,-0.018425899554513545,0.8727810650887574,0.9992578849721707
lfw_final,-0.01874589474140083,0.8731508875739645,0.9992578849721707
lfw_final,-0.01885824959211988,0.8735207100591716,0.9992578849721707
lfw_final,-0.018940473533775547,0.8738905325443787,0.9992578849721707
lfw_final,-0.01918497570386828,0.8742603550295858,0.9992578849721707
lfw_final,-0.019301445741373026,0.8746301775147929,0.9992578849721707
lfw_final,-0.01934805705240141,0.875,0.9992578849721707
lfw_final,-0.019631415327050664,0.8753698224852071,0.9992578849721707
lfw_final,-0.01975513425936008,0.8757396449704142,0.9992578849721707
lfw_final,-0.020315949968385177,0.8761094674556213,0.9992578849721707
lfw_final,-0.02044001333874576,0.8764792899408284,0.9992578849721707
lfw_final,-0.020799812849538673,0.8768491124260355,0.9992578849721707
lfw_final,-0.020887739011260564,0.8772189349112426,0.9992578849721707
lfw_final,-0.02092234159732085,0.8775887573964497,0.9992578849721707
lfw_final,-0.021037288966394323,0.8779585798816568,0.9992578849721707
lfw_final,-0.021128662706639562,0.8783284023668639,0.9992578849721707
lfw_final,-0.02124112267991667,0.878698224852071,0.9992578849721707
lfw_final,-0.02138492213495582,0.8790680473372781,0.9992578849721707
lfw_final,-0.0213899354458309,0.8794378698224852,0.9992578849721707
lfw_final,-0.021949066053786565,0.8798076923076923,0.9992578849721707
lfw_final,-0.021973964414148305,0.8801775147928994,0.9992578849721707
lfw_final,-0.021977616530261028,0.8805473372781065,0.9992578849721707
lfw_final,-0.02201999987774724,0.8809171597633136,0.9992578849721707
lfw_final,-0.02234020330326605,0.8812869822485208,0.9992578849721707
lfw_final,-0.02249214610553019,0.8816568047337278,0.9992578849721707
lfw_final,-0.02258433887161322,0.8820266272189349,0.9992578849721707
lfw_final,-0.02259166319982953,0.882396449704142,0.9992578849721707
lfw_final,-0.022824707766511364,0.8827662721893491,0.9992578849721707
lfw_final,-0.0228626368751756,0.8831360946745562,0.9992578849721707
lfw_final,-0.02293488746042126,0.8835059171597633,0.9992578849721707
lfw_final,-0.023241560779630206,0.8838757396449705,0.9992578849721707
lfw_final,-0.023245107156431848,0.8842455621301775,0.9992578849721707
lfw_final,-0.023401738597553946,0.8846153846153846,0.9992578849721707
lfw_final,-0.02365514674098119,0.8849852071005917,0.9992578849721707
lfw_final,-0.023869475649199563,0.8853550295857988,0.9992578849721707
lfw_final,-0.024105039380153483,0.8857248520710059,0.9992578849721707
lfw_final,-0.024387005193923228,0.886094674556213,0.9992578849721707
lfw_final,-0.024610523245104116,0.8864644970414202,0.9992578849721707
lfw_final,-0.02462918695678301,0.8868343195266272,0.9992578849721707
lfw_final,-0.024765498130019544,0.8872041420118343,0.9992578849721707
lfw_final,-0.02479643326120421,0.8875739644970414,0.9992578849721707
lfw_final,-0.024979223449544195,0.8879437869822485,0.9992578849721707
lfw_final,-0.025054320460722007,0.8883136094674556,0.9992578849721707
lfw_final,-0.025130325288531746,0.8886834319526628,0.9992578849721707
lfw_final,-0.02517439172988015,0.8890532544378699,0.9992578849721707
lfw_final,-0.02537955694116526,0.8894230769230769,0.9992578849721707
lfw_final,-0.02553567763012178,0.889792899408284,0.9992578849721707
lfw_final,-0.02575157629612755,0.8901627218934911,0.9992578849721707
lfw_final,-0.0258381954449083,0.8905325443786982,0.9992578849721707
lfw_final,-0.02615493709097185,0.8909023668639053,0.9992578849721707
lfw_final,-0.026168852009745662,0.8912721893491125,0.9992578849721707
lfw_final,-0.026767170188783277,0.8916420118343196,0.9992578849721707
lfw_final,-0.027169240148173575,0.8920118343195266,0.9992578849721707
lfw_final,-0.027240178072970408,0.8923816568047337,0.9992578849721707
lfw_final,-0.027387189780905347,0.8927514792899408,0.9992578849721707
lfw_final,-0.027646612553910408,0.8931213017751479,0.9992578849721707
lfw_final,-0.02764670383746952,0.893491124260355,0.9992578849721707
lfw_final,-0.027756161239629547,0.8938609467455622,0.9992578849721707
lfw_final,-0.02796995637291693,0.8942307692307693,0.9992578849721707
lfw_final,-0.02814101380494964,0.8946005917159763,0.9992578849721707
lfw_final,-0.028152272884788318,0.8949704142011834,0.9992578849721707
lfw_final,-0.028399723746797417,0.8953402366863905,0.9992578849721707
lfw_final,-0.0286012629750982,0.8957100591715976,0.9992578849721707
lfw_final,-0.028823731301732946,0.8960798816568047,0.9992578849721707
lfw_final,-0.028864964041522848,0.8964497041420119,0.9992578849721707
lfw_final,-0.02912663216131885,0.896819526627219,0.9992578849721707
lfw_final,-0.029406705621766963,0.897189349112426,0.9992578849721707
lfw_final,-0.029532700886690202,0.8975591715976331,0.9992578849721707
lfw_final,-0.02965338305011423,0.8979289940828402,0.9992578849721707
lfw_final,-0.02975210980337596,0.8982988165680473,0.9992578849721707
lfw_final,-0.030088712728694997,0.8986686390532544,0.9992578849721707
lfw_final,-0.03015956359014368,0.8990384615384616,0.9992578849721707
lfw_final,-0.0303690926837583,0.8994082840236687,0.9992578849721707
lfw_final,-0.03048558248318533,0.8997781065088757,0.9992578849721707
lfw_final,-0.03062332314613728,0.9001479289940828,0.9992578849721707
lfw_final,-0.030842917232129664,0.9005177514792899,0.9992578849721707
lfw_final,-0.03092990009718523,0.900887573964497,0.9992578849721707
lfw_final,-0.031030195386043374,0.9012573964497042,0.9992578849721707
lfw_final,-0.031175142166742716,0.9016272189349113,0.9992578849721707
lfw_final,-0.03124232397375529,0.9019970414201184,0.9992578849721707
lfw_final,-0.03128576794781611,0.9023668639053254,0.9992578849721707
lfw_final,-0.031445449960375155,0.9027366863905325,0.9992578849721707
lfw_final,-0.03153981399140015,0.9031065088757396,0.9992578849721707
lfw_final,-0.03162408765247152,0.9034763313609467,0.9992578849721707
lfw_final,-0.031705521799180486,0.9038461538461539,0.9992578849721707
lfw_final,-0.03182330265587796,0.904215976331361,0.9992578849721707
lfw_final,-0.03188397965217808,0.9045857988165681,0.9992578849721707
lfw_final,-0.03194694103852128,0.9049556213017751,0.9992578849721707
lfw_final,-0.032519856333798114,0.9053254437869822,0.9992578849721707
lfw_final,-0.032577925822203216,0.9056952662721893,0.9992578849721707
lfw_final,-0.03260174821465,0.9060650887573964,0.9992578849721707
lfw_final,-0.03261938542507813,0.9064349112426036,0.9992578849721707
lfw_final,-0.03282575503130263,0.9068047337278107,0.9992578849721707
lfw_final,-0.03309239416799406,0.9071745562130178,0.9992578849721707
lfw_final,-0.033160178755740156,0.9075443786982249,0.9992578849721707
lfw_final,-0.03318483295185013,0.9079142011834319,0.9992578849721707
lfw_final,-0.03319223361984966,0.908284023668639,0.9992578849721707
lfw_final,-0.033331567156564074,0.9086538461538461,0.9992578849721707
lfw_final,-0.033356560176673086,0.9090236686390533,0.9992578849721707
lfw_final,-0.033429710460078435,0.9093934911242604,0.9992578849721707
lfw_final,-0.03370669192992005,0.9097633136094675,0.9992578849721707
lfw_final,-0.03397332179994459,0.9101331360946746,0.9992578849721707
lfw_final,-0.03416222272791488,0.9105029585798816,0.9992578849721707
lfw_final,-0.03445382025322401,0.9108727810650887,0.9992578849721707
lfw_final,-0.0352528391023972,0.9112426035502958,0.9992578849721707
lfw_final,-0.03547409297040627,0.911612426035503,0.9992578849721707
lfw_final,-0.03574443590361064,0.9119822485207101,0.9992578849721707
lfw_final,-0.03638590627108615,0.9123520710059172,0.9992578849721707
lfw_final,-0.03673746842533267,0.9127218934911243,0.9992578849721707
lfw_final,-0.036804531881136054,0.9130917159763313,0.9992578849721707
lfw_final,-0.03683479102560229,0.9134615384615384,0.9992578849721707
lfw_final,-0.036844601192205985,0.9138313609467456,0.9992578849721707
lfw_final,-0.036892272468538476,0.9142011834319527,0.9992578849721707
lfw_final,-0.036899369095339134,0.9145710059171598,0.9992578849721707
lfw_final,-0.03691179612540107,0.9149408284023669,0.9992578849721707
lfw_final,-0.03703134698948197,0.915310650887574,0.9992578849721707
lfw_final,-0.03726490332535415,0.915680473372781,0.9992578849721707
lfw_final,-0.03745640480937621,0.9160502958579881,0.9992578849721707
lfw_final,-0.037725710897292056,0.9164201183431953,0.9992578849721707
lfw_final,-0.03786929157876942,0.9167899408284024,0.9992578849721707
lfw_final,-0.03804683719841741,0.9171597633136095,0.9992578849721707
lfw_final,-0.038701626707146594,0.9175295857988166,0.9992578849721707
lfw_final,-0.03893242550321904,0.9178994082840237,0.9992578849721707
lfw_final,-0.03961497368106204,0.9182692307692307,0.9992578849721707
lfw_final,-0.03999472490031812,0.9186390532544378,0.9992578849721707
lfw_final,-0.04076652393769349,0.919008875739645,0.9992578849721707
lfw_final,-0.040773832980875696,0.9193786982248521,0.9992578849721707
lfw_final,-0.040906886049508207,0.9197485207100592,0.9992578849721707
lfw_final,-0.04112736994196817,0.9201183431952663,0.9992578849721707
lfw_final,-0.04114555645951553,0.9204881656804734,0.9992578849721707
lfw_final,-0.04159506861305334,0.9208579881656804,0.9992578849721707
lfw_final,-0.041811686557691734,0.9212278106508875,0.9992578849721707
lfw_final,-0.04183376604408258,0.9215976331360947,0.9992578849721707
lfw_final,-0.04189622435637913,0.9219674556213018,0.9992578849721707
lfw_final,-0.04196278941657423,0.9223372781065089,0.9992578849721707
lfw_final,-0.04239533092948048,0.922707100591716,0.9992578849721707
lfw_final,-0.04242277108375555,0.9230769230769231,0.9992578849721707
lfw_final,-0.042506459782178624,0.9234467455621301,0.9992578849721707
lfw_final,-0.04277019703652358,0.9238165680473372,0.9992578849721707
lfw_final,-0.042790460441979594,0.9241863905325444,0.9992578849721707
lfw_final,-0.04280272884666134,0.9245562130177515,0.9992578849721707
lfw_final,-0.04317940340092127,0.9249260355029586,0.9992578849721707
lfw_final,-0.04329972576830853,0.9252958579881657,0.9992578849721707
lfw_final,-0.043361954620272085,0.9256656804733728,0.9992578849721707
lfw_final,-0.043787344962915545,0.9260355029585798,0.9992578849721707
lfw_final,-0.04402267765314746,0.926405325443787,0.9992578849721707
lfw_final,-0.044154722328716915,0.9267751479289941,0.9992578849721707
lfw_final,-0.044639392599234246,0.9271449704142012,0.9992578849721707
lfw_final,-0.04491128737036962,0.9271449704142012,0.9996289424860854
lfw_final,-0.045095899530230514,0.9275147928994083,0.9996289424860854
lfw_final,-0.04532048844932699,0.9278846153846154,0.9996289424860854
lfw_final,-0.04569320458690179,0.9282544378698225,0.9996289424860854
lfw_final,-0.045856235047188755,0.9286242603550295,0.9996289424860854
lfw_final,-0.04593838603148378,0.9289940828402367,0.9996289424860854
lfw_final,-0.046494699565235706,0.9293639053254438,0.9996289424860854
lfw_final,-0.046602561678543236,0.9297337278106509,0.9996289424860854
lfw_final,-0.04737141761293085,0.930103550295858,0.9996289424860854
lfw_final,-0.047650412569523085,0.9304733727810651,0.9996289424860854
lfw_final,-0.0478620972421881,0.9308431952662722,0.9996289424860854
lfw_final,-0.048008114628731634,0.9312130177514792,0.9996289424860854
lfw_final,-0.0481558463164082,0.9315828402366864,0.9996289424860854
lfw_final,-0.048499597766030515,0.9319526627218935,0.9996289424860854
lfw_final,-0.04856454737935589,0.9323224852071006,0.9996289424860854
lfw_final,-0.04858570280121426,0.9326923076923077,0.9996289424860854
lfw_final,-0.0486091335377486,0.9330621301775148,0.9996289424860854
lfw_final,-0.04898887094551102,0.9334319526627219,0.9996289424860854
lfw_final,-0.049372780917766035,0.933801775147929,0.9996289424860854
lfw_final,-0.049558379109711476,0.9341715976331361,0.9996289424860854
lfw_final,-0.04961769048592821,0.9345414201183432,0.9996289424860854
lfw_final,-0.0497217038131,0.9349112426035503,0.9996289424860854
lfw_final,-0.050071262400324716,0.9352810650887574,0.9996289424860854
lfw_final,-0.05042448659294958,0.9356508875739645,0.9996289424860854
lfw_final,-0.05076663932581175,0.9360207100591716,0.9996289424860854
lfw_final,-0.05088760843130911,0.9363905325443787,0.9996289424860854
lfw_final,-0.0510891154874964,0.9367603550295858,0.9996289424860854
lfw_final,-0.05128288919847711,0.9371301775147929,0.9996289424860854
lfw_final,-0.05136961948679524,0.9375,0.9996289424860854
lfw_final,-0.05153222040257564,0.9378698224852071,0.9996289424860854
lfw_final,-0.051644855159699805,0.9382396449704142,0.9996289424860854
lfw_final,-0.052422318693698816,0.9386094674556213,0.9996289424860854
lfw_final,-0.052519169404031424,0.9389792899408284,0.9996289424860854
lfw_final,-0.0527217843233421,0.9393491124260355,0.9996289424860854
lfw_final,-0.05276723360904787,0.9397189349112426,0.9996289424860854
lfw_final,-0.05311677008532086,0.9400887573964497,0.9996289424860854
lfw_final,-0.053294506415061,0.9404585798816568,0.9996289424860854
lfw_final,-0.05407357943853724,0.9408284023668639,0.9996289424860854
lfw_final,-0.05415317375034969,0.941198224852071,0.9996289424860854
lfw_final,-0.05496608017220164,0.9415680473372781,0.9996289424860854
lfw_final,-0.055045142842472965,0.9419378698224852,0.9996289424860854
lfw_final,-0.055169234036056954,0.9423076923076923,0.9996289424860854
lfw_final,-0.055346890599177245,0.9426775147928994,0.9996289424860854
lfw_final,-0.05545442678896459,0.9430473372781065,0.9996289424860854
lfw_final,-0.05547556119567916,0.9434171597633136,0.9996289424860854
lfw_final,-0.05612936528255866,0.9437869822485208,0.9996289424860854
lfw_final,-0.056325251697640036,0.9441568047337278,0.9996289424860854
lfw_final,-0.05644061034280852,0.9445266272189349,0.9996289424860854
lfw_final,-0.05707665715695066,0.944896449704142,0.9996289424860854
lfw_final,-0.05790273305143859,0.9452662721893491,0.9996289424860854
lfw_final,-0.05799479017339833,0.9456360946745562,0.9996289424860854
lfw_final,-0.05802178954464878,0.9460059171597633,0.9996289424860854
lfw_final,-0.058449275645580404,0.9463757396449705,0.9996289424860854
lfw_final,-0.0586234219756944,0.9467455621301775,0.9996289424860854
lfw_final,-0.058862451312753014,0.9471153846153846,0.9996289424860854
lfw_final,-0.058925062030119116,0.9474852071005917,0.9996289424860854
lfw_final,-0.059133457946091574,0.9478550295857988,0.9996289424860854
lfw_final,-0.059595442019282366,0.9482248520710059,0.9996289424860854
lfw_final,-0.06153927474061193,0.948594674556213,0.9996289424860854
lfw_final,-0.06154601935290421,0.9489644970414202,0.9996289424860854
lfw_final,-0.06169960830278377,0.9493343195266272,0.9996289424860854
lfw_final,-0.06209726114938569,0.9497041420118343,0.9996289424860854
lfw_final,-0.062298014568501425,0.9500739644970414,0.9996289424860854
lfw_final,-0.062374614318469114,0.9504437869822485,0.9996289424860854
lfw_final,-0.06269567649679157,0.9508136094674556,0.9996289424860854
lfw_final,-0.06283096928525352,0.9511834319526628,0.9996289424860854
lfw_final,-0.06284574156321003,0.9515532544378699,0.9996289424860854
lfw_final,-0.06287552407071695,0.9515532544378699,1.0
lfw_final,-0.06339289052801021,0.9519230769230769,1.0
lfw_final,-0.06373297474955934,0.952292899408284,1.0
lfw_final,-0.06395276056037637,0.9526627218934911,1.0
lfw_final,-0.0640262598067321,0.9530325443786982,1.0
lfw_final,-0.06426766687262474,0.9534023668639053,1.0
lfw_final,-0.0645161140397949,0.9537721893491125,1.0
lfw_final,-0.0645363839139106,0.9541420118343196,1.0
lfw_final,-0.06490876119464743,0.9545118343195266,1.0
lfw_final,-0.06544802619585116,0.9548816568047337,1.0
lfw_final,-0.06572038799601132,0.9552514792899408,1.0
lfw_final,-0.06611082933472973,0.9556213017751479,1.0
lfw_final,-0.06621495601443013,0.955991124260355,1.0
lfw_final,-0.06656772013205135,0.9563609467455622,1.0
lfw_final,-0.06689958890271475,0.9567307692307693,1.0
lfw_final,-0.06695421613100012,0.9571005917159763,1.0
lfw_final,-0.06706885109201513,0.9574704142011834,1.0
lfw_final,-0.06722067196654455,0.9578402366863905,1.0
lfw_final,-0.06779639379066967,0.9582100591715976,1.0
lfw_final,-0.06895537700218343,0.9585798816568047,1.0
lfw_final,-0.06938044086200236,0.9589497041420119,1.0
lfw_final,-0.06949129579848878,0.959319526627219,1.0
lfw_final,-0.06953306606103606,0.959689349112426,1.0
lfw_final,-0.07018797931699669,0.9600591715976331,1.0
lfw_final,-0.07032662033420899,0.9604289940828402,1.0
lfw_final,-0.07091318484270463,0.9607988165680473,1.0
lfw_final,-0.0717286367577106,0.9611686390532544,1.0
lfw_final,-0.07185936352156022,0.9615384615384616,1.0
lfw_final,-0.07188237403002583,0.9619082840236687,1.0
lfw_final,-0.07203990288281288,0.9622781065088757,1.0
lfw_final,-0.07206090437205553,0.9626479289940828,1.0
lfw_final,-0.07286213731005575,0.9630177514792899,1.0
lfw_final,-0.07315311182843826,0.963387573964497,1.0
lfw_final,-0.07380112065568692,0.9637573964497042,1.0
lfw_final,-0.0738351817086323,0.9641272189349113,1.0
lfw_final,-0.07451738283192909,0.9644970414201184,1.0
lfw_final,-0.07469348239982107,0.9648668639053254,1.0
lfw_final,-0.07531462909026011,0.9652366863905325,1.0
lfw_final,-0.07560994864824747,0.9656065088757396,1.0
lfw_final,-0.07629419458508394,0.9659763313609467,1.0
lfw_final,-0.07660675376141937,0.9663461538461539,1.0
lfw_final,-0.07670314417200907,0.966715976331361,1.0
lfw_final,-0.07674551223452834,0.9670857988165681,1.0
lfw_final,-0.07722640474893276,0.9674556213017751,1.0
lfw_final,-0.07753887269561296,0.9678254437869822,1.0
lfw_final,-0.07827208093706821,0.9681952662721893,1.0
lfw_final,-0.07873048477838342,0.9685650887573964,1.0
lfw_final,-0.07885081628931637,0.9689349112426036,1.0
lfw_final,-0.0792100560930762,0.9693047337278107,1.0
lfw_final,-0.07921163944855501,0.9696745562130178,1.0
lfw_final,-0.08013443298079849,0.9700443786982249,1.0
lfw_final,-0.08062346725622144,0.9704142011834319,1.0
lfw_final,-0.0817556848526766,0.970784023668639,1.0
lfw_final,-0.08183445708527383,0.9711538461538461,1.0
lfw_final,-0.08372318622544266,0.9715236686390533,1.0
lfw_final,-0.08383895050720312,0.9718934911242604,1.0
lfw_final,-0.08446306815388713,0.9722633136094675,1.0
lfw_final,-0.08463073199028359,0.9726331360946746,1.0
lfw_final,-0.08470510722198041,0.9730029585798816,1.0
lfw_final,-0.08499307540296507,0.9733727810650887,1.0
lfw_final,-0.08596744707764385,0.9737426035502958,1.0
lfw_final,-0.0862177585042388,0.974112426035503,1.0
lfw_final,-0.08639392714861831,0.9744822485207101,1.0
lfw_final,-0.08698187795643544,0.9748520710059172,1.0
lfw_final,-0.08767886218378612,0.9752218934911243,1.0
lfw_final,-0.08838108452262793,0.9755917159763313,1.0
lfw_final,-0.08930892628239222,0.9759615384615384,1.0
lfw_final,-0.092207055975309,0.9763313609467456,1.0
lfw_final,-0.0924330137808562,0.9767011834319527,1.0
lfw_final,-0.0931394096050196,0.9770710059171598,1.0
lfw_final,-0.0934145719000744,0.9774408284023669,1.0
lfw_final,-0.09346348692883426,0.977810650887574,1.0
lfw_final,-0.09365115950187884,0.978180473372781,1.0
lfw_final,-0.09412566957050122,0.9785502958579881,1.0
lfw_final,-0.09543569122073473,0.9789201183431953,1.0
lfw_final,-0.09625761109707959,0.9792899408284024,1.0
lfw_final,-0.09641551223221961,0.9796597633136095,1.0
lfw_final,-0.09678529121982027,0.9800295857988166,1.0
lfw_final,-0.09716221462579572,0.9803994082840237,1.0
lfw_final,-0.0972517367985129,0.9807692307692307,1.0
lfw_final,-0.09780228038284149,0.9811390532544378,1.0
lfw_final,-0.09931760506460524,0.981508875739645,1.0
lfw_final,-0.1013361795917692,0.9818786982248521,1.0
lfw_final,-0.10386263241126063,0.9822485207100592,1.0
lfw_final,-0.10431595965347204,0.9826183431952663,1.0
lfw_final,-0.10486253618919167,0.9829881656804734,1.0
lfw_final,-0.10577469459734362,0.9833579881656804,1.0
lfw_final,-0.10607355045405306,0.9837278106508875,1.0
lfw_final,-0.10623018615324686,0.9840976331360947,1.0
lfw_final,-0.10694636077402928,0.9844674556213018,1.0
lfw_final,-0.10740548448340957,0.9848372781065089,1.0
lfw_final,-0.10767980022073859,0.985207100591716,1.0
lfw_final,-0.10784358639970218,0.9855769230769231,1.0
lfw_final,-0.10808718765280827,0.9859467455621301,1.0
lfw_final,-0.10811349452091498,0.9863165680473372,1.0
lfw_final,-0.10833839040873722,0.9866863905325444,1.0
lfw_final,-0.10858787168517896,0.9870562130177515,1.0
lfw_final,-0.10895470065440475,0.9874260355029586,1.0
lfw_final,-0.10907309940103495,0.9877958579881657,1.0
lfw_final,-0.10918994594689077,0.9881656804733728,1.0
lfw_final,-0.11729430549412041,0.9885355029585798,1.0
lfw_final,-0.11776873422906645,0.988905325443787,1.0
lfw_final,-0.11956201057950622,0.9892751479289941,1.0
lfw_final,-0.1197992329884833,0.9896449704142012,1.0
lfw_final,-0.12128923900369502,0.9900147928994083,1.0
lfw_final,-0.12299280294020296,0.9903846153846154,1.0
lfw_final,-0.12508512184779363,0.9907544378698225,1.0
lfw_final,-0.12613779002310674,0.9911242603550295,1.0
lfw_final,-0.1269870684312573,0.9914940828402367,1.0
lfw_final,-0.12719623682330497,0.9918639053254438,1.0
lfw_final,-0.12838097045345356,0.9922337278106509,1.0
lfw_final,-0.13114745888620394,0.992603550295858,1.0
lfw_final,-0.1312101947265165,0.9929733727810651,1.0
lfw_final,-0.13138138629743334,0.9933431952662722,1.0
lfw_final,-0.1315321655840021,0.9937130177514792,1.0
lfw_final,-0.13295964936221533,0.9940828402366864,1.0
lfw_final,-0.13903174273417696,0.9944526627218935,1.0
lfw_final,-0.13933841511713366,0.9948224852071006,1.0
lfw_final,-0.14070942508194653,0.9951923076923077,1.0
lfw_final,-0.14121492372647637,0.9955621301775148,1.0
lfw_final,-0.14122631882998324,0.9959319526627219,1.0
lfw_final,-0.1425743346298552,0.996301775147929,1.0
lfw_final,-0.14351299861981956,0.9966715976331361,1.0
lfw_final,-0.15302193312610538,0.9970414201183432,1.0
lfw_final,-0.1601859066900861,0.9974112426035503,1.0
lfw_final,-0.16492875305559174,0.9977810650887574,1.0
lfw_final,-0.17159623745218094,0.9981508875739645,1.0
lfw_final,-0.1754622856548043,0.9985207100591716,1.0
lfw_final,-0.18256801603104159,0.9988905325443787,1.0
lfw_final,-0.21537184433546744,0.9992603550295858,1.0
lfw_final,-0.21567894011674127,0.9996301775147929,1.0
lfw_final,-0.24234353810315104,1.0,1.0
lfw_final,-1.2423435381031511,1.0,1.0
cplfw,1.911712921350066,0.0,0.0
cplfw,0.911712921350066,0.0,0.0005649717514124294
cplfw,0.8452093292764877,0.0,0.0011299435028248588
cplfw,0.8230923822250635,0.0,0.001694915254237288
cplfw,0.8159287157902977,0.0,0.0022598870056497176
cplfw,0.7835374765619993,0.0,0.002824858757062147
cplfw,0.7779791033584349,0.0,0.003389830508474576
cplfw,0.774116637393135,0.0,0.0039548022598870055
cplfw,0.7708685848896699,0.0,0.004519774011299435
cplfw,0.7680924379376022,0.0,0.005084745762711864
cplfw,0.7664366302391582,0.0,0.005649717514124294
cplfw,0.7623037299263395,0.0,0.0062146892655367235
cplfw,0.7536225487386902,0.0,0.006779661016949152
cplfw,0.7506902200613397,0.0,0.007344632768361582
cplfw,0.7505345092422531,0.0,0.007909604519774011
cplfw,0.7493432958637071,0.0,0.00847457627118644
cplfw,0.7472601688611048,0.0,0.00903954802259887
cplfw,0.7461214607342866,0.0,0.0096045197740113
cplfw,0.745873489774677,0.0,0.010169491525423728
cplfw,0.7450613638158522,0.0,0.010734463276836158
cplfw,0.7440317146675327,0.0,0.011299435028248588
cplfw,0.7415147948666462,0.0,0.011864406779661017
cplfw,0.7369443764044129,0.0,0.012429378531073447
cplfw,0.7367861977850664,0.0,0.012994350282485875
cplfw,0.7350682977371246,0.0,0.013559322033898305
cplfw,0.7348476771736385,0.0,0.014124293785310734
cplfw,0.7332161939103142,0.0,0.014689265536723164
cplfw,0.7322047871551445,0.0,0.015254237288135594
cplfw,0.7309114786831212,0.0,0.015819209039548022
cplfw,0.7286071919704352,0.0,0.01638418079096045
cplfw,0.7285967051300904,0.0,0.01694915254237288
cplfw,0.7271802200843624,0.0,0.01751412429378531
cplfw,0.7265029705745372,0.0,0.01807909604519774
cplfw,0.7262985233655819,0.0,0.01864406779661017
cplfw,0.7262859651176068,0.0,0.0192090395480226
cplfw,0.7244697742425523,0.0,0.01977401129943503
cplfw,0.723945621537743,0.0,0.020338983050847456
cplfw,0.7232598462079665,0.0,0.020903954802259886
cplfw,0.7196466768079777,0.0,0.021468926553672316
cplfw,0.7189013542859688,0.0,0.022033898305084745
cplfw,0.7186751054883854,0.0,0.022598870056497175
cplfw,0.7130401537950539,0.0,0.023163841807909605
cplfw,0.7097483435149776,0.0,0.023728813559322035
cplfw,0.7090355103890349,0.0,0.024293785310734464
cplfw,0.7083612081088573,0.0,0.024858757062146894
cplfw,0.707267015183871,0.0,0.025423728813559324
cplfw,0.7061259972577154,0.0,0.02598870056497175
cplfw,0.7054188059344767,0.0,0.02655367231638418
cplfw,0.7052292538826743,0.0,0.02711864406779661
cplfw,0.7050806606396568,0.0,0.02768361581920904
cplfw,0.7050696834569891,0.0,0.02824858757062147
cplfw,0.7030793916677547,0.0,0.0288135593220339
cplfw,0.7026906103190895,0.0,0.02937853107344633
cplfw,0.7015486389104388,0.0,0.029943502824858758
cplfw,0.7007110269352803,0.0,0.030508474576271188
cplfw,0.6980628175736371,0.0,0.031073446327683617
cplfw,0.6973837782333717,0.0,0.031638418079096044
cplfw,0.6956585336237683,0.0,0.03220338983050847
cplfw,0.695642109853657,0.0,0.0327683615819209
cplfw,0.6953849895853261,0.0,0.03333333333333333
cplfw,0.6950064721872844,0.0,0.03389830508474576
cplfw,0.6918986094514463,0.0,0.03446327683615819
cplfw,0.691279072528137,0.0,0.03502824858757062
cplfw,0.690918086751559,0.0,0.03559322033898305
cplfw,0.6908888512041165,0.0,0.03615819209039548
cplfw,0.690768213320613,0.0,0.03672316384180791
cplfw,0.6901921151570413,0.0,0.03728813559322034
cplfw,0.6898069137212557,0.0,0.03785310734463277
cplfw,0.6887859137399484,0.0,0.0384180790960452
cplfw,0.6883543394013348,0.0,0.03898305084745763
cplfw,0.6876248224439063,0.0,0.03954802259887006
cplfw,0.6864065932831536,0.0,0.04011299435028248
cplfw,0.6847091200440938,0.0,0.04067796610169491
cplfw,0.684298243145996,0.0,0.04124293785310734
cplfw,0.6821778856054695,0.0,0.04180790960451977
cplfw,0.6810395888047329,0.0,0.0423728813559322
cplfw,0.6804915621884856,0.0,0.04293785310734463
cplfw,0.6802581080124991,0.0,0.04350282485875706
cplfw,0.6799765017024317,0.0,0.04406779661016949
cplfw,0.6799757706784482,0.0,0.04463276836158192
cplfw,0.6795388818077098,0.0,0.04519774011299435
cplfw,0.6794632610454214,0.0,0.04576271186440678
cplfw,0.679328294270659,0.0,0.04632768361581921
cplfw,0.6790684829428879,0.0,0.04689265536723164
cplfw,0.6790014133645769,0.0,0.04745762711864407
cplfw,0.6784644763544243,0.0,0.0480225988700565
cplfw,0.6782674451097976,0.0,0.04858757062146893
cplfw,0.6782561523591253,0.0,0.04915254237288136
cplfw,0.6776364344689437,0.0,0.04971751412429379
cplfw,0.6770134728507827,0.0,0.05028248587570622
cplfw,0.6764743871317204,0.0,0.05084745762711865
cplfw,0.6763554510690637,0.0,0.05141242937853107
cplfw,0.6758779797228438,0.0,0.0519774011299435
cplfw,0.6753263026107162,0.0,0.05254237288135593
cplfw,0.675070065418997,0.0,0.05310734463276836
cplfw,0.6749733398713144,0.0,0.05367231638418079
cplfw,0.6747962042997314,0.0,0.05423728813559322
cplfw,0.6746300527360898,0.0,0.05480225988700565
cplfw,0.6737217939084792,0.0,0.05536723163841808
cplfw,0.6734310229205741,0.0,0.05593220338983051
cplfw,0.6733397724284568,0.0,0.05649717514124294
cplfw,0.6730788861535754,0.0,0.05706214689265537
cplfw,0.6729122297742723,0.0,0.0576271186440678
cplfw,0.6722355559413491,0.0,0.05819209039548023
cplfw,0.67123680833798,0.0,0.05875706214689266
cplfw,0.6704136467640558,0.0,0.059322033898305086
cplfw,0.66972581384247,0.0,0.059887005649717516
cplfw,0.6697196080707405,0.0,0.060451977401129946
cplfw,0.6693777242171164,0.0,0.061016949152542375
cplfw,0.668180429044425,0.0,0.061581920903954805
cplfw,0.668113212849321,0.0,0.062146892655367235
cplfw,0.6680279331349919,0.0,0.06271186440677966
cplfw,0.6679762157415514,0.0,0.06327683615819209
cplfw,0.6677986419361794,0.0,0.06384180790960452
cplfw,0.666118361175149,0.0,0.06440677966101695
cplfw,0.6654727169152501,0.0,0.06497175141242938
cplfw,0.6651766011443213,0.0,0.0655367231638418
cplfw,0.6645356654485367,0.0,0.06610169491525424
cplfw,0.6642534057743053,0.0,0.06666666666666667
cplfw,0.6629297568077707,0.0,0.0672316384180791
cplfw,0.6629239304180652,0.0,0.06779661016949153
cplfw,0.6624397313876305,0.0,0.06836158192090395
cplfw,0.661918952099655,0.0,0.06892655367231638
cplfw,0.661742735581065,0.0,0.06949152542372881
cplfw,0.6611598294520086,0.0,0.07005649717514124
cplfw,0.6611427242627426,0.0,0.07062146892655367
cplfw,0.6604933523912836,0.0,0.0711864406779661
cplfw,0.6596659932789435,0.0,0.07175141242937853
cplfw,0.6596490789395926,0.0,0.07231638418079096
cplfw,0.6593745317502827,0.0,0.07288135593220339
cplfw,0.659230363879703,0.0,0.07344632768361582
cplfw,0.6590248861753335,0.0,0.07401129943502825
cplfw,0.6584649112918672,0.0,0.07457627118644068
cplfw,0.6584174082151135,0.0,0.07514124293785311
cplfw,0.6582821613668495,0.0,0.07570621468926554
cplfw,0.6581835165262341,0.0,0.07627118644067797
cplfw,0.657387684359745,0.0,0.0768361581920904
cplfw,0.6573755500570869,0.0,0.07740112994350283
cplfw,0.6571666254785784,0.0,0.07796610169491526
cplfw,0.6569420885661551,0.0,0.07853107344632769
cplfw,0.6569144323692943,0.0,0.07909604519774012
cplfw,0.6568191906445822,0.0,0.07966101694915254
cplfw,0.6560929042138345,0.0,0.08022598870056497
cplfw,0.6541770815590412,0.0,0.0807909604519774
cplfw,0.6535023299585072,0.0,0.08135593220338982
cplfw,0.653495221207805,0.0,0.08192090395480225
cplfw,0.6532106072965792,0.0,0.08248587570621468
cplfw,0.6528813705906658,0.0,0.08305084745762711
cplfw,0.6528648105240997,0.0,0.08361581920903954
cplfw,0.6528149974550725,0.0,0.08418079096045197
cplfw,0.6527423040828827,0.0,0.0847457627118644
cplfw,0.6525069702053231,0.0,0.08531073446327683
cplfw,0.6522650560862583,0.0,0.08587570621468926
cplfw,0.6522399803553903,0.0,0.08644067796610169
cplfw,0.6518922871527916,0.0,0.08700564971751412
cplfw,0.651375800474714,0.0,0.08757062146892655
cplfw,0.6511183671930219,0.0,0.08813559322033898
cplfw,0.6510226665791378,0.0,0.08870056497175141
cplfw,0.6495840014275017,0.0,0.08926553672316384
cplfw,0.6492627614478911,0.0,0.08983050847457627
cplfw,0.6490726443197158,0.0,0.0903954802259887
cplfw,0.6489890515444389,0.0,0.09096045197740113
cplfw,0.6486587014253687,0.0,0.09152542372881356
cplfw,0.6474933094192983,0.0,0.09209039548022599
cplfw,0.646794938606778,0.0,0.09265536723163842
cplfw,0.6456848274168705,0.0,0.09322033898305085
cplfw,0.6455992983460164,0.0,0.09378531073446328
cplfw,0.6455923028595982,0.0,0.09435028248587571
cplfw,0.6454957993817513,0.0,0.09491525423728814
cplfw,0.645427894291859,0.0,0.09548022598870057
cplfw,0.6447927438825887,0.0,0.096045197740113
cplfw,0.6447179091748101,0.0,0.09661016949152543
cplfw,0.6446554118700064,0.0,0.09717514124293786
cplfw,0.6443672564717488,0.0,0.09774011299435029
cplfw,0.6443149069679782,0.0,0.09830508474576272
cplfw,0.6439032764876704,0.0,0.09887005649717515
cplfw,0.6437525838124003,0.0,0.09943502824858758
cplfw,0.6428240906543341,0.0,0.1
cplfw,0.6420781403751288,0.0,0.10056497175141244
cplfw,0.6411596058317195,0.0,0.10112994350282486
cplfw,0.6405935736166258,0.0,0.1016949152542373
cplfw,0.640207995832332,0.0,0.10225988700564972
cplfw,0.6400018065761249,0.0,0.10282485875706214
cplfw,0.6397016698930527,0.0,0.10338983050847457
cplfw,0.6391974986982256,0.0,0.103954802259887
cplfw,0.639127758448609,0.0,0.10451977401129943
cplfw,0.6389321666324765,0.0,0.10508474576271186
cplfw,0.638558031952954,0.0,0.10564971751412429
cplfw,0.6383894562380358,0.0,0.10621468926553672
cplfw,0.6383343175990568,0.0,0.10677966101694915
cplfw,0.6380194962013657,0.0,0.10734463276836158
cplfw,0.6380093775984654,0.0,0.10790960451977401
cplfw,0.6376854481060957,0.0,0.10847457627118644
cplfw,0.6372999008812537,0.0,0.10903954802259887
cplfw,0.6368142231499392,0.0,0.1096045197740113
cplfw,0.636496099135195,0.0,0.11016949152542373
cplfw,0.6364325008258912,0.0,0.11073446327683616
cplfw,0.636290340100413,0.0,0.11129943502824859
cplfw,0.6362719434523696,0.0,0.11186440677966102
cplfw,0.6357898505287306,0.0,0.11242937853107345
cplfw,0.6354917795015361,0.0,0.11299435028248588
cplfw,0.6353308126117782,0.0,0.1135593220338983
cplfw,0.6353042563331138,0.0,0.11412429378531073
cplfw,0.6352383648184243,0.0,0.11468926553672316
cplfw,0.6350388922666886,0.0,0.1152542372881356
cplfw,0.6349329821976242,0.0,0.11581920903954802
cplfw,0.6344358461058278,0.0,0.11638418079096045
cplfw,0.6338551879908004,0.0,0.11694915254237288
cplfw,0.6338275172032053,0.0,0.11751412429378531
cplfw,0.6334115355242864,0.0,0.11807909604519774
cplfw,0.6331905095950495,0.0,0.11864406779661017
cplfw,0.6331769050990675,0.0,0.1192090395480226
cplfw,0.6330523053729837,0.0,0.11977401129943503
cplfw,0.6328884038013536,0.0,0.12033898305084746
cplfw,0.6325624742487445,0.0,0.12090395480225989
cplfw,0.6323546700189946,0.0,0.12146892655367232
cplfw,0.6310245655026315,0.0,0.12203389830508475
cplfw,0.6299365094759681,0.0,0.12259887005649718
cplfw,0.6297297998964642,0.0,0.12316384180790961
cplfw,0.6295647298502518,0.0,0.12372881355932204
cplfw,0.6293158433182798,0.0,0.12429378531073447
cplfw,0.6292288800461088,0.0,0.1248587570621469
cplfw,0.629219141773498,0.0,0.12542372881355932
cplfw,0.6290865211214781,0.0,0.12598870056497175
cplfw,0.6290200106305421,0.0,0.12655367231638417
cplfw,0.6286985735016107,0.0,0.1271186440677966
cplfw,0.6284572449139509,0.0,0.12768361581920903
cplfw,0.6283518105560961,0.0,0.12824858757062146
cplfw,0.627902772849425,0.0,0.1288135593220339
cplfw,0.6278391236692882,0.0,0.12937853107344632
cplfw,0.6277161680002273,0.0,0.12994350282485875
cplfw,0.6275989049140465,0.0,0.13050847457627118
cplfw,0.627472575273671,0.0,0.1310734463276836
cplfw,0.6274305165850238,0.0,0.13163841807909604
cplfw,0.6269020242603709,0.0,0.13220338983050847
cplfw,0.6264238979293193,0.0,0.1327683615819209
cplfw,0.626411142409867,0.0,0.13333333333333333
cplfw,0.6260884921302428,0.0,0.13389830508474576
cplfw,0.6257944680665642,0.0,0.1344632768361582
cplfw,0.6257113505315746,0.0,0.13502824858757062
cplfw,0.6256982161140197,0.0,0.13559322033898305
cplfw,0.6255070699077385,0.0,0.13615819209039548
cplfw,0.6249398713753824,0.0,0.1367231638418079
cplfw,0.6249127366100233,0.0,0.13728813559322034
cplfw,0.6248261795800066,0.0,0.13785310734463277
cplfw,0.6248231788032419,0.0,0.1384180790960452
cplfw,0.6248193847679345,0.0,0.13898305084745763
cplfw,0.6243891930892346,0.0,0.13954802259887006
cplfw,0.6243561548984914,0.0,0.1401129943502825
cplfw,0.6242267743089193,0.0,0.14067796610169492
cplfw,0.6239746735981395,0.0,0.14124293785310735
cplfw,0.6238141721607902,0.0,0.14180790960451978
cplfw,0.623424698473995,0.0,0.1423728813559322
cplfw,0.6231456126301622,0.0,0.14293785310734464
cplfw,0.6231157652660102,0.0,0.14350282485875707
cplfw,0.622415876096209,0.0,0.1440677966101695
cplfw,0.6222471086265666,0.0,0.14463276836158193
cplfw,0.6211344434430405,0.0,0.14519774011299436
cplfw,0.620930844022276,0.0,0.14576271186440679
cplfw,0.6207509187183627,0.0,0.14632768361581922
cplfw,0.6204723750382375,0.0,0.14689265536723164
cplfw,0.6198491873346453,0.0,0.14745762711864407
cplfw,0.6196020589853993,0.0,0.1480225988700565
cplfw,0.6195989082637862,0.0,0.14858757062146893
cplfw,0.6190459349382522,0.0,0.14915254237288136
cplfw,0.6190430256207349,0.0,0.1497175141242938
cplfw,0.6189403506348125,0.0,0.15028248587570622
cplfw,0.6184548900160263,0.0,0.15084745762711865
cplfw,0.6179574677479805,0.0,0.15141242937853108
cplfw,0.6177582346146772,0.0,0.1519774011299435
cplfw,0.617123590488245,0.0,0.15254237288135594
cplfw,0.6170907954173821,0.0,0.15310734463276837
cplfw,0.6168774017742236,0.0,0.1536723163841808
cplfw,0.6168568924551581,0.0,0.15423728813559323
cplfw,0.6163909622590913,0.0,0.15480225988700566
cplfw,0.6163825239725201,0.0,0.1553672316384181
cplfw,0.6163662633092242,0.0,0.15593220338983052
cplfw,0.6158754461729133,0.0,0.15649717514124295
cplfw,0.6155018958833507,0.0,0.15706214689265538
cplfw,0.6153755295195495,0.0,0.1576271186440678
cplfw,0.6151691035081222,0.0,0.15819209039548024
cplfw,0.6149457572397954,0.0,0.15875706214689267
cplfw,0.6147562520627485,0.0,0.15932203389830507
cplfw,0.6144295998733065,0.0,0.1598870056497175
cplfw,0.6142603399054323,0.0,0.16045197740112993
cplfw,0.61421151688192,0.0,0.16101694915254236
cplfw,0.6140331717898528,0.0,0.1615819209039548
cplfw,0.6138852197327487,0.0,0.16214689265536722
cplfw,0.6138147621680278,0.0,0.16271186440677965
cplfw,0.6137296403886152,0.0,0.16327683615819208
cplfw,0.6134085067968947,0.0,0.1638418079096045
cplfw,0.6133611852277886,0.0,0.16440677966101694
cplfw,0.6129199242143263,0.0,0.16497175141242937
cplfw,0.6119980106324366,0.0,0.1655367231638418
cplfw,0.6113418858490012,0.0,0.16610169491525423
cplfw,0.6113286464512426,0.0,0.16666666666666666
cplfw,0.6108690939133419,0.0,0.1672316384180791
cplfw,0.6106890538078846,0.0,0.16779661016949152
cplfw,0.6105725989814812,0.0,0.16836158192090395
cplfw,0.6105064765501398,0.0,0.16892655367231638
cplfw,0.609917218291337,0.0,0.1694915254237288
cplfw,0.609680369364766,0.0,0.17005649717514124
cplfw,0.6096334648955175,0.0,0.17062146892655367
cplfw,0.6095523735737779,0.0,0.1711864406779661
cplfw,0.609508276949351,0.0,0.17175141242937852
cplfw,0.6094788233957261,0.0,0.17231638418079095
cplfw,0.6092245643462263,0.0,0.17288135593220338
cplfw,0.6090538891375586,0.0,0.17344632768361581
cplfw,0.6087180380415853,0.0,0.17401129943502824
cplfw,0.6086249764748531,0.0,0.17457627118644067
cplfw,0.6082058460593833,0.0,0.1751412429378531
cplfw,0.6079242288471485,0.0,0.17570621468926553
cplfw,0.6078568651152897,0.0,0.17627118644067796
cplfw,0.6077341851457108,0.0,0.1768361581920904
cplfw,0.6071469534564014,0.0,0.17740112994350282
cplfw,0.6071105957098841,0.0,0.17796610169491525
cplfw,0.6069363101615743,0.0,0.17853107344632768
cplfw,0.6060170483798771,0.0,0.1790960451977401
cplfw,0.6060037865408416,0.0,0.17966101694915254
cplfw,0.6058772169050335,0.0,0.18022598870056497
cplfw,0.6054982637496069,0.0,0.1807909604519774
cplfw,0.6054746408611968,0.0,0.18135593220338983
cplfw,0.6050181904928867,0.0,0.18192090395480226
cplfw,0.6049850637373141,0.0,0.1824858757062147
cplfw,0.6047262716149242,0.0,0.18305084745762712
cplfw,0.6046734066988928,0.0,0.18361581920903955
cplfw,0.6042458920728554,0.0,0.18418079096045198
cplfw,0.6038489672112153,0.0,0.1847457627118644
cplfw,0.6029427040852203,0.0,0.18531073446327684
cplfw,0.6028225497487327,0.0,0.18587570621468927
cplfw,0.602418884780107,0.0,0.1864406779661017
cplfw,0.602417206465442,0.0,0.18700564971751413
cplfw,0.6021824759319688,0.0,0.18757062146892656
cplfw,0.6019117542768445,0.0,0.188135593220339
cplfw,0.6018273968977869,0.0,0.18870056497175142
cplfw,0.601727379687523,0.0,0.18926553672316385
cplfw,0.6011571733038102,0.0,0.18983050847457628
cplfw,0.6008072461532102,0.0,0.1903954802259887
cplfw,0.6002035861193065,0.0,0.19096045197740114
cplfw,0.6001811431471121,0.0,0.19152542372881357
cplfw,0.6001097849434299,0.0,0.192090395480226
cplfw,0.5988399209055906,0.0,0.19265536723163842
cplfw,0.5983334939255522,0.0,0.19322033898305085
cplfw,0.5979546093786487,0.0,0.19378531073446328
cplfw,0.5977095322114395,0.0,0.1943502824858757
cplfw,0.5976224719912648,0.0,0.19491525423728814
cplfw,0.597569525966816,0.0,0.19548022598870057
cplfw,0.5974569855923224,0.0,0.196045197740113
cplfw,0.5971283385145882,0.0,0.19661016949152543
cplfw,0.5970684546123599,0.0,0.19717514124293786
cplfw,0.5964934670640145,0.0,0.1977401129943503
cplfw,0.5964550146510486,0.0,0.19830508474576272
cplfw,0.5964308117267528,0.0,0.19887005649717515
cplfw,0.5960736656547574,0.0,0.19943502824858758
cplfw,0.5959812500504403,0.0,0.2
cplfw,0.5959263860430407,0.0,0.20056497175141244
cplfw,0.5958579979267346,0.0,0.20112994350282487
cplfw,0.5957362410337036,0.0,0.2016949152542373
cplfw,0.5955169256837105,0.0,0.20225988700564973
cplfw,0.5950882600374768,0.0,0.20282485875706216
cplfw,0.5949909351254781,0.0,0.2033898305084746
cplfw,0.594761572798813,0.0,0.20395480225988702
cplfw,0.5943001884139667,0.0,0.20451977401129945
cplfw,0.5939073850749973,0.0,0.20508474576271185
cplfw,0.5938684313436134,0.0,0.20564971751412428
cplfw,0.5938407490089235,0.0,0.2062146892655367
cplfw,0.5929646245664851,0.0,0.20677966101694914
cplfw,0.592954680372321,0.0,0.20734463276836157
cplfw,0.5927982978211931,0.0,0.207909604519774
cplfw,0.5926842422776198,0.0,0.20847457627118643
cplfw,0.5915266775784921,0.0,0.20903954802259886
cplfw,0.5908202297637192,0.0,0.2096045197740113
cplfw,0.5905801566495118,0.0,0.21016949152542372
cplfw,0.5905348173257203,0.0,0.21073446327683615
cplfw,0.5904733366443135,0.0,0.21129943502824858
cplfw,0.5904636892493222,0.0,0.211864406779661
cplfw,0.5896566121533245,0.0,0.21242937853107344
cplfw,0.5894085864940491,0.0,0.21299435028248587
cplfw,0.589318278660639,0.0,0.2135593220338983
cplfw,0.5892996946972611,0.0,0.21412429378531073
cplfw,0.5892704582338485,0.0,0.21468926553672316
cplfw,0.5890037650559059,0.0,0.21525423728813559
cplfw,0.5888714024012938,0.0,0.21581920903954802
cplfw,0.5886034453195996,0.0,0.21638418079096045
cplfw,0.5884377465541777,0.0,0.21694915254237288
cplfw,0.5882786176117334,0.0,0.2175141242937853
cplfw,0.5881924238766022,0.0,0.21807909604519773
cplfw,0.5879331409458286,0.0,0.21864406779661016
cplfw,0.587929779794956,0.0,0.2192090395480226
cplfw,0.58778863677333,0.0,0.21977401129943502
cplfw,0.5874787068489729,0.0,0.22033898305084745
cplfw,0.5874435846317221,0.0,0.22090395480225988
cplfw,0.5872929041322763,0.0,0.2214689265536723
cplfw,0.5869651216105491,0.0,0.22203389830508474
cplfw,0.5869420971050728,0.0,0.22259887005649717
cplfw,0.5865499141091451,0.0,0.2231638418079096
cplfw,0.5863666579240236,0.0,0.22372881355932203
cplfw,0.5856272873950956,0.0,0.22429378531073446
cplfw,0.5842644772791862,0.0,0.2248587570621469
cplfw,0.5834619786818984,0.0,0.22542372881355932
cplfw,0.583129100346324,0.0,0.22598870056497175
cplfw,0.5830568301258632,0.0,0.22655367231638418
cplfw,0.5828424095123512,0.0,0.2271186440677966
cplfw,0.5826067512737165,0.0,0.22768361581920904
cplfw,0.5821968416435925,0.0,0.22824858757062147
cplfw,0.5821770610428747,0.0,0.2288135593220339
cplfw,0.5821762968431862,0.0,0.22937853107344633
cplfw,0.5820722936591378,0.0,0.22994350282485876
cplfw,0.5819546946166548,0.0,0.2305084745762712
cplfw,0.5819480056344836,0.0,0.23107344632768362
cplfw,0.581795599725983,0.0,0.23163841807909605
cplfw,0.5816681787593057,0.0,0.23220338983050848
cplfw,0.5816565972300636,0.0,0.2327683615819209
cplfw,0.58157522333246,0.0,0.23333333333333334
cplfw,0.5815100062665225,0.0,0.23389830508474577
cplfw,0.5812096976081295,0.0,0.2344632768361582
cplfw,0.5811756200613396,0.0,0.23502824858757063
cplfw,0.5803992915813987,0.0,0.23559322033898306
cplfw,0.5802517877302157,0.0,0.23615819209039549
cplfw,0.5802113655373522,0.0,0.23672316384180792
cplfw,0.5799075670989435,0.0,0.23728813559322035
cplfw,0.5795765602787695,0.0,0.23785310734463277
cplfw,0.5795089637029092,0.0,0.2384180790960452
cplfw,0.5794966833886079,0.0,0.23898305084745763
cplfw,0.5794745592211622,0.0,0.23954802259887006
cplfw,0.579130237044745,0.0,0.2401129943502825
cplfw,0.5789838821330068,0.0,0.24067796610169492
cplfw,0.5785625957164228,0.0,0.24124293785310735
cplfw,0.5782339227857881,0.0,0.24180790960451978
cplfw,0.5781955257296125,0.0,0.2423728813559322
cplfw,0.5776339728408465,0.0,0.24293785310734464
cplfw,0.5772385195572166,0.0,0.24350282485875707
cplfw,0.5766839843025462,0.0,0.2440677966101695
cplfw,0.5766494726823502,0.0,0.24463276836158193
cplfw,0.5766407105473,0.0,0.24519774011299436
cplfw,0.5761500918835316,0.0,0.2457627118644068
cplfw,0.5755822279984626,0.0,0.24632768361581922
cplfw,0.5754983031317761,0.0,0.24689265536723165
cplfw,0.5752338544099733,0.0,0.24745762711864408
cplfw,0.5751005469957552,0.0,0.2480225988700565
cplfw,0.5748831252016626,0.0,0.24858757062146894
cplfw,0.5745192486937392,0.0,0.24915254237288137
cplfw,0.5742372214093787,0.0,0.2497175141242938
cplfw,0.5737299878334182,0.0,0.25028248587570623
cplfw,0.5737008013342567,0.0,0.25084745762711863
cplfw,0.5736780943184678,0.0,0.2514124293785311
cplfw,0.5734217475725203,0.0,0.2519774011299435
cplfw,0.5733990754930334,0.0,0.25254237288135595
cplfw,0.5733891574910551,0.0,0.25310734463276835
cplfw,0.573379981232144,0.0,0.2536723163841808
cplfw,0.5732732644369575,0.0,0.2542372881355932
cplfw,0.573241013511296,0.0,0.25480225988700567
cplfw,0.5731767133048534,0.0,0.25536723163841807
cplfw,0.573032491954827,0.0,0.2559322033898305
cplfw,0.5727943042724706,0.0,0.25649717514124293
cplfw,0.5723867890469906,0.0,0.2570621468926554
cplfw,0.5722576276797733,0.0,0.2576271186440678
cplfw,0.5721230152867847,0.0,0.25819209039548024
cplfw,0.5719783258584974,0.0,0.25875706214689265
cplfw,0.571779749454145,0.0,0.2593220338983051
cplfw,0.5717458939017862,0.0,0.2598870056497175
cplfw,0.571681724122907,0.0,0.26045197740112996
cplfw,0.570730179612903,0.0,0.26101694915254237
cplfw,0.5706873045097539,0.0,0.2615819209039548
cplfw,0.570159366833514,0.0,0.2621468926553672
cplfw,0.5698981937801654,0.0,0.2627118644067797
cplfw,0.569767423349647,0.0,0.2632768361581921
cplfw,0.5693746778495141,0.0,0.26384180790960454
cplfw,0.569354515231128,0.0,0.26440677966101694
cplfw,0.5688630797098593,0.0,0.2649717514124294
cplfw,0.56886108385402,0.0,0.2655367231638418
cplfw,0.568689431766041,0.0,0.26610169491525426
cplfw,0.5685659261295589,0.0,0.26666666666666666
cplfw,0.568331233561557,0.0,0.2672316384180791
cplfw,0.5678006547294413,0.0,0.2677966101694915
cplfw,0.5675328745094305,0.0,0.268361581920904
cplfw,0.5674279787530397,0.0,0.2689265536723164
cplfw,0.5672811308339146,0.0,0.26949152542372884
cplfw,0.5671423868132232,0.0,0.27005649717514124
cplfw,0.5668508134873917,0.0,0.2706214689265537
cplfw,0.5663344195337031,0.0,0.2711864406779661
cplfw,0.5662800604326862,0.0,0.27175141242937856
cplfw,0.5662248730419879,0.0,0.27231638418079096
cplfw,0.5660977594421395,0.0,0.27288135593220336
cplfw,0.5660885649894823,0.0,0.2734463276836158
cplfw,0.5658313085709463,0.0,0.2740112994350282
cplfw,0.5655846181908103,0.0,0.2745762711864407
cplfw,0.5655703292428909,0.0,0.2751412429378531
cplfw,0.5651248152361616,0.0,0.27570621468926554
cplfw,0.5650942881484334,0.0,0.27627118644067794
cplfw,0.5650350642698275,0.0,0.2768361581920904
cplfw,0.5649028828982572,0.0,0.2774011299435028
cplfw,0.5648985771605886,0.0,0.27796610169491526
cplfw,0.5643267791669963,0.0,0.27853107344632766
cplfw,0.5642342803572878,0.0,0.2790960451977401
cplfw,0.5641920468262582,0.0,0.2796610169491525
cplfw,0.5639127492129077,0.0,0.280225988700565
cplfw,0.5637125758981156,0.0,0.2807909604519774
cplfw,0.5636348742948758,0.0,0.28135593220338984
cplfw,0.5636089452379544,0.0,0.28192090395480224
cplfw,0.5632115169183624,0.0,0.2824858757062147
cplfw,0.5629977650889423,0.0,0.2830508474576271
cplfw,0.5629947446646886,0.0,0.28361581920903955
cplfw,0.5629773713101133,0.0,0.28418079096045196
cplfw,0.5628392654689796,0.0,0.2847457627118644
cplfw,0.5627816068243908,0.0,0.2853107344632768
cplfw,0.5624030159926849,0.0,0.2858757062146893
cplfw,0.5621066746255339,0.0,0.2864406779661017
cplfw,0.5620264086063808,0.0,0.28700564971751413
cplfw,0.561790976866691,0.0,0.28757062146892653
cplfw,0.5617728461037552,0.0,0.288135593220339
cplfw,0.5617259200862738,0.0,0.2887005649717514
cplfw,0.5617054803862747,0.0,0.28926553672316385
cplfw,0.5616578091282718,0.0,0.28983050847457625
cplfw,0.5616504727858388,0.0,0.2903954802259887
cplfw,0.5614565158182402,0.0,0.2909604519774011
cplfw,0.5613367729436908,0.0,0.29152542372881357
cplfw,0.561289851149444,0.0,0.292090395480226
cplfw,0.5611607049779874,0.0,0.29265536723163843
cplfw,0.5611370249423183,0.0,0.29322033898305083
cplfw,0.5611065986814783,0.0,0.2937853107344633
cplfw,0.5610825984268732,0.0,0.2943502824858757
cplfw,0.5610206090890232,0.0,0.29491525423728815
cplfw,0.5608482250395971,0.0,0.29548022598870055
cplfw,0.560795334740227,0.0,0.296045197740113
cplfw,0.5607043496198842,0.0,0.2966101694915254
cplfw,0.5606618234408988,0.0,0.29717514124293787
cplfw,0.5605776963934144,0.0,0.29774011299435027
cplfw,0.5601953864589466,0.0,0.2983050847457627
cplfw,0.5599658686100486,0.0,0.29887005649717513
cplfw,0.5598425260859448,0.0,0.2994350282485876
cplfw,0.5596307478993086,0.0,0.3
cplfw,0.559595528920208,0.0,0.30056497175141245
cplfw,0.5595758526035124,0.0,0.30112994350282485
cplfw,0.5594297457747357,0.0,0.3016949152542373
cplfw,0.559407032587504,0.0,0.3022598870056497
cplfw,0.5593489275248945,0.0,0.30282485875706217
cplfw,0.5590375476293316,0.0,0.30338983050847457
cplfw,0.5590023813194306,0.0,0.303954802259887
cplfw,0.5589526611006199,0.0,0.3045197740112994
cplfw,0.5588749087595197,0.0,0.3050847457627119
cplfw,0.558866121003414,0.0,0.3056497175141243
cplfw,0.5584557196502389,0.0,0.30621468926553674
cplfw,0.558358452784308,0.0,0.30677966101694915
cplfw,0.5579993529940148,0.0,0.3073446327683616
cplfw,0.5576272932918065,0.0,0.307909604519774
cplfw,0.5575312840483219,0.0,0.30847457627118646
cplfw,0.5575159532684903,0.0,0.30903954802259886
cplfw,0.5573992921210077,0.0,0.3096045197740113
cplfw,0.5573554228928506,0.0,0.3101694915254237
cplfw,0.5569781672559043,0.0,0.3107344632768362
cplfw,0.556924990300149,0.0,0.3112994350282486
cplfw,0.5567045927400216,0.0,0.31186440677966104
cplfw,0.5563907446615632,0.0,0.31242937853107344
cplfw,0.5561197979756726,0.0,0.3129943502824859
cplfw,0.5560380834698525,0.0,0.3135593220338983
cplfw,0.5559556372749599,0.0,0.31412429378531076
cplfw,0.555809257920061,0.0,0.31468926553672316
cplfw,0.555531519303782,0.0,0.3152542372881356
cplfw,0.5554916842046919,0.0,0.315819209039548
cplfw,0.5554156697488607,0.0,0.3163841807909605
cplfw,0.5551777862061276,0.0,0.3169491525423729
cplfw,0.5546120584328486,0.0,0.31751412429378534
cplfw,0.5545703543761731,0.0,0.31807909604519774
cplfw,0.554259852231261,0.0,0.31864406779661014
cplfw,0.5540898230371224,0.0,0.3192090395480226
cplfw,0.5538927727393557,0.0,0.319774011299435
cplfw,0.5537368961279423,0.0,0.32033898305084746
cplfw,0.5537046086759356,0.0,0.32090395480225986
cplfw,0.553254096710679,0.0,0.3214689265536723
cplfw,0.5530630351045652,0.0,0.3220338983050847
cplfw,0.5527668900307674,0.0,0.3225988700564972
cplfw,0.5527063738104547,0.0,0.3231638418079096
cplfw,0.5524297377062498,0.0,0.32372881355932204
cplfw,0.5523570086148094,0.0,0.32429378531073444
cplfw,0.5523519214662498,0.0,0.3248587570621469
cplfw,0.5521261308539346,0.0,0.3254237288135593
cplfw,0.5521015342086107,0.0,0.32598870056497176
cplfw,0.5519561419948815,0.0,0.32655367231638416
cplfw,0.5518765183281005,0.0,0.3271186440677966
cplfw,0.5517313527656661,0.0,0.327683615819209
cplfw,0.5516457188540428,0.0,0.3282485875706215
cplfw,0.5515841030908575,0.0,0.3288135593220339
cplfw,0.5514633102695848,0.0,0.32937853107344633
cplfw,0.5513757827668397,0.0,0.32994350282485874
cplfw,0.5506214001865786,0.0,0.3305084745762712
cplfw,0.5504698195038932,0.0,0.3310734463276836
cplfw,0.5503758815487227,0.0,0.33163841807909605
cplfw,0.5503298250783212,0.0,0.33220338983050846
cplfw,0.5503232939953316,0.0,0.3327683615819209
cplfw,0.5500846554267621,0.0,0.3333333333333333
cplfw,0.5496184438582723,0.0,0.3338983050847458
cplfw,0.5494841588773094,0.0,0.3344632768361582
cplfw,0.5493129198418498,0.0,0.33502824858757063
cplfw,0.5492508668914077,0.0,0.33559322033898303
cplfw,0.5490447288398516,0.0,0.3361581920903955
cplfw,0.548766980741825,0.0,0.3367231638418079
cplfw,0.5486761458702373,0.0,0.33728813559322035
cplfw,0.5486695639559592,0.0,0.33785310734463275
cplfw,0.5486203888851053,0.0,0.3384180790960452
cplfw,0.5482765064593964,0.0,0.3389830508474576
cplfw,0.5481542654980623,0.0,0.33954802259887007
cplfw,0.5481246289364186,0.0,0.34011299435028247
cplfw,0.5478348872747592,0.0,0.34067796610169493
cplfw,0.5478284111593881,0.0,0.34124293785310733
cplfw,0.5477530701529889,0.0,0.3418079096045198
cplfw,0.547735632149649,0.0,0.3423728813559322
cplfw,0.5476316948105955,0.0,0.34293785310734465
cplfw,0.5472772901288254,0.0,0.34350282485875705
cplfw,0.5471807203984536,0.0,0.3440677966101695
cplfw,0.5470791025455165,0.0,0.3446327683615819
cplfw,0.5470683728138769,0.0,0.34519774011299437
cplfw,0.5469998003177302,0.0,0.34576271186440677
cplfw,0.5468532015765585,0.0,0.3463276836158192
cplfw,0.54675305599608,0.0,0.34689265536723163
cplfw,0.5467353491416955,0.0,0.3474576271186441
cplfw,0.5466047783215257,0.0,0.3480225988700565
cplfw,0.5465961958587506,0.0,0.34858757062146895
cplfw,0.5455911735136076,0.0,0.34915254237288135
cplfw,0.5453115087812417,0.0,0.3497175141242938
cplfw,0.5450185020825883,0.0,0.3502824858757062
cplfw,0.5448565856703619,0.0,0.35084745762711866
cplfw,0.5447981047010847,0.0,0.35141242937853107
cplfw,0.5444146606427742,0.0,0.3519774011299435
cplfw,0.5439476911012657,0.0,0.3525423728813559
cplfw,0.5438792620122688,0.0,0.3531073446327684
cplfw,0.5437113265708962,0.0,0.3536723163841808
cplfw,0.543698386778706,0.0,0.35423728813559324
cplfw,0.5432491210237834,0.0,0.35480225988700564
cplfw,0.5430964257995399,0.0,0.3553672316384181
cplfw,0.5430689307400449,0.0,0.3559322033898305
cplfw,0.5428797458502866,0.0,0.35649717514124296
cplfw,0.5427442842102965,0.0,0.35706214689265536
cplfw,0.5426244622319725,0.0,0.3576271186440678
cplfw,0.5425436681969059,0.0,0.3581920903954802
cplfw,0.542287236421398,0.0,0.3587570621468927
cplfw,0.5421589585595917,0.0,0.3593220338983051
cplfw,0.5421311074516102,0.0,0.35988700564971754
cplfw,0.5421038089508445,0.0,0.36045197740112994
cplfw,0.5421015740515679,0.0,0.3610169491525424
cplfw,0.5419694171030737,0.0,0.3615819209039548
cplfw,0.5415428504601113,0.0,0.36214689265536726
cplfw,0.5409529581795222,0.0,0.36271186440677966
cplfw,0.5409231458502538,0.0,0.3632768361581921
cplfw,0.5407882452534384,0.0,0.3638418079096045
cplfw,0.540744052887792,0.0,0.3644067796610169
cplfw,0.5405351948152355,0.0,0.3649717514124294
cplfw,0.5404264308940603,0.0,0.3655367231638418
cplfw,0.5404175980694728,0.0,0.36610169491525424
cplfw,0.5403691001667403,0.0,0.36666666666666664
cplfw,0.5403522237196559,0.0,0.3672316384180791
cplfw,0.5401925145510071,0.0,0.3677966101694915
cplfw,0.5400799206923882,0.0,0.36836158192090396
cplfw,0.5394661364836848,0.0,0.36892655367231636
cplfw,0.5393343244742054,0.0,0.3694915254237288
cplfw,0.5390981058690592,0.0,0.3700564971751412
cplfw,0.5385403236756738,0.0,0.3706214689265537
cplfw,0.5383496549183746,0.0,0.3711864406779661
cplfw,0.5377610305109842,0.0,0.37175141242937854
cplfw,0.5375214908776075,0.0,0.37231638418079094
cplfw,0.5375134347737658,0.0,0.3728813559322034
cplfw,0.5375016219551325,0.0,0.3734463276836158
cplfw,0.5372843716180876,0.0,0.37401129943502825
cplfw,0.537241938854238,0.0,0.37457627118644066
cplfw,0.5366348242298417,0.0,0.3751412429378531
cplfw,0.5366016990515208,0.0,0.3757062146892655
cplfw,0.5364623465713781,0.0,0.376271186440678
cplfw,0.5363439598054771,0.0,0.3768361581920904
cplfw,0.5361635996374547,0.0,0.37740112994350283
cplfw,0.536045338037601,0.0,0.37796610169491524
cplfw,0.5357140042481742,0.0,0.3785310734463277
cplfw,0.5354833017731976,0.0,0.3790960451977401
cplfw,0.5354435475451481,0.0,0.37966101694915255
cplfw,0.5353606585604106,0.0,0.38022598870056495
cplfw,0.5350515810305148,0.0,0.3807909604519774
cplfw,0.5348160892059388,0.0,0.3813559322033898
cplfw,0.5343640913305593,0.0,0.38192090395480227
cplfw,0.5342346283690796,0.0,0.3824858757062147
cplfw,0.5341795642210766,0.0,0.38305084745762713
cplfw,0.5338037535760661,0.0,0.38361581920903953
cplfw,0.5335534202812571,0.0,0.384180790960452
cplfw,0.5330376446650291,0.0,0.3847457627118644
cplfw,0.5326345055566624,0.0,0.38531073446327685
cplfw,0.5324657735207526,0.0,0.38587570621468925
cplfw,0.5319714740249337,0.0,0.3864406779661017
cplfw,0.5319300709743341,0.0,0.3870056497175141
cplfw,0.5318777685962808,0.0,0.38757062146892657
cplfw,0.531757308597419,0.0,0.38813559322033897
cplfw,0.5314251008979144,0.0,0.3887005649717514
cplfw,0.5312852235799124,0.0,0.38926553672316383
cplfw,0.5310576019886982,0.0,0.3898305084745763
cplfw,0.5310424746587559,0.0,0.3903954802259887
cplfw,0.5309540365150878,0.0,0.39096045197740115
cplfw,0.5308906967502927,0.0,0.39152542372881355
cplfw,0.5307423001950738,0.0,0.392090395480226
cplfw,0.5303200886931588,0.0,0.3926553672316384
cplfw,0.5301470251627127,0.0,0.39322033898305087
cplfw,0.5301386459647355,0.0,0.39378531073446327
cplfw,0.5300650153567597,0.0,0.3943502824858757
cplfw,0.5293978552950613,0.0,0.3949152542372881
cplfw,0.5293601253274743,0.0,0.3954802259887006
cplfw,0.5293269744221187,0.0,0.396045197740113
cplfw,0.5290909572709848,0.0,0.39661016949152544
cplfw,0.5289603994615508,0.0,0.39717514124293785
cplfw,0.5288686859422833,0.0,0.3977401129943503
cplfw,0.5288336117436315,0.0,0.3983050847457627
cplfw,0.528780267031423,0.0,0.39887005649717516
cplfw,0.5287138028728893,0.0,0.39943502824858756
cplfw,0.5286439853645274,0.0,0.4
cplfw,0.527952206097823,0.0,0.4005649717514124
cplfw,0.5277160092688181,0.0,0.4011299435028249
cplfw,0.5277145066255532,0.0,0.4016949152542373
cplfw,0.5276870607735913,0.0,0.40225988700564974
cplfw,0.5270348218834406,0.0,0.40282485875706214
cplfw,0.527015214530147,0.0,0.4033898305084746
cplfw,0.526955969250966,0.0,0.403954802259887
cplfw,0.5269231336009585,0.0,0.40451977401129946
cplfw,0.5269025918672046,0.0,0.40508474576271186
cplfw,0.5268221293389843,0.0,0.4056497175141243
cplfw,0.5264262479306578,0.0,0.4062146892655367
cplfw,0.5260439489697482,0.0,0.4067796610169492
cplfw,0.5260030268699638,0.0,0.4073446327683616
cplfw,0.5259831481707647,0.0,0.40790960451977404
cplfw,0.5251909182427824,0.0,0.40847457627118644
cplfw,0.5251345047271239,0.0,0.4090395480225989
cplfw,0.5249308746927339,0.0,0.4096045197740113
cplfw,0.5248175185506315,0.0,0.4101694915254237
cplfw,0.5245385260420886,0.0,0.41073446327683616
cplfw,0.5244618049045723,0.0,0.41129943502824856
cplfw,0.5244336998093112,0.0,0.411864406779661
cplfw,0.524110836091629,0.0,0.4124293785310734
cplfw,0.5239832752497392,0.0,0.4129943502824859
cplfw,0.5236216478478385,0.0,0.4135593220338983
cplfw,0.5235117169856628,0.0,0.41412429378531074
cplfw,0.5233261072289395,0.0,0.41468926553672314
cplfw,0.523262965204706,0.0,0.4152542372881356
cplfw,0.5231039333810026,0.0,0.415819209039548
cplfw,0.5230364251234133,0.0,0.41638418079096046
cplfw,0.5229720350436611,0.0,0.41694915254237286
cplfw,0.5229287540857298,0.0,0.4175141242937853
cplfw,0.5227086113743689,0.0,0.4180790960451977
cplfw,0.5226338528904673,0.0,0.4186440677966102
cplfw,0.522568406651468,0.0,0.4192090395480226
cplfw,0.5225179140076125,0.0,0.41977401129943503
cplfw,0.5223670202888983,0.0,0.42033898305084744
cplfw,0.521845111074358,0.0,0.4209039548022599
cplfw,0.5218131700849157,0.0,0.4214689265536723
cplfw,0.5216719254616936,0.0,0.42203389830508475
cplfw,0.5216552128548972,0.0,0.42259887005649716
cplfw,0.5216515981688381,0.0,0.4231638418079096
cplfw,0.5214968739916565,0.0,0.423728813559322
cplfw,0.5213967708588915,0.0,0.4242937853107345
cplfw,0.5211943640354799,0.0,0.4248587570621469
cplfw,0.5203254667238152,0.0,0.42542372881355933
cplfw,0.5201021590247787,0.0,0.42598870056497173
cplfw,0.5193788562886228,0.0,0.4265536723163842
cplfw,0.519175561753423,0.0,0.4271186440677966
cplfw,0.5190049425789763,0.0,0.42768361581920905
cplfw,0.5189133203068426,0.0,0.42824858757062145
cplfw,0.5188495923477782,0.0,0.4288135593220339
cplfw,0.518725957604513,0.0,0.4293785310734463
cplfw,0.5186575443784242,0.0,0.42994350282485877
cplfw,0.5184224736829668,0.0,0.43050847457627117
cplfw,0.5184012576257999,0.0,0.43107344632768363
cplfw,0.518280563088648,0.0,0.43163841807909603
cplfw,0.5181959093151121,0.0,0.4322033898305085
cplfw,0.5181005954194118,0.0,0.4327683615819209
cplfw,0.5179957491367665,0.0,0.43333333333333335
cplfw,0.5179157403978948,0.0,0.43389830508474575
cplfw,0.51776041395243,0.0,0.4344632768361582
cplfw,0.5177142456508467,0.0,0.4350282485875706
cplfw,0.5175623717545672,0.0,0.43559322033898307
cplfw,0.517429288751341,0.0,0.43615819209039547
cplfw,0.5173392492598352,0.0,0.4367231638418079
cplfw,0.5170051069529897,0.0,0.43728813559322033
cplfw,0.5166514843882873,0.0,0.4378531073446328
cplfw,0.5166267954452101,0.0,0.4384180790960452
cplfw,0.5165861112804827,0.0,0.43898305084745765
cplfw,0.5165748297399748,0.0,0.43954802259887005
cplfw,0.5164860796703078,0.0,0.4401129943502825
cplfw,0.5164425109257131,0.0,0.4406779661016949
cplfw,0.5163064849597633,0.0,0.44124293785310736
cplfw,0.516138850515038,0.0,0.44180790960451977
cplfw,0.5157763658425248,0.0,0.4423728813559322
cplfw,0.5157145919532587,0.0,0.4429378531073446
cplfw,0.5157004085138959,0.0,0.4435028248587571
cplfw,0.5152863554157576,0.0,0.4440677966101695
cplfw,0.5152858913718977,0.0,0.44463276836158194
cplfw,0.5150868268981381,0.0,0.44519774011299434
cplfw,0.5150720225376274,0.0,0.4457627118644068
cplfw,0.5150424740101386,0.0,0.4463276836158192
cplfw,0.5147229387696632,0.0,0.44689265536723166
cplfw,0.5146603782777113,0.0,0.44745762711864406
cplfw,0.5145205639842427,0.0,0.4480225988700565
cplfw,0.5144252205984657,0.0,0.4485875706214689
cplfw,0.5143611515297721,0.0,0.4491525423728814
cplfw,0.5143012661072587,0.0,0.4497175141242938
cplfw,0.5138383361544362,0.0,0.45028248587570624
cplfw,0.5138279657276947,0.0,0.45084745762711864
cplfw,0.5137837872451018,0.0,0.4514124293785311
cplfw,0.5137772345188226,0.0,0.4519774011299435
cplfw,0.5136759258585124,0.0,0.45254237288135596
cplfw,0.5135811805955958,0.0,0.45310734463276836
cplfw,0.5134985789705975,0.0,0.4536723163841808
cplfw,0.5134747073574583,0.0,0.4542372881355932
cplfw,0.5133299973521258,0.0,0.4548022598870056
cplfw,0.5132097837910082,0.0,0.4553672316384181
cplfw,0.5131195848374738,0.0,0.4559322033898305
cplfw,0.5131120129794401,0.0,0.45649717514124294
cplfw,0.5130763577974093,0.0,0.45706214689265534
cplfw,0.5130749765598274,0.0,0.4576271186440678
cplfw,0.5130354503555145,0.0,0.4581920903954802
cplfw,0.5126617082132255,0.0,0.45875706214689266
cplfw,0.5120802548442196,0.0,0.45932203389830506
cplfw,0.5119295371054535,0.0,0.4598870056497175
cplfw,0.5118739891256497,0.0,0.4604519774011299
cplfw,0.5115465167669967,0.0,0.4610169491525424
cplfw,0.5114795453800821,0.0,0.4615819209039548
cplfw,0.511216993764702,0.0,0.46214689265536724
cplfw,0.5112096955886868,0.0,0.46271186440677964
cplfw,0.5106231302277647,0.0,0.4632768361581921
cplfw,0.5105203443890761,0.0,0.4638418079096045
cplfw,0.5102618378267075,0.0,0.46440677966101696
cplfw,0.5102457733177518,0.0,0.46497175141242936
cplfw,0.5101513611421264,0.0,0.4655367231638418
cplfw,0.5101103182934253,0.0,0.4661016949152542
cplfw,0.5100634091651923,0.0,0.4666666666666667
cplfw,0.5095082348208326,0.0,0.4672316384180791
cplfw,0.5094621410869575,0.0,0.46779661016949153
cplfw,0.5091195832234198,0.0,0.46836158192090394
cplfw,0.5089384094828571,0.0,0.4689265536723164
cplfw,0.5089143151857493,0.0,0.4694915254237288
cplfw,0.5089134442425854,0.0,0.47005649717514125
cplfw,0.5088705615734741,0.0,0.47062146892655365
cplfw,0.5083583894506981,0.0,0.4711864406779661
cplfw,0.5081184469444915,0.0,0.4717514124293785
cplfw,0.507916838111491,0.0,0.47231638418079097
cplfw,0.5077152610022453,0.0,0.4728813559322034
cplfw,0.5071146982928977,0.0,0.47344632768361583
cplfw,0.5071106839814079,0.0,0.47401129943502823
cplfw,0.5070484207961053,0.0,0.4745762711864407
cplfw,0.5070179064506788,0.0,0.4751412429378531
cplfw,0.5069971550730529,0.0,0.47570621468926555
cplfw,0.5069218443662313,0.0,0.47627118644067795
cplfw,0.5069101637497991,0.0,0.4768361581920904
cplfw,0.5068890514013089,0.0,0.4774011299435028
cplfw,0.5066255342963939,0.0,0.47796610169491527
cplfw,0.5065818744586719,0.0,0.47853107344632767
cplfw,0.5065535864478998,0.0,0.47909604519774013
cplfw,0.506537435289603,0.0,0.47966101694915253
cplfw,0.5062936395221773,0.0,0.480225988700565
cplfw,0.5062108961302861,0.0,0.4807909604519774
cplfw,0.5060543484419053,0.0,0.48135593220338985
cplfw,0.5058986130656896,0.0,0.48192090395480225
cplfw,0.5056051912768983,0.0,0.4824858757062147
cplfw,0.505514541693785,0.0,0.4830508474576271
cplfw,0.5053872437948663,0.0,0.48361581920903957
cplfw,0.5053813672849572,0.0,0.48418079096045197
cplfw,0.505171545152593,0.0,0.4847457627118644
cplfw,0.5051048735483464,0.0,0.4853107344632768
cplfw,0.5049380181274198,0.0,0.4858757062146893
cplfw,0.5048165573329362,0.0,0.4864406779661017
cplfw,0.5047920231834093,0.0,0.48700564971751414
cplfw,0.5042169822936313,0.0,0.48757062146892655
cplfw,0.5042097590147845,0.0,0.488135593220339
cplfw,0.5039492421124814,0.0,0.4887005649717514
cplfw,0.5036538310146529,0.0,0.48926553672316386
cplfw,0.503601431330586,0.0,0.48983050847457626
cplfw,0.5032871460058721,0.0,0.4903954802259887
cplfw,0.5031217415266714,0.0,0.4909604519774011
cplfw,0.5031182324984319,0.0,0.4915254237288136
cplfw,0.5028774651836447,0.0,0.492090395480226
cplfw,0.5025691777693387,0.0,0.49265536723163844
cplfw,0.5024592882638046,0.0,0.49322033898305084
cplfw,0.5022815247466178,0.0,0.4937853107344633
cplfw,0.502175909235519,0.0,0.4943502824858757
cplfw,0.501813541930852,0.0,0.49491525423728816
cplfw,0.5017459248832373,0.0,0.49548022598870056
cplfw,0.5015778283758481,0.0,0.496045197740113
cplfw,0.5010670040700469,0.0,0.4966101694915254
cplfw,0.5009545170172973,0.0,0.4971751412429379
cplfw,0.5008286732963486,0.0,0.4977401129943503
cplfw,0.5004604655122784,0.0,0.49830508474576274
cplfw,0.49981653469403514,0.0,0.49887005649717514
cplfw,0.4997512924332606,0.0,0.4994350282485876
cplfw,0.49950082077548064,0.0,0.5
cplfw,0.49944379887327645,0.0,0.5005649717514125
cplfw,0.4994332678472799,0.0,0.5011299435028248
cplfw,0.49928077086024414,0.0,0.5016949152542373
cplfw,0.4990703556325646,0.0,0.5022598870056497
cplfw,0.4989503947073417,0.0,0.5028248587570622
cplfw,0.4986472402305787,0.0,0.5033898305084745
cplfw,0.49853928845629647,0.0,0.503954802259887
cplfw,0.4985363821663461,0.0,0.5045197740112994
cplfw,0.49820975617089425,0.0,0.5050847457627119
cplfw,0.49817800831598036,0.0,0.5056497175141242
cplfw,0.4980153469426092,0.0,0.5062146892655367
cplfw,0.49787796841666093,0.0,0.5067796610169492
cplfw,0.4978063672053764,0.0,0.5073446327683616
cplfw,0.4976861992412527,0.0,0.507909604519774
cplfw,0.4976735582323741,0.0,0.5084745762711864
cplfw,0.4974904090078797,0.0,0.5090395480225989
cplfw,0.4969915467340511,0.0,0.5096045197740113
cplfw,0.49685683182499624,0.0,0.5101694915254237
cplfw,0.4967945343941498,0.0,0.5107344632768361
cplfw,0.49665761153581583,0.0,0.5112994350282486
cplfw,0.49657922351298067,0.0,0.511864406779661
cplfw,0.4965577264632741,0.0,0.5124293785310734
cplfw,0.49649448847217126,0.0,0.5129943502824859
cplfw,0.49640485967379533,0.0,0.5135593220338983
cplfw,0.4963398752969249,0.0,0.5141242937853108
cplfw,0.49616484292883223,0.0,0.5146892655367231
cplfw,0.49581215839064186,0.0,0.5152542372881356
cplfw,0.4956609323179838,0.0,0.515819209039548
cplfw,0.49548542866014783,0.0,0.5163841807909605
cplfw,0.49544091692009734,0.0,0.5169491525423728
cplfw,0.4953026615166366,0.0,0.5175141242937853
cplfw,0.49488945671839646,0.0,0.5180790960451978
cplfw,0.4948544318773594,0.0,0.5186440677966102
cplfw,0.49471706455355424,0.0,0.5192090395480226
cplfw,0.4946686711322956,0.0,0.519774011299435
cplfw,0.4946548856477268,0.0,0.5203389830508475
cplfw,0.4946366769976142,0.0,0.5209039548022599
cplfw,0.49454080014419355,0.0,0.5214689265536723
cplfw,0.49449751749877424,0.0,0.5220338983050847
cplfw,0.49419998124269054,0.0,0.5225988700564972
cplfw,0.494067876955526,0.0,0.5231638418079096
cplfw,0.49369815298294734,0.0,0.523728813559322
cplfw,0.4936153917874436,0.0,0.5242937853107345
cplfw,0.49359604576893784,0.0,0.5248587570621469
cplfw,0.4935943295902584,0.0,0.5254237288135594
cplfw,0.4933117276845467,0.0,0.5259887005649717
cplfw,0.49271074120265773,0.0,0.5265536723163842
cplfw,0.4926629671096703,0.0,0.5271186440677966
cplfw,0.49182043464091835,0.0,0.5276836158192091
cplfw,0.4916387944944022,0.0,0.5282485875706214
cplfw,0.49153619048257396,0.0,0.5288135593220339
cplfw,0.49112980498775705,0.0,0.5293785310734463
cplfw,0.49060704932841936,0.0005730659025787965,0.5293785310734463
cplfw,0.49058327130647805,0.0005730659025787965,0.5299435028248588
cplfw,0.4905638373467071,0.0005730659025787965,0.5305084745762711
cplfw,0.4900007054225872,0.0005730659025787965,0.5310734463276836
cplfw,0.489866625481206,0.0005730659025787965,0.5316384180790961
cplfw,0.48961185895282844,0.0005730659025787965,0.5322033898305085
cplfw,0.4896098587030988,0.0005730659025787965,0.5327683615819209
cplfw,0.48922961991985014,0.0005730659025787965,0.5333333333333333
cplfw,0.4891527753732642,0.0005730659025787965,0.5338983050847458
cplfw,0.4891192690212955,0.0005730659025787965,0.5344632768361582
cplfw,0.48882742399700885,0.0005730659025787965,0.5350282485875706
cplfw,0.4887081823611331,0.0005730659025787965,0.535593220338983
cplfw,0.48826715522511416,0.0005730659025787965,0.5361581920903955
cplfw,0.4880924595977814,0.0005730659025787965,0.536723163841808
cplfw,0.48801716662201405,0.0005730659025787965,0.5372881355932203
cplfw,0.48787472078573824,0.0005730659025787965,0.5378531073446328
cplfw,0.4871369804499705,0.0005730659025787965,0.5384180790960452
cplfw,0.4862905059159356,0.0005730659025787965,0.5389830508474577
cplfw,0.485992317524479,0.0005730659025787965,0.53954802259887
cplfw,0.48596835878413536,0.0005730659025787965,0.5401129943502825
cplfw,0.48592933759730206,0.0005730659025787965,0.5406779661016949
cplfw,0.4857002569867167,0.0005730659025787965,0.5412429378531074
cplfw,0.4856617334971189,0.0005730659025787965,0.5418079096045197
cplfw,0.4853189606774057,0.0005730659025787965,0.5423728813559322
cplfw,0.48502704389725004,0.0005730659025787965,0.5429378531073447
cplfw,0.4844271137846433,0.0005730659025787965,0.5435028248587571
cplfw,0.48393578231151163,0.0005730659025787965,0.5440677966101695
cplfw,0.48386888532072514,0.0005730659025787965,0.5446327683615819
cplfw,0.4838514405103613,0.0005730659025787965,0.5451977401129944
cplfw,0.48358527072277774,0.0005730659025787965,0.5457627118644067
cplfw,0.4835552457986758,0.0005730659025787965,0.5463276836158192
cplfw,0.4835213246807556,0.0005730659025787965,0.5468926553672316
cplfw,0.48288191882314657,0.0005730659025787965,0.5474576271186441
cplfw,0.48283577549511064,0.0005730659025787965,0.5480225988700564
cplfw,0.4827591720691561,0.0005730659025787965,0.5485875706214689
cplfw,0.4826183869955052,0.0005730659025787965,0.5491525423728814
cplfw,0.48245376344452745,0.0005730659025787965,0.5497175141242938
cplfw,0.4823760252585725,0.0005730659025787965,0.5502824858757062
cplfw,0.4822607029518771,0.0005730659025787965,0.5508474576271186
cplfw,0.48224299939826704,0.0005730659025787965,0.5514124293785311
cplfw,0.48218761731428744,0.0005730659025787965,0.5519774011299435
cplfw,0.4821396958250191,0.0005730659025787965,0.5525423728813559
cplfw,0.481751781909158,0.0005730659025787965,0.5531073446327683
cplfw,0.4816650903397165,0.0005730659025787965,0.5536723163841808
cplfw,0.481662060404588,0.0005730659025787965,0.5542372881355933
cplfw,0.48113012753296874,0.0005730659025787965,0.5548022598870056
cplfw,0.4807625924295307,0.0005730659025787965,0.5553672316384181
cplfw,0.4807468651362825,0.0005730659025787965,0.5559322033898305
cplfw,0.48057641926954026,0.0005730659025787965,0.556497175141243
cplfw,0.48037678611448476,0.0005730659025787965,0.5570621468926553
cplfw,0.4799998223030846,0.0005730659025787965,0.5576271186440678
cplfw,0.47998672544253224,0.0005730659025787965,0.5581920903954802
cplfw,0.47969859867934633,0.0005730659025787965,0.5587570621468927
cplfw,0.4796349612765688,0.0005730659025787965,0.559322033898305
cplfw,0.47959420588326296,0.0005730659025787965,0.5598870056497175
cplfw,0.47907742025072153,0.0005730659025787965,0.56045197740113
cplfw,0.4789892638342452,0.0005730659025787965,0.5610169491525424
cplfw,0.4788456708376949,0.0005730659025787965,0.5615819209039548
cplfw,0.4786847902382035,0.0005730659025787965,0.5621468926553672
cplfw,0.4782980762927011,0.0005730659025787965,0.5627118644067797
cplfw,0.4781350219881711,0.0005730659025787965,0.5632768361581921
cplfw,0.47773298327203834,0.0005730659025787965,0.5638418079096045
cplfw,0.47682079876681766,0.0005730659025787965,0.5644067796610169
cplfw,0.47681699608302897,0.0005730659025787965,0.5649717514124294
cplfw,0.476539431723509,0.0005730659025787965,0.5655367231638418
cplfw,0.4765071170782208,0.0005730659025787965,0.5661016949152542
cplfw,0.47616848962799424,0.0005730659025787965,0.5666666666666667
cplfw,0.4758639452484888,0.0005730659025787965,0.5672316384180791
cplfw,0.47557638627452153,0.0005730659025787965,0.5677966101694916
cplfw,0.4748471707796547,0.0005730659025787965,0.5683615819209039
cplfw,0.47482277287112695,0.0005730659025787965,0.5689265536723164
cplfw,0.47475716074063345,0.0005730659025787965,0.5694915254237288
cplfw,0.47447452623297864,0.0005730659025787965,0.5700564971751413
cplfw,0.4744609004253514,0.0005730659025787965,0.5706214689265536
cplfw,0.47425267289957024,0.0005730659025787965,0.5711864406779661
cplfw,0.4742106787623219,0.0005730659025787965,0.5717514124293785
cplfw,0.4739496159853711,0.0005730659025787965,0.572316384180791
cplfw,0.4738757267814993,0.0005730659025787965,0.5728813559322034
cplfw,0.473597110813968,0.0005730659025787965,0.5734463276836158
cplfw,0.4735509207708148,0.0005730659025787965,0.5740112994350283
cplfw,0.473152683559814,0.0005730659025787965,0.5745762711864407
cplfw,0.47280812714181686,0.0005730659025787965,0.5751412429378531
cplfw,0.4720959264384768,0.0005730659025787965,0.5757062146892655
cplfw,0.47199927270719516,0.0005730659025787965,0.576271186440678
cplfw,0.4719250543152268,0.0005730659025787965,0.5768361581920904
cplfw,0.47163380507862024,0.0005730659025787965,0.5774011299435028
cplfw,0.4715244133653887,0.0005730659025787965,0.5779661016949152
cplfw,0.4707571516133518,0.0005730659025787965,0.5785310734463277
cplfw,0.4697413873941656,0.0005730659025787965,0.5790960451977402
cplfw,0.4695303047541006,0.0005730659025787965,0.5796610169491525
cplfw,0.4694144853440681,0.0005730659025787965,0.580225988700565
cplfw,0.46936617895876825,0.0005730659025787965,0.5807909604519774
cplfw,0.4693511742606464,0.0005730659025787965,0.5813559322033899
cplfw,0.469013603440662,0.0005730659025787965,0.5819209039548022
cplfw,0.46900478739086554,0.0005730659025787965,0.5824858757062147
cplfw,0.4688456068181036,0.0005730659025787965,0.5830508474576271
cplfw,0.46786249259288254,0.0005730659025787965,0.5836158192090396
cplfw,0.46783709264864215,0.0005730659025787965,0.584180790960452
cplfw,0.4677333108290033,0.0005730659025787965,0.5847457627118644
cplfw,0.4675352140240556,0.0005730659025787965,0.5853107344632769
cplfw,0.46688403891410496,0.0005730659025787965,0.5858757062146893
cplfw,0.4668093291649483,0.0005730659025787965,0.5864406779661017
cplfw,0.46678162764249576,0.0005730659025787965,0.5870056497175141
cplfw,0.46660724239300017,0.0005730659025787965,0.5875706214689266
cplfw,0.46649857669745115,0.0005730659025787965,0.588135593220339
cplfw,0.46618673682203654,0.0005730659025787965,0.5887005649717514
cplfw,0.46595280926627636,0.0005730659025787965,0.5892655367231638
cplfw,0.4658078182205596,0.0005730659025787965,0.5898305084745763
cplfw,0.46575974674894627,0.0005730659025787965,0.5903954802259888
cplfw,0.46545781437700395,0.0005730659025787965,0.5909604519774011
cplfw,0.4653890604505186,0.0005730659025787965,0.5915254237288136
cplfw,0.465119238951283,0.0005730659025787965,0.592090395480226
cplfw,0.46504332034665186,0.0005730659025787965,0.5926553672316384
cplfw,0.4648698940949103,0.0005730659025787965,0.5932203389830508
cplfw,0.46420923894080157,0.0005730659025787965,0.5937853107344633
cplfw,0.46407711725749107,0.0005730659025787965,0.5943502824858757
cplfw,0.46402314866679656,0.0005730659025787965,0.5949152542372881
cplfw,0.46311274626862314,0.0005730659025787965,0.5954802259887005
cplfw,0.4629070613395288,0.0005730659025787965,0.596045197740113
cplfw,0.46271946075815135,0.0005730659025787965,0.5966101694915255
cplfw,0.46211521040920905,0.0005730659025787965,0.5971751412429378
cplfw,0.4619326809941225,0.0005730659025787965,0.5977401129943503
cplfw,0.4615643734730201,0.0005730659025787965,0.5983050847457627
cplfw,0.46124615543471204,0.0005730659025787965,0.5988700564971752
cplfw,0.46077557755483517,0.0005730659025787965,0.5994350282485875
cplfw,0.4606938464819974,0.0005730659025787965,0.6
cplfw,0.4605192004359513,0.0005730659025787965,0.6005649717514124
cplfw,0.4603563013877073,0.0005730659025787965,0.6011299435028249
cplfw,0.46022266079121654,0.001146131805157593,0.6011299435028249
cplfw,0.4602057928876163,0.001146131805157593,0.6016949152542372
cplfw,0.45972005640475533,0.001146131805157593,0.6022598870056497
cplfw,0.45971889798517995,0.001146131805157593,0.6028248587570622
cplfw,0.45966353834136886,0.001146131805157593,0.6033898305084746
cplfw,0.4595520231020429,0.001146131805157593,0.603954802259887
cplfw,0.45944631827897536,0.001146131805157593,0.6045197740112994
cplfw,0.4593226833038122,0.001146131805157593,0.6050847457627119
cplfw,0.4592642453727965,0.001146131805157593,0.6056497175141243
cplfw,0.4589353182716662,0.001146131805157593,0.6062146892655367
cplfw,0.45892891936209457,0.001146131805157593,0.6067796610169491
cplfw,0.45891256286081905,0.001146131805157593,0.6073446327683616
cplfw,0.45828983607226403,0.001146131805157593,0.607909604519774
cplfw,0.4579223329089572,0.001146131805157593,0.6084745762711864
cplfw,0.45766179204277757,0.001146131805157593,0.6090395480225989
cplfw,0.4576530603233726,0.001146131805157593,0.6096045197740113
cplfw,0.4575376239210034,0.001146131805157593,0.6101694915254238
cplfw,0.4574326533403379,0.001146131805157593,0.6107344632768361
cplfw,0.4572141702181461,0.001146131805157593,0.6112994350282486
cplfw,0.45702450187036586,0.001146131805157593,0.611864406779661
cplfw,0.4567583546227898,0.001146131805157593,0.6124293785310735
cplfw,0.45643458041558194,0.001146131805157593,0.6129943502824858
cplfw,0.45626508289530054,0.001146131805157593,0.6135593220338983
cplfw,0.45606990172150036,0.001146131805157593,0.6141242937853107
cplfw,0.4559325716544674,0.001146131805157593,0.6146892655367232
cplfw,0.45578227303287844,0.001146131805157593,0.6152542372881356
cplfw,0.4557596494266583,0.001146131805157593,0.615819209039548
cplfw,0.4555335708745066,0.001146131805157593,0.6163841807909605
cplfw,0.45536350332954495,0.001146131805157593,0.6169491525423729
cplfw,0.4553622510335446,0.001146131805157593,0.6175141242937853
cplfw,0.45490996541732914,0.0017191977077363897,0.6175141242937853
cplfw,0.45489718245589383,0.0017191977077363897,0.6180790960451977
cplfw,0.45488660443215284,0.0017191977077363897,0.6186440677966102
cplfw,0.45467147453130496,0.0017191977077363897,0.6192090395480226
cplfw,0.4543906561843138,0.0017191977077363897,0.619774011299435
cplfw,0.4541466077574206,0.0017191977077363897,0.6203389830508474
cplfw,0.45406986603133126,0.0017191977077363897,0.6209039548022599
cplfw,0.45368177139292387,0.002292263610315186,0.6209039548022599
cplfw,0.45353808135016316,0.002292263610315186,0.6214689265536724
cplfw,0.4532834886690246,0.002292263610315186,0.6220338983050847
cplfw,0.45312545323845316,0.002292263610315186,0.6225988700564972
cplfw,0.45305192089207325,0.002292263610315186,0.6231638418079096
cplfw,0.4528858538674905,0.002292263610315186,0.6237288135593221
cplfw,0.4528678569200962,0.002292263610315186,0.6242937853107344
cplfw,0.4528617958195126,0.002292263610315186,0.6248587570621469
cplfw,0.45277570498972086,0.002292263610315186,0.6254237288135593
cplfw,0.4527582317760368,0.002292263610315186,0.6259887005649718
cplfw,0.45273881733588217,0.002292263610315186,0.6265536723163841
cplfw,0.4527166345147119,0.002292263610315186,0.6271186440677966
cplfw,0.45262619518098707,0.002292263610315186,0.6276836158192091
cplfw,0.4522562325229227,0.002292263610315186,0.6282485875706215
cplfw,0.45223243240137434,0.002292263610315186,0.6288135593220339
cplfw,0.45203066405284525,0.002292263610315186,0.6293785310734463
cplfw,0.451978313335335,0.002292263610315186,0.6299435028248588
cplfw,0.45146299643941756,0.002292263610315186,0.6305084745762712
cplfw,0.4513612257064293,0.002292263610315186,0.6310734463276836
cplfw,0.45129806965796965,0.002292263610315186,0.631638418079096
cplfw,0.45070704626444313,0.002292263610315186,0.6322033898305085
cplfw,0.4504494385946192,0.002292263610315186,0.632768361581921
cplfw,0.45040511357153046,0.002292263610315186,0.6333333333333333
cplfw,0.45033708824717655,0.002292263610315186,0.6338983050847458
cplfw,0.4502775297982081,0.002292263610315186,0.6344632768361582
cplfw,0.45001563655651095,0.002292263610315186,0.6350282485875707
cplfw,0.4499271279545106,0.002292263610315186,0.635593220338983
cplfw,0.4494925466607853,0.002292263610315186,0.6361581920903955
cplfw,0.4494080733942551,0.002292263610315186,0.6367231638418079
cplfw,0.4493498719582235,0.002292263610315186,0.6372881355932203
cplfw,0.4489967370323203,0.002292263610315186,0.6378531073446327
cplfw,0.4489497336324705,0.002292263610315186,0.6384180790960452
cplfw,0.4487827521155303,0.002292263610315186,0.6389830508474577
cplfw,0.4487519832955179,0.002292263610315186,0.63954802259887
cplfw,0.44853469063062856,0.002292263610315186,0.6401129943502825
cplfw,0.4484768986264834,0.002292263610315186,0.6406779661016949
cplfw,0.44784234404141915,0.002292263610315186,0.6412429378531074
cplfw,0.4478067708330934,0.002292263610315186,0.6418079096045197
cplfw,0.44759988937897743,0.002292263610315186,0.6423728813559322
cplfw,0.4475588545049941,0.002292263610315186,0.6429378531073446
cplfw,0.4475541977295014,0.0028653295128939827,0.6429378531073446
cplfw,0.4475141253954874,0.0028653295128939827,0.6435028248587571
cplfw,0.4474572681686233,0.0028653295128939827,0.6440677966101694
cplfw,0.4474211425440725,0.0028653295128939827,0.6446327683615819
cplfw,0.44731279714097383,0.0028653295128939827,0.6451977401129944
cplfw,0.447291582836333,0.0028653295128939827,0.6457627118644068
cplfw,0.4471157989107101,0.0028653295128939827,0.6463276836158192
cplfw,0.4469985406911611,0.0028653295128939827,0.6468926553672316
cplfw,0.4465539839176458,0.0028653295128939827,0.6474576271186441
cplfw,0.44631952872429154,0.0028653295128939827,0.6480225988700565
cplfw,0.446184927983027,0.0028653295128939827,0.6485875706214689
cplfw,0.4460792250036665,0.0028653295128939827,0.6491525423728813
cplfw,0.4459820274792101,0.0028653295128939827,0.6497175141242938
cplfw,0.4459696310609681,0.0028653295128939827,0.6502824858757063
cplfw,0.44573275112718624,0.0028653295128939827,0.6508474576271186
cplfw,0.4457293211003396,0.0028653295128939827,0.651412429378531
cplfw,0.44526448301277,0.0028653295128939827,0.6519774011299435
cplfw,0.4449961493868584,0.0028653295128939827,0.652542372881356
cplfw,0.44460337259566507,0.0028653295128939827,0.6531073446327683
cplfw,0.44459010490999623,0.0028653295128939827,0.6536723163841808
cplfw,0.4445544105847244,0.0028653295128939827,0.6542372881355932
cplfw,0.44432264873831995,0.0028653295128939827,0.6548022598870057
cplfw,0.44374215909070325,0.0028653295128939827,0.655367231638418
cplfw,0.44373009643745287,0.0028653295128939827,0.6559322033898305
cplfw,0.44363363296096014,0.0028653295128939827,0.656497175141243
cplfw,0.44343758023263585,0.0028653295128939827,0.6570621468926554
cplfw,0.4432996472800659,0.0028653295128939827,0.6576271186440678
cplfw,0.4431889549512444,0.0028653295128939827,0.6581920903954802
cplfw,0.44289642165687115,0.0028653295128939827,0.6587570621468927
cplfw,0.4428391065302582,0.0028653295128939827,0.6593220338983051
cplfw,0.4423143935518027,0.0028653295128939827,0.6598870056497175
cplfw,0.44206616595907544,0.0028653295128939827,0.6604519774011299
cplfw,0.44200895073113133,0.0028653295128939827,0.6610169491525424
cplfw,0.4417964262752344,0.0028653295128939827,0.6615819209039548
cplfw,0.44112761499014264,0.0028653295128939827,0.6621468926553672
cplfw,0.44110411982169373,0.0028653295128939827,0.6627118644067796
cplfw,0.4411026570125952,0.0028653295128939827,0.6632768361581921
cplfw,0.4409492685085175,0.0028653295128939827,0.6638418079096046
cplfw,0.4405867401599769,0.0028653295128939827,0.6644067796610169
cplfw,0.44036308834690535,0.0028653295128939827,0.6649717514124294
cplfw,0.44034376477763987,0.0028653295128939827,0.6655367231638418
cplfw,0.4399587413918421,0.0028653295128939827,0.6661016949152543
cplfw,0.43980183820413554,0.0028653295128939827,0.6666666666666666
cplfw,0.43979402187465216,0.0028653295128939827,0.6672316384180791
cplfw,0.4397467500020772,0.0028653295128939827,0.6677966101694915
cplfw,0.4394129177733732,0.0028653295128939827,0.668361581920904
cplfw,0.4388136837324431,0.0028653295128939827,0.6689265536723163
cplfw,0.4387950680266052,0.0028653295128939827,0.6694915254237288
cplfw,0.438650565082183,0.0028653295128939827,0.6700564971751413
cplfw,0.4385854382727654,0.0028653295128939827,0.6706214689265537
cplfw,0.4385213330124767,0.0028653295128939827,0.6711864406779661
cplfw,0.43847921631363973,0.0028653295128939827,0.6717514124293785
cplfw,0.43820453067966625,0.0028653295128939827,0.672316384180791
cplfw,0.43770140257134765,0.0028653295128939827,0.6728813559322034
cplfw,0.43767112602444325,0.0028653295128939827,0.6734463276836158
cplfw,0.4372587354569241,0.0028653295128939827,0.6740112994350282
cplfw,0.4371133672424331,0.0028653295128939827,0.6745762711864407
cplfw,0.4370557052603544,0.0028653295128939827,0.6751412429378532
cplfw,0.4358397944534365,0.0028653295128939827,0.6757062146892655
cplfw,0.4358059663310596,0.0028653295128939827,0.676271186440678
cplfw,0.43561920091049616,0.0028653295128939827,0.6768361581920904
cplfw,0.43552577233933726,0.0034383954154727794,0.6768361581920904
cplfw,0.43519432833391575,0.0034383954154727794,0.6774011299435029
cplfw,0.434992656370926,0.0034383954154727794,0.6779661016949152
cplfw,0.4349241942903951,0.0034383954154727794,0.6785310734463277
cplfw,0.43377195532270163,0.0034383954154727794,0.6790960451977401
cplfw,0.4336206383990495,0.0034383954154727794,0.6796610169491526
cplfw,0.43360547057100846,0.0034383954154727794,0.6802259887005649
cplfw,0.43347221077625797,0.0034383954154727794,0.6807909604519774
cplfw,0.433321696626073,0.0034383954154727794,0.6813559322033899
cplfw,0.43313210220811466,0.0034383954154727794,0.6819209039548022
cplfw,0.4324718790608014,0.0034383954154727794,0.6824858757062147
cplfw,0.43245557319317246,0.0034383954154727794,0.6830508474576271
cplfw,0.43215100554599917,0.0034383954154727794,0.6836158192090396
cplfw,0.4321344371150907,0.0034383954154727794,0.6841807909604519
cplfw,0.4321273729612551,0.0034383954154727794,0.6847457627118644
cplfw,0.43202890478557215,0.0034383954154727794,0.6853107344632768
cplfw,0.43199063311896574,0.0034383954154727794,0.6858757062146893
cplfw,0.4317634627492347,0.0034383954154727794,0.6864406779661016
cplfw,0.4315824247083785,0.0034383954154727794,0.6870056497175141
cplfw,0.4315617240155755,0.0034383954154727794,0.6875706214689266
cplfw,0.43147463184590207,0.0034383954154727794,0.688135593220339
cplfw,0.4305513851321319,0.0034383954154727794,0.6887005649717514
cplfw,0.4298568084404599,0.0034383954154727794,0.6892655367231638
cplfw,0.42973944607575343,0.0034383954154727794,0.6898305084745763
cplfw,0.42952482614320237,0.0034383954154727794,0.6903954802259887
cplfw,0.428746308461003,0.0034383954154727794,0.6909604519774011
cplfw,0.4283442281703259,0.0034383954154727794,0.6915254237288135
cplfw,0.42770142699390473,0.0034383954154727794,0.692090395480226
cplfw,0.4276670543915324,0.0034383954154727794,0.6926553672316385
cplfw,0.4276103013741626,0.0034383954154727794,0.6932203389830508
cplfw,0.4275633541005911,0.0034383954154727794,0.6937853107344633
cplfw,0.42717388494075553,0.0034383954154727794,0.6943502824858757
cplfw,0.42706325802944933,0.0034383954154727794,0.6949152542372882
cplfw,0.426918331823568,0.0034383954154727794,0.6954802259887005
cplfw,0.42661852366897624,0.0034383954154727794,0.696045197740113
cplfw,0.42652014257106124,0.0034383954154727794,0.6966101694915254
cplfw,0.4263497093241448,0.0034383954154727794,0.6971751412429379
cplfw,0.4262284582405954,0.0040114613180515755,0.6971751412429379
cplfw,0.4259936496119114,0.0040114613180515755,0.6977401129943502
cplfw,0.42539027882319996,0.004584527220630372,0.6977401129943502
cplfw,0.42527951335271696,0.004584527220630372,0.6983050847457627
cplfw,0.42520270186824444,0.004584527220630372,0.6988700564971752
cplfw,0.42513082929692375,0.004584527220630372,0.6994350282485876
cplfw,0.4250738857246605,0.004584527220630372,0.7
cplfw,0.42502816400459353,0.004584527220630372,0.7005649717514124
cplfw,0.42476592968805577,0.004584527220630372,0.7011299435028249
cplfw,0.4247094705162908,0.004584527220630372,0.7016949152542373
cplfw,0.42444446569938704,0.004584527220630372,0.7022598870056497
cplfw,0.42412982523716614,0.004584527220630372,0.7028248587570621
cplfw,0.4238958368806424,0.004584527220630372,0.7033898305084746
cplfw,0.423755869892449,0.004584527220630372,0.703954802259887
cplfw,0.4234758102718581,0.004584527220630372,0.7045197740112994
cplfw,0.4234253504310149,0.004584527220630372,0.7050847457627119
cplfw,0.42308105964561693,0.004584527220630372,0.7056497175141243
cplfw,0.4229320188011651,0.004584527220630372,0.7062146892655368
cplfw,0.42279242507121995,0.004584527220630372,0.7067796610169491
cplfw,0.42279147624230895,0.004584527220630372,0.7073446327683616
cplfw,0.4226441025049674,0.004584527220630372,0.707909604519774
cplfw,0.42255741809052855,0.004584527220630372,0.7084745762711865
cplfw,0.42255150792530716,0.004584527220630372,0.7090395480225988
cplfw,0.42247614997467287,0.004584527220630372,0.7096045197740113
cplfw,0.4224052102278997,0.004584527220630372,0.7101694915254237
cplfw,0.42212035963792616,0.004584527220630372,0.7107344632768362
cplfw,0.4219921633946073,0.004584527220630372,0.7112994350282486
cplfw,0.4216787194262458,0.004584527220630372,0.711864406779661
cplfw,0.4210837041293519,0.004584527220630372,0.7124293785310735
cplfw,0.42088935045265036,0.004584527220630372,0.7129943502824859
cplfw,0.42069895253186806,0.004584527220630372,0.7135593220338983
cplfw,0.4205198563896414,0.004584527220630372,0.7141242937853107
cplfw,0.42031155382537794,0.004584527220630372,0.7146892655367232
cplfw,0.4199677928353913,0.004584527220630372,0.7152542372881356
cplfw,0.41967575434153975,0.004584527220630372,0.715819209039548
cplfw,0.41945445979325346,0.004584527220630372,0.7163841807909604
cplfw,0.4193700331769077,0.004584527220630372,0.7169491525423729
cplfw,0.41925844800095335,0.004584527220630372,0.7175141242937854
cplfw,0.41910785197471867,0.004584527220630372,0.7180790960451977
cplfw,0.41845829886480856,0.004584527220630372,0.7186440677966102
cplfw,0.418345832708815,0.004584527220630372,0.7192090395480226
cplfw,0.41814578828407345,0.004584527220630372,0.7197740112994351
cplfw,0.41730312118185675,0.004584527220630372,0.7203389830508474
cplfw,0.4170094950473371,0.004584527220630372,0.7209039548022599
cplfw,0.41676099471688277,0.004584527220630372,0.7214689265536723
cplfw,0.4163140914032047,0.004584527220630372,0.7220338983050848
cplfw,0.41607566238027477,0.004584527220630372,0.7225988700564971
cplfw,0.41607317318997594,0.004584527220630372,0.7231638418079096
cplfw,0.41598262649044687,0.004584527220630372,0.7237288135593221
cplfw,0.41598133972232876,0.004584527220630372,0.7242937853107345
cplfw,0.4146050310136411,0.004584527220630372,0.7248587570621469
cplfw,0.41418650840640103,0.004584527220630372,0.7254237288135593
cplfw,0.4137726380976535,0.004584527220630372,0.7259887005649718
cplfw,0.41337239269684084,0.004584527220630372,0.7265536723163842
cplfw,0.41289966921058713,0.004584527220630372,0.7271186440677966
cplfw,0.41284780562222656,0.004584527220630372,0.727683615819209
cplfw,0.41278350801738173,0.004584527220630372,0.7282485875706215
cplfw,0.4125615589994578,0.004584527220630372,0.7288135593220338
cplfw,0.4124892995973811,0.004584527220630372,0.7293785310734463
cplfw,0.41243442077413656,0.004584527220630372,0.7299435028248588
cplfw,0.4121700670137925,0.004584527220630372,0.7305084745762712
cplfw,0.41194700061004974,0.004584527220630372,0.7310734463276836
cplfw,0.4117952878782684,0.004584527220630372,0.731638418079096
cplfw,0.41148210835238375,0.004584527220630372,0.7322033898305085
cplfw,0.4113766968557648,0.004584527220630372,0.7327683615819209
cplfw,0.4113508463272625,0.005157593123209169,0.7327683615819209
cplfw,0.4112571978595389,0.005157593123209169,0.7333333333333333
cplfw,0.411239320615773,0.005157593123209169,0.7338983050847457
cplfw,0.41103922418333644,0.005157593123209169,0.7344632768361582
cplfw,0.4109986263304593,0.005157593123209169,0.7350282485875707
cplfw,0.4108367568460871,0.005157593123209169,0.735593220338983
cplfw,0.4107759437966044,0.005157593123209169,0.7361581920903955
cplfw,0.41064947114951056,0.005157593123209169,0.7367231638418079
cplfw,0.4101267634962378,0.0057306590257879654,0.7367231638418079
cplfw,0.40992965938702614,0.0057306590257879654,0.7372881355932204
cplfw,0.4094147998410758,0.0057306590257879654,0.7378531073446327
cplfw,0.40923647482975156,0.006303724928366762,0.7378531073446327
cplfw,0.4091289269708021,0.006303724928366762,0.7384180790960452
cplfw,0.40881904934946456,0.006303724928366762,0.7389830508474576
cplfw,0.4085399705854177,0.006303724928366762,0.7395480225988701
cplfw,0.4083925563585177,0.006303724928366762,0.7401129943502824
cplfw,0.4083755791918959,0.006876790830945559,0.7401129943502824
cplfw,0.40794469799063265,0.006876790830945559,0.7406779661016949
cplfw,0.40739790549698185,0.006876790830945559,0.7412429378531074
cplfw,0.40715529739412365,0.006876790830945559,0.7418079096045198
cplfw,0.40714912431743144,0.006876790830945559,0.7423728813559322
cplfw,0.406632470496173,0.006876790830945559,0.7429378531073446
cplfw,0.40657277555580573,0.006876790830945559,0.7435028248587571
cplfw,0.40647398659519585,0.006876790830945559,0.7440677966101695
cplfw,0.40631579200105156,0.006876790830945559,0.7446327683615819
cplfw,0.4058875510793757,0.007449856733524355,0.7446327683615819
cplfw,0.40580177240629123,0.007449856733524355,0.7451977401129943
cplfw,0.40574192389748565,0.007449856733524355,0.7457627118644068
cplfw,0.40571052507849875,0.007449856733524355,0.7463276836158192
cplfw,0.4055412826198274,0.008022922636103151,0.7463276836158192
cplfw,0.4054579174295845,0.008022922636103151,0.7468926553672316
cplfw,0.40527587096297,0.008022922636103151,0.747457627118644
cplfw,0.40496579050057147,0.008022922636103151,0.7480225988700565
cplfw,0.40488970605326235,0.008022922636103151,0.748587570621469
cplfw,0.4046950120839651,0.008022922636103151,0.7491525423728813
cplfw,0.4046496241322066,0.008022922636103151,0.7497175141242938
cplfw,0.40461001999309404,0.008022922636103151,0.7502824858757062
cplfw,0.404558081417771,0.008022922636103151,0.7508474576271187
cplfw,0.4041818465403752,0.008022922636103151,0.751412429378531
cplfw,0.403709836859541,0.008022922636103151,0.7519774011299435
cplfw,0.4035503188391258,0.008022922636103151,0.752542372881356
cplfw,0.4035101774154001,0.008022922636103151,0.7531073446327684
cplfw,0.40312164410518136,0.008595988538681949,0.7531073446327684
cplfw,0.4028954931414563,0.008595988538681949,0.7536723163841808
cplfw,0.40223101502871816,0.009169054441260744,0.7536723163841808
cplfw,0.4021188883009476,0.009169054441260744,0.7542372881355932
cplfw,0.40180409316283794,0.009169054441260744,0.7548022598870057
cplfw,0.40178832203053744,0.009169054441260744,0.7553672316384181
cplfw,0.40147603865219955,0.009742120343839542,0.7553672316384181
cplfw,0.4010845044201573,0.009742120343839542,0.7559322033898305
cplfw,0.4009722612334108,0.009742120343839542,0.7564971751412429
cplfw,0.4008289275599945,0.010315186246418338,0.7564971751412429
cplfw,0.40077543768206597,0.010315186246418338,0.7570621468926554
cplfw,0.40057206190295214,0.010315186246418338,0.7576271186440678
cplfw,0.400141147067071,0.010315186246418338,0.7581920903954802
cplfw,0.4000855714879586,0.010315186246418338,0.7587570621468926
cplfw,0.3998608018481147,0.010315186246418338,0.7593220338983051
cplfw,0.39984770263046043,0.010315186246418338,0.7598870056497176
cplfw,0.39968248291340386,0.010315186246418338,0.7604519774011299
cplfw,0.3990604994611763,0.010315186246418338,0.7610169491525424
cplfw,0.39898317723953947,0.010315186246418338,0.7615819209039548
cplfw,0.39885073560422496,0.010315186246418338,0.7621468926553673
cplfw,0.398654742871675,0.010315186246418338,0.7627118644067796
cplfw,0.39862178704321305,0.010315186246418338,0.7632768361581921
cplfw,0.3985803370463288,0.010315186246418338,0.7638418079096045
cplfw,0.398390243049617,0.010315186246418338,0.764406779661017
cplfw,0.398055001931043,0.010315186246418338,0.7649717514124293
cplfw,0.39786058635299515,0.010315186246418338,0.7655367231638418
cplfw,0.3974221292551813,0.010315186246418338,0.7661016949152543
cplfw,0.3969628027375331,0.010315186246418338,0.7666666666666667
cplfw,0.39671804852123044,0.010888252148997135,0.7666666666666667
cplfw,0.396614056235996,0.010888252148997135,0.7672316384180791
cplfw,0.3965121097686025,0.010888252148997135,0.7677966101694915
cplfw,0.39617768834734307,0.010888252148997135,0.768361581920904
cplfw,0.39599352116979303,0.010888252148997135,0.7689265536723164
cplfw,0.39570855550398826,0.010888252148997135,0.7694915254237288
cplfw,0.3954731680218351,0.010888252148997135,0.7700564971751412
cplfw,0.3951088177566823,0.010888252148997135,0.7706214689265537
cplfw,0.3947609098870444,0.010888252148997135,0.7711864406779662
cplfw,0.3947363387448968,0.010888252148997135,0.7717514124293785
cplfw,0.39468987169533065,0.010888252148997135,0.772316384180791
cplfw,0.39446905850194625,0.010888252148997135,0.7728813559322034
cplfw,0.3936673394347821,0.010888252148997135,0.7734463276836158
cplfw,0.3934498867771204,0.011461318051575931,0.7734463276836158
cplfw,0.3933215219408582,0.011461318051575931,0.7740112994350282
cplfw,0.393144344705485,0.011461318051575931,0.7745762711864407
cplfw,0.39304795035745543,0.011461318051575931,0.7751412429378531
cplfw,0.39303101359465764,0.011461318051575931,0.7757062146892655
cplfw,0.3926418109893223,0.011461318051575931,0.7762711864406779
cplfw,0.3926209942315489,0.011461318051575931,0.7768361581920904
cplfw,0.39145178628529476,0.011461318051575931,0.7774011299435029
cplfw,0.3910636824942704,0.011461318051575931,0.7779661016949152
cplfw,0.39093242170572784,0.011461318051575931,0.7785310734463277
cplfw,0.39088875489230773,0.011461318051575931,0.7790960451977401
cplfw,0.3906200322758191,0.011461318051575931,0.7796610169491526
cplfw,0.3905445963204072,0.011461318051575931,0.7802259887005649
cplfw,0.39023097742649704,0.011461318051575931,0.7807909604519774
cplfw,0.3897280668324894,0.011461318051575931,0.7813559322033898
cplfw,0.38950529266912154,0.011461318051575931,0.7819209039548023
cplfw,0.38925156641948394,0.011461318051575931,0.7824858757062146
cplfw,0.3890851069664883,0.011461318051575931,0.7830508474576271
cplfw,0.3890387658616892,0.011461318051575931,0.7836158192090396
cplfw,0.38866106110591364,0.011461318051575931,0.784180790960452
cplfw,0.3878526283553864,0.011461318051575931,0.7847457627118644
cplfw,0.38768024984220495,0.011461318051575931,0.7853107344632768
cplfw,0.38756491249706426,0.011461318051575931,0.7858757062146893
cplfw,0.3870618082368527,0.011461318051575931,0.7864406779661017
cplfw,0.38650491179227764,0.011461318051575931,0.7870056497175141
cplfw,0.38625682216114593,0.011461318051575931,0.7875706214689265
cplfw,0.3858894819405406,0.011461318051575931,0.788135593220339
cplfw,0.38580702725618815,0.011461318051575931,0.7887005649717514
cplfw,0.3857593136144062,0.011461318051575931,0.7892655367231638
cplfw,0.38569553946942003,0.011461318051575931,0.7898305084745763
cplfw,0.3856834567862716,0.011461318051575931,0.7903954802259887
cplfw,0.3855071324988665,0.011461318051575931,0.7909604519774012
cplfw,0.38539647841278485,0.011461318051575931,0.7915254237288135
cplfw,0.38368612520766565,0.011461318051575931,0.792090395480226
cplfw,0.38359407848630894,0.011461318051575931,0.7926553672316384
cplfw,0.3834618604527691,0.011461318051575931,0.7932203389830509
cplfw,0.3833783644962925,0.011461318051575931,0.7937853107344632
cplfw,0.3831873136894902,0.011461318051575931,0.7943502824858757
cplfw,0.3826156202652248,0.011461318051575931,0.7949152542372881
cplfw,0.3825130711947394,0.011461318051575931,0.7954802259887006
cplfw,0.3822326486214609,0.011461318051575931,0.796045197740113
cplfw,0.3822110200551524,0.011461318051575931,0.7966101694915254
cplfw,0.3820932357473693,0.011461318051575931,0.7971751412429379
cplfw,0.3819971506081441,0.011461318051575931,0.7977401129943503
cplfw,0.38199317322104176,0.011461318051575931,0.7983050847457627
cplfw,0.3815375188499071,0.011461318051575931,0.7988700564971751
cplfw,0.38141239265274995,0.011461318051575931,0.7994350282485876
cplfw,0.3809314410453946,0.012034383954154728,0.7994350282485876
cplfw,0.3808916937254414,0.012034383954154728,0.8
cplfw,0.3802892258935695,0.012034383954154728,0.8005649717514124
cplfw,0.3802495509550834,0.012034383954154728,0.8011299435028248
cplfw,0.3799549751642729,0.012034383954154728,0.8016949152542373
cplfw,0.37949989379073124,0.012034383954154728,0.8022598870056498
cplfw,0.3789960655995488,0.012034383954154728,0.8028248587570621
cplfw,0.37890582367696346,0.012034383954154728,0.8033898305084746
cplfw,0.3787704318823199,0.012034383954154728,0.803954802259887
cplfw,0.37778509004870353,0.012034383954154728,0.8045197740112995
cplfw,0.37751915107652795,0.012607449856733524,0.8045197740112995
cplfw,0.37749956418957725,0.012607449856733524,0.8050847457627118
cplfw,0.3770258584170624,0.012607449856733524,0.8056497175141243
cplfw,0.3769917787103357,0.012607449856733524,0.8062146892655367
cplfw,0.3768053257929577,0.012607449856733524,0.8067796610169492
cplfw,0.3765847656878875,0.013180515759312322,0.8067796610169492
cplfw,0.3758058856776223,0.013180515759312322,0.8073446327683615
cplfw,0.3756161366869959,0.013180515759312322,0.807909604519774
cplfw,0.37550787730982393,0.013180515759312322,0.8084745762711865
cplfw,0.3752851608894586,0.013180515759312322,0.8090395480225989
cplfw,0.3744089252457409,0.013753581661891117,0.8090395480225989
cplfw,0.3741179670775586,0.013753581661891117,0.8096045197740113
cplfw,0.37410662362535674,0.013753581661891117,0.8101694915254237
cplfw,0.3738412034753857,0.013753581661891117,0.8107344632768362
cplfw,0.37329820354583165,0.014326647564469915,0.8107344632768362
cplfw,0.3731727763407909,0.014326647564469915,0.8112994350282486
cplfw,0.3730450878405026,0.014326647564469915,0.811864406779661
cplfw,0.37266895102360315,0.014326647564469915,0.8124293785310734
cplfw,0.37205920683959565,0.014326647564469915,0.8129943502824859
cplfw,0.37148040151892325,0.01489971346704871,0.8129943502824859
cplfw,0.3714594558919751,0.015472779369627506,0.8129943502824859
cplfw,0.3713106756305499,0.015472779369627506,0.8135593220338984
cplfw,0.37054084739777354,0.015472779369627506,0.8141242937853107
cplfw,0.3705014557631292,0.015472779369627506,0.8146892655367232
cplfw,0.3703787946246925,0.015472779369627506,0.8152542372881356
cplfw,0.3698661592344707,0.016045845272206302,0.8152542372881356
cplfw,0.3696252158263937,0.016045845272206302,0.8158192090395481
cplfw,0.3694266818629072,0.0166189111747851,0.8158192090395481
cplfw,0.3690525897069982,0.0166189111747851,0.8163841807909604
cplfw,0.36893975116160466,0.0166189111747851,0.8169491525423729
cplfw,0.36876229557758256,0.0166189111747851,0.8175141242937853
cplfw,0.3687257800635194,0.017191977077363897,0.8175141242937853
cplfw,0.3686985470872044,0.017191977077363897,0.8180790960451978
cplfw,0.3686011865770966,0.017191977077363897,0.8186440677966101
cplfw,0.36837417077523943,0.017191977077363897,0.8192090395480226
cplfw,0.3683521689293796,0.017191977077363897,0.8197740112994351
cplfw,0.3673827653189014,0.017191977077363897,0.8203389830508474
cplfw,0.36694880987553985,0.017191977077363897,0.8209039548022599
cplfw,0.36681310325873606,0.017191977077363897,0.8214689265536723
cplfw,0.3656619507168737,0.017765042979942695,0.8214689265536723
cplfw,0.36552817168605745,0.017765042979942695,0.8220338983050848
cplfw,0.36545007452916367,0.017765042979942695,0.8225988700564971
cplfw,0.3651061605896732,0.017765042979942695,0.8231638418079096
cplfw,0.36443169289033317,0.017765042979942695,0.823728813559322
cplfw,0.36432993292120797,0.017765042979942695,0.8242937853107345
cplfw,0.36429503955114306,0.01833810888252149,0.8242937853107345
cplfw,0.3641636862333545,0.018911174785100286,0.8242937853107345
cplfw,0.36401568228967707,0.018911174785100286,0.8248587570621468
cplfw,0.3635002342479574,0.019484240687679084,0.8248587570621468
cplfw,0.3630620283350055,0.019484240687679084,0.8254237288135593
cplfw,0.36228638630400545,0.019484240687679084,0.8259887005649718
cplfw,0.3620459292125225,0.019484240687679084,0.8265536723163842
cplfw,0.3618425059451045,0.02005730659025788,0.8265536723163842
cplfw,0.3606704729329213,0.020630372492836675,0.8265536723163842
cplfw,0.3594984059583791,0.021203438395415473,0.8265536723163842
cplfw,0.3594155325707366,0.021203438395415473,0.8271186440677966
cplfw,0.3593830690905658,0.021203438395415473,0.827683615819209
cplfw,0.35837860210088757,0.021203438395415473,0.8282485875706215
cplfw,0.3581974407627057,0.021203438395415473,0.8288135593220339
cplfw,0.3577403226879199,0.02177650429799427,0.8288135593220339
cplfw,0.35722849484568664,0.02177650429799427,0.8293785310734463
cplfw,0.35712924806512397,0.02177650429799427,0.8299435028248587
cplfw,0.3569264948324218,0.02177650429799427,0.8305084745762712
cplfw,0.35684225968862654,0.02177650429799427,0.8310734463276837
cplfw,0.35666051026301493,0.02177650429799427,0.831638418079096
cplfw,0.35596036727320635,0.022349570200573064,0.831638418079096
cplfw,0.35592305834854115,0.022349570200573064,0.8322033898305085
cplfw,0.3557896474793652,0.022922636103151862,0.8322033898305085
cplfw,0.3555319605486158,0.022922636103151862,0.8327683615819209
cplfw,0.35543358186241064,0.02349570200573066,0.8327683615819209
cplfw,0.35541998988900564,0.024068767908309457,0.8327683615819209
cplfw,0.35534814158635636,0.024068767908309457,0.8333333333333334
cplfw,0.35526904798145437,0.024068767908309457,0.8338983050847457
cplfw,0.35470162848562153,0.024068767908309457,0.8344632768361582
cplfw,0.35451964894383525,0.024068767908309457,0.8350282485875706
cplfw,0.35437029428055217,0.024068767908309457,0.8355932203389831
cplfw,0.3543285291599157,0.024068767908309457,0.8361581920903954
cplfw,0.3538553958301473,0.024068767908309457,0.8367231638418079
cplfw,0.3536201292372478,0.024068767908309457,0.8372881355932204
cplfw,0.35347129793857074,0.024068767908309457,0.8378531073446328
cplfw,0.3534190573329049,0.024068767908309457,0.8384180790960452
cplfw,0.353120007678394,0.02464183381088825,0.8384180790960452
cplfw,0.3530508403756547,0.02464183381088825,0.8389830508474576
cplfw,0.35293041302777756,0.02521489971346705,0.8389830508474576
cplfw,0.35263872253314005,0.02521489971346705,0.8395480225988701
cplfw,0.35207859130239944,0.025787965616045846,0.8395480225988701
cplfw,0.3520508378492305,0.026361031518624643,0.8395480225988701
cplfw,0.3503447470283971,0.026361031518624643,0.8401129943502825
cplfw,0.3499901647595739,0.026361031518624643,0.8406779661016949
cplfw,0.3497173103765985,0.026361031518624643,0.8412429378531073
cplfw,0.3496931891792669,0.026361031518624643,0.8418079096045198
cplfw,0.34939044111076206,0.026361031518624643,0.8423728813559322
cplfw,0.34928211043258156,0.026361031518624643,0.8429378531073446
cplfw,0.3488171140313151,0.026361031518624643,0.843502824858757
cplfw,0.34839408800207694,0.026361031518624643,0.8440677966101695
cplfw,0.34798799446038947,0.026361031518624643,0.844632768361582
cplfw,0.3476973919337716,0.026361031518624643,0.8451977401129943
cplfw,0.3467860190967276,0.026361031518624643,0.8457627118644068
cplfw,0.34671444328386936,0.026361031518624643,0.8463276836158192
cplfw,0.34633003409026386,0.026934097421203437,0.8463276836158192
cplfw,0.34573393218900084,0.026934097421203437,0.8468926553672317
cplfw,0.345530458713844,0.027507163323782235,0.8468926553672317
cplfw,0.345479188539385,0.028080229226361032,0.8468926553672317
cplfw,0.3454683589597584,0.028080229226361032,0.847457627118644
cplfw,0.34507659185182715,0.028080229226361032,0.8480225988700565
cplfw,0.344844406296767,0.028080229226361032,0.848587570621469
cplfw,0.3447568767792639,0.028080229226361032,0.8491525423728814
cplfw,0.3443856591772478,0.028080229226361032,0.8497175141242937
cplfw,0.3443458258639156,0.02865329512893983,0.8497175141242937
cplfw,0.34382884671096425,0.02865329512893983,0.8502824858757062
cplfw,0.34381187748976283,0.029226361031518624,0.8502824858757062
cplfw,0.343392471464076,0.029226361031518624,0.8508474576271187
cplfw,0.3432426800719548,0.029226361031518624,0.8514124293785311
cplfw,0.3431676247150886,0.029226361031518624,0.8519774011299435
cplfw,0.34300539456288287,0.029226361031518624,0.8525423728813559
cplfw,0.34290444885454596,0.02979942693409742,0.8525423728813559
cplfw,0.3422712390248111,0.02979942693409742,0.8531073446327684
cplfw,0.34199349877498797,0.02979942693409742,0.8536723163841808
cplfw,0.34129917207841187,0.03037249283667622,0.8536723163841808
cplfw,0.3412717751266772,0.030945558739255013,0.8536723163841808
cplfw,0.3409932912627672,0.03151862464183381,0.8536723163841808
cplfw,0.3407448658479285,0.03151862464183381,0.8542372881355932
cplfw,0.3405456570479433,0.032091690544412604,0.8542372881355932
cplfw,0.3405225013533352,0.032091690544412604,0.8548022598870056
cplfw,0.34036054610474864,0.032664756446991405,0.8548022598870056
cplfw,0.3402754405668826,0.0332378223495702,0.8548022598870056
cplfw,0.339625444356558,0.0332378223495702,0.8553672316384181
cplfw,0.3389078792445079,0.033810888252149,0.8553672316384181
cplfw,0.33853744364570104,0.033810888252149,0.8559322033898306
cplfw,0.33834196545595707,0.033810888252149,0.8564971751412429
cplfw,0.33804685264663725,0.033810888252149,0.8570621468926554
cplfw,0.3378625155562347,0.033810888252149,0.8576271186440678
cplfw,0.33773082646505037,0.033810888252149,0.8581920903954803
cplfw,0.3375645988382243,0.033810888252149,0.8587570621468926
cplfw,0.3374964507412179,0.033810888252149,0.8593220338983051
cplfw,0.33744021523421286,0.034383954154727794,0.8593220338983051
cplfw,0.3372652795687919,0.03495702005730659,0.8593220338983051
cplfw,0.3371106495598067,0.03553008595988539,0.8593220338983051
cplfw,0.33672818799675835,0.03553008595988539,0.8598870056497175
cplfw,0.3366442199944809,0.03553008595988539,0.86045197740113
cplfw,0.3364253167466878,0.03610315186246418,0.86045197740113
cplfw,0.3359047160028459,0.03667621776504298,0.86045197740113
cplfw,0.3358079406991456,0.03667621776504298,0.8610169491525423
cplfw,0.33561461237260937,0.03667621776504298,0.8615819209039548
cplfw,0.33546107264773417,0.03724928366762178,0.8615819209039548
cplfw,0.33544797068795545,0.03724928366762178,0.8621468926553673
cplfw,0.33541101105375676,0.03782234957020057,0.8621468926553673
cplfw,0.33530023191482783,0.038395415472779366,0.8621468926553673
cplfw,0.33488780166910376,0.03896848137535817,0.8621468926553673
cplfw,0.33479514861757664,0.03896848137535817,0.8627118644067797
cplfw,0.3345038363685821,0.03954154727793696,0.8627118644067797
cplfw,0.3341857036544983,0.03954154727793696,0.8632768361581921
cplfw,0.3341538656946932,0.04011461318051576,0.8632768361581921
cplfw,0.3338585811412682,0.04011461318051576,0.8638418079096045
cplfw,0.33291043716171065,0.040687679083094556,0.8638418079096045
cplfw,0.3316359530107174,0.040687679083094556,0.864406779661017
cplfw,0.33106467551441054,0.04126074498567335,0.864406779661017
cplfw,0.3309967498546161,0.04183381088825215,0.864406779661017
cplfw,0.3308720627228866,0.04183381088825215,0.8649717514124293
cplfw,0.33081719323079123,0.042406876790830945,0.8649717514124293
cplfw,0.33001172580940563,0.042406876790830945,0.8655367231638418
cplfw,0.3292519776998478,0.042406876790830945,0.8661016949152542
cplfw,0.3283201025579152,0.042406876790830945,0.8666666666666667
cplfw,0.32827738616565066,0.042406876790830945,0.867231638418079
cplfw,0.328238268470807,0.04297994269340974,0.867231638418079
cplfw,0.3280237673797423,0.04355300859598854,0.867231638418079
cplfw,0.32793059542152686,0.04355300859598854,0.8677966101694915
cplfw,0.32785632285199623,0.04355300859598854,0.868361581920904
cplfw,0.3278274538324276,0.04355300859598854,0.8689265536723164
cplfw,0.3277917829629763,0.04355300859598854,0.8694915254237288
cplfw,0.3277294196498998,0.04355300859598854,0.8700564971751412
cplfw,0.32734938831579596,0.044126074498567334,0.8700564971751412
cplfw,0.3269138707638459,0.04469914040114613,0.8700564971751412
cplfw,0.32681923739440577,0.04469914040114613,0.8706214689265537
cplfw,0.32670406965239124,0.04469914040114613,0.8711864406779661
cplfw,0.3266494289678779,0.04469914040114613,0.8717514124293785
cplfw,0.32652626625502823,0.04469914040114613,0.8723163841807909
cplfw,0.3265219172825108,0.04527220630372493,0.8723163841807909
cplfw,0.3261616110016169,0.045845272206303724,0.8723163841807909
cplfw,0.3259520397265164,0.046418338108882524,0.8723163841807909
cplfw,0.3256285537724142,0.04699140401146132,0.8723163841807909
cplfw,0.3249897122793015,0.04699140401146132,0.8728813559322034
cplfw,0.32441412602678665,0.04699140401146132,0.8734463276836159
cplfw,0.3244134459818523,0.04699140401146132,0.8740112994350282
cplfw,0.3239915742195418,0.04756446991404011,0.8740112994350282
cplfw,0.32368202292915416,0.04756446991404011,0.8745762711864407
cplfw,0.32338075678795497,0.048137535816618914,0.8745762711864407
cplfw,0.32276213301556206,0.048137535816618914,0.8751412429378531
cplfw,0.3224708797540069,0.04871060171919771,0.8751412429378531
cplfw,0.3224315079374423,0.04871060171919771,0.8757062146892656
cplfw,0.3223208864019415,0.0492836676217765,0.8757062146892656
cplfw,0.3215062404785278,0.0498567335243553,0.8757062146892656
cplfw,0.3214095645566314,0.0504297994269341,0.8757062146892656
cplfw,0.32136216054802036,0.0504297994269341,0.8762711864406779
cplfw,0.3211820845015104,0.0504297994269341,0.8768361581920904
cplfw,0.32098670615972946,0.05100286532951289,0.8768361581920904
cplfw,0.32027723276510406,0.05157593123209169,0.8768361581920904
cplfw,0.3202520823428273,0.052148997134670486,0.8768361581920904
cplfw,0.3201614950160063,0.05272206303724929,0.8768361581920904
cplfw,0.3200972767385394,0.05272206303724929,0.8774011299435028
cplfw,0.3198294698031427,0.05272206303724929,0.8779661016949153
cplfw,0.31951003113420784,0.05329512893982808,0.8779661016949153
cplfw,0.31949951504260016,0.053868194842406875,0.8779661016949153
cplfw,0.3193235937890465,0.054441260744985676,0.8779661016949153
cplfw,0.3192316226120594,0.05501432664756447,0.8779661016949153
cplfw,0.3191182489120018,0.05501432664756447,0.8785310734463276
cplfw,0.31900518621027407,0.055587392550143264,0.8785310734463276
cplfw,0.31887289349948983,0.055587392550143264,0.8790960451977401
cplfw,0.3187356457675788,0.055587392550143264,0.8796610169491526
cplfw,0.3187089110216459,0.055587392550143264,0.880225988700565
cplfw,0.31858684627372374,0.056160458452722065,0.880225988700565
cplfw,0.3185361994482101,0.05673352435530086,0.880225988700565
cplfw,0.31848166467742195,0.05730659025787966,0.880225988700565
cplfw,0.31833604463574944,0.05730659025787966,0.8807909604519774
cplfw,0.31745239856291857,0.05730659025787966,0.8813559322033898
cplfw,0.31710339337077986,0.057879656160458454,0.8813559322033898
cplfw,0.3166625222481337,0.057879656160458454,0.8819209039548023
cplfw,0.3165835798026907,0.057879656160458454,0.8824858757062147
cplfw,0.3162631047905583,0.057879656160458454,0.8830508474576271
cplfw,0.3160752762303126,0.05845272206303725,0.8830508474576271
cplfw,0.315642156605326,0.05845272206303725,0.8836158192090395
cplfw,0.31494272719400607,0.05845272206303725,0.884180790960452
cplfw,0.31484157199393664,0.05845272206303725,0.8847457627118644
cplfw,0.31446950351661435,0.05845272206303725,0.8853107344632768
cplfw,0.3138723098974877,0.05902578796561605,0.8853107344632768
cplfw,0.31372382630311235,0.05902578796561605,0.8858757062146893
cplfw,0.31369207349262257,0.05959885386819484,0.8858757062146893
cplfw,0.31367039937128116,0.06017191977077364,0.8858757062146893
cplfw,0.31359207812259776,0.06017191977077364,0.8864406779661017
cplfw,0.3133708436360313,0.06017191977077364,0.8870056497175142
cplfw,0.3132218446375996,0.06074498567335244,0.8870056497175142
cplfw,0.31305760065684185,0.06131805157593123,0.8870056497175142
cplfw,0.31289075774020003,0.061891117478510026,0.8870056497175142
cplfw,0.31265358731504167,0.061891117478510026,0.8875706214689265
cplfw,0.31167049584507367,0.06246418338108883,0.8875706214689265
cplfw,0.31048895000750887,0.06303724928366762,0.8875706214689265
cplfw,0.3104288486149409,0.06303724928366762,0.888135593220339
cplfw,0.31024730004988754,0.06303724928366762,0.8887005649717514
cplfw,0.31003279041012294,0.06361031518624642,0.8887005649717514
cplfw,0.30944462992575145,0.06418338108882521,0.8887005649717514
cplfw,0.30940455592555144,0.06475644699140401,0.8887005649717514
cplfw,0.30920653244389507,0.06532951289398281,0.8887005649717514
cplfw,0.30878834460214893,0.06532951289398281,0.8892655367231639
cplfw,0.30869628398140625,0.06532951289398281,0.8898305084745762
cplfw,0.30868076059998,0.0659025787965616,0.8898305084745762
cplfw,0.3086097502864058,0.0659025787965616,0.8903954802259887
cplfw,0.30844130396088204,0.0664756446991404,0.8903954802259887
cplfw,0.3084038100999884,0.0670487106017192,0.8903954802259887
cplfw,0.30833666481154365,0.0670487106017192,0.8909604519774011
cplfw,0.3082239941281134,0.067621776504298,0.8909604519774011
cplfw,0.3081629161417578,0.06819484240687679,0.8909604519774011
cplfw,0.30808344372141266,0.06819484240687679,0.8915254237288136
cplfw,0.30797201745547276,0.06819484240687679,0.892090395480226
cplfw,0.3078373845681724,0.06876790830945559,0.892090395480226
cplfw,0.3077160617397317,0.06876790830945559,0.8926553672316384
cplfw,0.30717970998025945,0.06876790830945559,0.8932203389830509
cplfw,0.30714356793948644,0.06876790830945559,0.8937853107344633
cplfw,0.30712386673324066,0.06876790830945559,0.8943502824858757
cplfw,0.3065651333364598,0.06934097421203439,0.8943502824858757
cplfw,0.30616119526824714,0.06934097421203439,0.8949152542372881
cplfw,0.3060587674476276,0.06991404011461318,0.8949152542372881
cplfw,0.3059630857934025,0.07048710601719198,0.8949152542372881
cplfw,0.3055008353552973,0.07106017191977078,0.8949152542372881
cplfw,0.30547175668931864,0.07163323782234957,0.8949152542372881
cplfw,0.3051075411619689,0.07163323782234957,0.8954802259887006
cplfw,0.3050452691754045,0.07220630372492837,0.8954802259887006
cplfw,0.30501321923673813,0.07277936962750717,0.8954802259887006
cplfw,0.3048661229026873,0.07335243553008595,0.8954802259887006
cplfw,0.30438785823718767,0.07335243553008595,0.896045197740113
cplfw,0.3041587364376696,0.07335243553008595,0.8966101694915254
cplfw,0.3039407291382282,0.07392550143266476,0.8966101694915254
cplfw,0.3037338016886838,0.07449856733524356,0.8966101694915254
cplfw,0.3036526998860971,0.07507163323782234,0.8966101694915254
cplfw,0.3032926073501941,0.07564469914040114,0.8966101694915254
cplfw,0.30316425376187905,0.07621776504297995,0.8966101694915254
cplfw,0.30266947854526915,0.07679083094555873,0.8966101694915254
cplfw,0.30159182259398626,0.07736389684813753,0.8966101694915254
cplfw,0.3010407623796504,0.07793696275071633,0.8966101694915254
cplfw,0.30080952749689954,0.07851002865329514,0.8966101694915254
cplfw,0.30038992904051753,0.07908309455587392,0.8966101694915254
cplfw,0.30028426359760463,0.07965616045845272,0.8966101694915254
cplfw,0.3002762105605067,0.08022922636103152,0.8966101694915254
cplfw,0.30011051176775744,0.08080229226361031,0.8966101694915254
cplfw,0.29993456670108853,0.08080229226361031,0.8971751412429378
cplfw,0.29969645932855976,0.08137535816618911,0.8971751412429378
cplfw,0.29964819942443893,0.08194842406876791,0.8971751412429378
cplfw,0.2996149006141522,0.0825214899713467,0.8971751412429378
cplfw,0.2993011160053928,0.0830945558739255,0.8971751412429378
cplfw,0.29926862470417787,0.0836676217765043,0.8971751412429378
cplfw,0.2988842035227003,0.08424068767908309,0.8971751412429378
cplfw,0.29795868025704725,0.08481375358166189,0.8971751412429378
cplfw,0.297556486440784,0.08538681948424069,0.8971751412429378
cplfw,0.2967910941241339,0.08595988538681948,0.8971751412429378
cplfw,0.29664659141053124,0.08653295128939828,0.8971751412429378
cplfw,0.2966095701973107,0.08710601719197708,0.8971751412429378
cplfw,0.2964740699252102,0.08767908309455587,0.8971751412429378
cplfw,0.29584142063907215,0.08825214899713467,0.8971751412429378
cplfw,0.29577916967365553,0.08882521489971347,0.8971751412429378
cplfw,0.29550429162942715,0.08882521489971347,0.8977401129943503
cplfw,0.29528885108579683,0.08939828080229226,0.8977401129943503
cplfw,0.29518711561950334,0.08997134670487106,0.8977401129943503
cplfw,0.29518486931819476,0.09054441260744986,0.8977401129943503
cplfw,0.29475130059380095,0.09111747851002866,0.8977401129943503
cplfw,0.2947416882224332,0.09169054441260745,0.8977401129943503
cplfw,0.29391732931643366,0.09226361031518625,0.8977401129943503
cplfw,0.29349609462015214,0.09226361031518625,0.8983050847457628
cplfw,0.29335631607043355,0.09226361031518625,0.8988700564971751
cplfw,0.2929063054069408,0.09226361031518625,0.8994350282485876
cplfw,0.292574208355067,0.09226361031518625,0.9
cplfw,0.2922890540640121,0.09226361031518625,0.9005649717514125
cplfw,0.29211829246268384,0.09283667621776505,0.9005649717514125
cplfw,0.29152028571346994,0.09340974212034384,0.9005649717514125
cplfw,0.29147562726913334,0.09340974212034384,0.9011299435028248
cplfw,0.29139710526905455,0.09398280802292264,0.9011299435028248
cplfw,0.291327110333231,0.09455587392550144,0.9011299435028248
cplfw,0.2911575238228391,0.09455587392550144,0.9016949152542373
cplfw,0.29076944439042535,0.09512893982808023,0.9016949152542373
cplfw,0.2897539940312393,0.09570200573065903,0.9016949152542373
cplfw,0.2893591591317404,0.09627507163323783,0.9016949152542373
cplfw,0.28915042196785357,0.09627507163323783,0.9022598870056497
cplfw,0.2891442905516441,0.09684813753581661,0.9022598870056497
cplfw,0.28911688748126896,0.09742120343839542,0.9022598870056497
cplfw,0.28858580938091677,0.09799426934097422,0.9022598870056497
cplfw,0.2884970305988172,0.098567335243553,0.9022598870056497
cplfw,0.2883306362077922,0.098567335243553,0.9028248587570622
cplfw,0.2882077703434386,0.0991404011461318,0.9028248587570622
cplfw,0.2881931381263042,0.0997134670487106,0.9028248587570622
cplfw,0.28810376664175336,0.0997134670487106,0.9033898305084745
cplfw,0.2874370627560248,0.0997134670487106,0.903954802259887
cplfw,0.2862592386751184,0.0997134670487106,0.9045197740112995
cplfw,0.2862188321388564,0.0997134670487106,0.9050847457627119
cplfw,0.2861219019454271,0.10028653295128939,0.9050847457627119
cplfw,0.2859852810332288,0.10028653295128939,0.9056497175141243
cplfw,0.28597166624278636,0.10028653295128939,0.9062146892655367
cplfw,0.2854679191847845,0.10028653295128939,0.9067796610169492
cplfw,0.2852267069443736,0.1008595988538682,0.9067796610169492
cplfw,0.2852205763788991,0.101432664756447,0.9067796610169492
cplfw,0.285094652466069,0.10200573065902578,0.9067796610169492
cplfw,0.284471713029252,0.10200573065902578,0.9073446327683616
cplfw,0.284242922050511,0.10257879656160458,0.9073446327683616
cplfw,0.2841597674184899,0.10257879656160458,0.907909604519774
cplfw,0.2840937404426524,0.10315186246418338,0.907909604519774
cplfw,0.28389596001058626,0.10315186246418338,0.9084745762711864
cplfw,0.28387690421575884,0.10315186246418338,0.9090395480225989
cplfw,0.28374411036083225,0.10372492836676218,0.9090395480225989
cplfw,0.2837077878497551,0.10429799426934097,0.9090395480225989
cplfw,0.2833156602174972,0.10487106017191977,0.9090395480225989
cplfw,0.28329687244503376,0.10544412607449857,0.9090395480225989
cplfw,0.2828949652207909,0.10601719197707736,0.9090395480225989
cplfw,0.2826127808198939,0.10659025787965616,0.9090395480225989
cplfw,0.28258203293589956,0.10659025787965616,0.9096045197740112
cplfw,0.2825802525097684,0.10716332378223496,0.9096045197740112
cplfw,0.28241309005893805,0.10773638968481375,0.9096045197740112
cplfw,0.2822779305860473,0.10830945558739255,0.9096045197740112
cplfw,0.28224957874113865,0.10830945558739255,0.9101694915254237
cplfw,0.28221408210948984,0.10888252148997135,0.9101694915254237
cplfw,0.2821954969766198,0.10945558739255014,0.9101694915254237
cplfw,0.2819508134507721,0.11002865329512894,0.9101694915254237
cplfw,0.2818612558593722,0.11060171919770774,0.9101694915254237
cplfw,0.28167505307870894,0.11117478510028653,0.9101694915254237
cplfw,0.28143948297888965,0.11174785100286533,0.9101694915254237
cplfw,0.28137034345413237,0.11232091690544413,0.9101694915254237
cplfw,0.28133378100991835,0.11289398280802292,0.9101694915254237
cplfw,0.28063436858538643,0.11346704871060172,0.9101694915254237
cplfw,0.28061499425608705,0.11404011461318052,0.9101694915254237
cplfw,0.2803753481932934,0.11461318051575932,0.9101694915254237
cplfw,0.28033081764880474,0.1151862464183381,0.9101694915254237
cplfw,0.2803037934531103,0.11575931232091691,0.9101694915254237
cplfw,0.2799723347286019,0.11575931232091691,0.9107344632768362
cplfw,0.27990025996332557,0.11575931232091691,0.9112994350282486
cplfw,0.2797822472482036,0.11633237822349571,0.9112994350282486
cplfw,0.27957873263120997,0.1169054441260745,0.9112994350282486
cplfw,0.279480943108954,0.1174785100286533,0.9112994350282486
cplfw,0.27901490536029533,0.1180515759312321,0.9112994350282486
cplfw,0.27880028978163435,0.11862464183381088,0.9112994350282486
cplfw,0.2786227214894628,0.11919770773638969,0.9112994350282486
cplfw,0.2783614756667268,0.11977077363896849,0.9112994350282486
cplfw,0.27828334134348837,0.11977077363896849,0.911864406779661
cplfw,0.2778951119352756,0.12034383954154727,0.911864406779661
cplfw,0.2777201838438077,0.12034383954154727,0.9124293785310734
cplfw,0.27763367583317444,0.12091690544412607,0.9124293785310734
cplfw,0.2773927759954967,0.12148997134670488,0.9124293785310734
cplfw,0.27673763625225534,0.12148997134670488,0.9129943502824859
cplfw,0.27665873973144606,0.12206303724928366,0.9129943502824859
cplfw,0.2764078275809976,0.12263610315186246,0.9129943502824859
cplfw,0.27578955337122124,0.12320916905444126,0.9129943502824859
cplfw,0.2757692093106737,0.12378223495702005,0.9129943502824859
cplfw,0.275379501254624,0.12435530085959885,0.9129943502824859
cplfw,0.2751209597035428,0.12492836676217765,0.9129943502824859
cplfw,0.27505421380250344,0.12492836676217765,0.9135593220338983
cplfw,0.27465333074931136,0.12550143266475644,0.9135593220338983
cplfw,0.2744995953614239,0.12607449856733524,0.9135593220338983
cplfw,0.27448523459186236,0.12664756446991404,0.9135593220338983
cplfw,0.2744834982005054,0.12722063037249284,0.9135593220338983
cplfw,0.27434281398240407,0.12779369627507164,0.9135593220338983
cplfw,0.2742939907536819,0.12836676217765042,0.9135593220338983
cplfw,0.2742863953642994,0.12836676217765042,0.9141242937853107
cplfw,0.2742115818913959,0.12893982808022922,0.9141242937853107
cplfw,0.2741885084516109,0.12951289398280802,0.9141242937853107
cplfw,0.2741557840341286,0.13008595988538682,0.9141242937853107
cplfw,0.27391226239900573,0.13008595988538682,0.9146892655367231
cplfw,0.27372552166964975,0.13065902578796562,0.9146892655367231
cplfw,0.2737160133844231,0.13065902578796562,0.9152542372881356
cplfw,0.2735000096253849,0.13065902578796562,0.915819209039548
cplfw,0.27329352743752466,0.13123209169054442,0.915819209039548
cplfw,0.2732398825579285,0.1318051575931232,0.915819209039548
cplfw,0.27314318886150446,0.1318051575931232,0.9163841807909604
cplfw,0.2723991357164697,0.132378223495702,0.9163841807909604
cplfw,0.2723896457616294,0.1329512893982808,0.9163841807909604
cplfw,0.27226629126552077,0.1335243553008596,0.9163841807909604
cplfw,0.27201612650165613,0.1340974212034384,0.9163841807909604
cplfw,0.2720114502625839,0.1346704871060172,0.9163841807909604
cplfw,0.27196339756263416,0.135243553008596,0.9163841807909604
cplfw,0.27194676030736836,0.135243553008596,0.9169491525423729
cplfw,0.2716575018526373,0.13581661891117477,0.9169491525423729
cplfw,0.27130931902474653,0.13638968481375358,0.9169491525423729
cplfw,0.271288820427592,0.13696275071633238,0.9169491525423729
cplfw,0.2711253260078496,0.13753581661891118,0.9169491525423729
cplfw,0.27104361477040456,0.13810888252148998,0.9169491525423729
cplfw,0.27093014494482087,0.13868194842406878,0.9169491525423729
cplfw,0.27089888786764343,0.13868194842406878,0.9175141242937853
cplfw,0.270872478129468,0.13868194842406878,0.9180790960451978
cplfw,0.2704417660361033,0.13925501432664755,0.9180790960451978
cplfw,0.2701109593782555,0.13982808022922635,0.9180790960451978
cplfw,0.2699195864767206,0.14040114613180515,0.9180790960451978
cplfw,0.26980579442769415,0.14097421203438396,0.9180790960451978
cplfw,0.2697818380761192,0.14154727793696276,0.9180790960451978
cplfw,0.26924486154006566,0.14212034383954156,0.9180790960451978
cplfw,0.26917237522359894,0.14269340974212033,0.9180790960451978
cplfw,0.26916258561602496,0.14326647564469913,0.9180790960451978
cplfw,0.2687529414690011,0.14383954154727793,0.9180790960451978
cplfw,0.26864361013656896,0.14441260744985673,0.9180790960451978
cplfw,0.2684845288542018,0.14498567335243553,0.9180790960451978
cplfw,0.2684599195618007,0.14555873925501434,0.9180790960451978
cplfw,0.26829030352064454,0.14613180515759314,0.9180790960451978
cplfw,0.26801462897205125,0.1467048710601719,0.9180790960451978
cplfw,0.26778278157587165,0.1467048710601719,0.9186440677966101
cplfw,0.26697065382476254,0.1472779369627507,0.9186440677966101
cplfw,0.266916929757957,0.1478510028653295,0.9186440677966101
cplfw,0.26627577144838166,0.1484240687679083,0.9186440677966101
cplfw,0.2661384865627211,0.1489971346704871,0.9186440677966101
cplfw,0.26607921385538047,0.14957020057306591,0.9186440677966101
cplfw,0.2660507281296757,0.14957020057306591,0.9192090395480226
cplfw,0.26583890286601813,0.1501432664756447,0.9192090395480226
cplfw,0.26575885257426074,0.1501432664756447,0.919774011299435
cplfw,0.2656250761807896,0.1507163323782235,0.919774011299435
cplfw,0.2652956728692309,0.1507163323782235,0.9203389830508475
cplfw,0.26517112087744765,0.1507163323782235,0.9209039548022598
cplfw,0.2650989252463807,0.1512893982808023,0.9209039548022598
cplfw,0.2650750028399621,0.1518624641833811,0.9209039548022598
cplfw,0.264968953101929,0.1524355300859599,0.9209039548022598
cplfw,0.26486610512665243,0.1530085959885387,0.9209039548022598
cplfw,0.26485062065799725,0.15358166189111747,0.9209039548022598
cplfw,0.26468812671987163,0.15415472779369627,0.9209039548022598
cplfw,0.264565471615603,0.15472779369627507,0.9209039548022598
cplfw,0.2645165962551642,0.15472779369627507,0.9214689265536723
cplfw,0.26445482240795515,0.15530085959885387,0.9214689265536723
cplfw,0.26439258605941857,0.15530085959885387,0.9220338983050848
cplfw,0.2642658739261954,0.15587392550143267,0.9220338983050848
cplfw,0.26423854067748026,0.15644699140401147,0.9220338983050848
cplfw,0.26408632972878965,0.15702005730659027,0.9220338983050848
cplfw,0.26388895191133205,0.15759312320916904,0.9220338983050848
cplfw,0.26359004242013195,0.15816618911174785,0.9220338983050848
cplfw,0.26343006127822016,0.15873925501432665,0.9220338983050848
cplfw,0.26339335885679116,0.15931232091690545,0.9220338983050848
cplfw,0.2626986364483324,0.15988538681948425,0.9220338983050848
cplfw,0.26266876747605317,0.16045845272206305,0.9220338983050848
cplfw,0.26256028649397256,0.16103151862464182,0.9220338983050848
cplfw,0.26254254540173605,0.16160458452722062,0.9220338983050848
cplfw,0.2624321323958857,0.16217765042979942,0.9220338983050848
cplfw,0.26214896861949466,0.16275071633237823,0.9220338983050848
cplfw,0.26191379112909596,0.16332378223495703,0.9220338983050848
cplfw,0.2618873101891386,0.16389684813753583,0.9220338983050848
cplfw,0.2615472595822983,0.1644699140401146,0.9220338983050848
cplfw,0.261193359564323,0.1650429799426934,0.9220338983050848
cplfw,0.26113872227021395,0.1656160458452722,0.9220338983050848
cplfw,0.2607057610715963,0.166189111747851,0.9220338983050848
cplfw,0.2604163108615206,0.1667621776504298,0.9220338983050848
cplfw,0.2603642269406115,0.1667621776504298,0.9225988700564972
cplfw,0.2603607349966556,0.1667621776504298,0.9231638418079096
cplfw,0.2602511081776094,0.1673352435530086,0.9231638418079096
cplfw,0.26023988739811216,0.16790830945558738,0.9231638418079096
cplfw,0.2600518027602079,0.16848137535816618,0.9231638418079096
cplfw,0.2598332956648386,0.16905444126074498,0.9231638418079096
cplfw,0.2597482666912738,0.16905444126074498,0.923728813559322
cplfw,0.25969782037940436,0.16962750716332378,0.923728813559322
cplfw,0.2595696353656421,0.16962750716332378,0.9242937853107345
cplfw,0.25956673643713507,0.17020057306590258,0.9242937853107345
cplfw,0.25943434404876575,0.17077363896848138,0.9242937853107345
cplfw,0.25911588357903503,0.17077363896848138,0.9248587570621469
cplfw,0.2590500637537526,0.17077363896848138,0.9254237288135593
cplfw,0.2590294934039017,0.17077363896848138,0.9259887005649717
cplfw,0.25885608054320247,0.17134670487106018,0.9259887005649717
cplfw,0.2585967666568068,0.17191977077363896,0.9259887005649717
cplfw,0.25844336461446704,0.17249283667621776,0.9259887005649717
cplfw,0.2583846812572514,0.17306590257879656,0.9259887005649717
cplfw,0.2582890264349829,0.17363896848137536,0.9259887005649717
cplfw,0.2581524563837233,0.17421203438395416,0.9259887005649717
cplfw,0.257927474787163,0.17478510028653296,0.9259887005649717
cplfw,0.2578043056005063,0.17535816618911174,0.9259887005649717
cplfw,0.25736332508997206,0.17593123209169054,0.9259887005649717
cplfw,0.2572460480386576,0.17650429799426934,0.9259887005649717
cplfw,0.2572161529427608,0.17707736389684814,0.9259887005649717
cplfw,0.2568629910540505,0.17707736389684814,0.9265536723163842
cplfw,0.25685847994075767,0.17765042979942694,0.9265536723163842
cplfw,0.2568450141388927,0.17822349570200574,0.9265536723163842
cplfw,0.25678566118975293,0.17879656160458451,0.9265536723163842
cplfw,0.2567520791883638,0.17936962750716332,0.9265536723163842
cplfw,0.2565097622942483,0.17994269340974212,0.9265536723163842
cplfw,0.25647812887515226,0.18051575931232092,0.9265536723163842
cplfw,0.256472500954323,0.18108882521489972,0.9265536723163842
cplfw,0.2559198477261716,0.18166189111747852,0.9265536723163842
cplfw,0.25581854435809215,0.18166189111747852,0.9271186440677966
cplfw,0.25581483693211643,0.18223495702005732,0.9271186440677966
cplfw,0.25578861304993056,0.1828080229226361,0.9271186440677966
cplfw,0.255384314209609,0.1833810888252149,0.9271186440677966
cplfw,0.2552964144351523,0.1839541547277937,0.9271186440677966
cplfw,0.2552123853818063,0.1845272206303725,0.9271186440677966
cplfw,0.2551234615819874,0.1851002865329513,0.9271186440677966
cplfw,0.25495599468773744,0.1856733524355301,0.9271186440677966
cplfw,0.25492033228097416,0.18624641833810887,0.9271186440677966
cplfw,0.25478039189240265,0.18681948424068767,0.9271186440677966
cplfw,0.2540388385866867,0.18681948424068767,0.927683615819209
cplfw,0.25381193355416487,0.18739255014326647,0.927683615819209
cplfw,0.25363368025508704,0.18796561604584527,0.927683615819209
cplfw,0.25358598373630437,0.18796561604584527,0.9282485875706215
cplfw,0.253240631547257,0.18853868194842408,0.9282485875706215
cplfw,0.253068536652158,0.18911174785100288,0.9282485875706215
cplfw,0.25304904779168025,0.18968481375358165,0.9282485875706215
cplfw,0.2529603257478737,0.18968481375358165,0.9288135593220339
cplfw,0.25288853747991724,0.19025787965616045,0.9288135593220339
cplfw,0.25280146391673786,0.19083094555873925,0.9288135593220339
cplfw,0.2527346899294351,0.19083094555873925,0.9293785310734464
cplfw,0.2527092870289628,0.19140401146131805,0.9293785310734464
cplfw,0.25264476671742914,0.19197707736389685,0.9293785310734464
cplfw,0.2526369344867254,0.19255014326647565,0.9293785310734464
cplfw,0.25238480483310644,0.19312320916905446,0.9293785310734464
cplfw,0.2522324181367835,0.19369627507163323,0.9293785310734464
cplfw,0.2522138164934784,0.19369627507163323,0.9299435028248587
cplfw,0.25205105882366036,0.19369627507163323,0.9305084745762712
cplfw,0.2520310505214513,0.19369627507163323,0.9310734463276836
cplfw,0.25202462120977126,0.19426934097421203,0.9310734463276836
cplfw,0.2519080787436357,0.19484240687679083,0.9310734463276836
cplfw,0.25149960824232814,0.19541547277936963,0.9310734463276836
cplfw,0.2514456314713556,0.19598853868194843,0.9310734463276836
cplfw,0.2514154085382975,0.19656160458452723,0.9310734463276836
cplfw,0.2514046759696755,0.197134670487106,0.9310734463276836
cplfw,0.2511551524079087,0.1977077363896848,0.9310734463276836
cplfw,0.25108842930759745,0.1982808022922636,0.9310734463276836
cplfw,0.251036133348451,0.1982808022922636,0.9316384180790961
cplfw,0.25102767834388273,0.1988538681948424,0.9316384180790961
cplfw,0.2509893946386533,0.1994269340974212,0.9316384180790961
cplfw,0.25032345835536246,0.2,0.9316384180790961
cplfw,0.2501563467586666,0.20057306590257878,0.9316384180790961
cplfw,0.25015190186604586,0.20114613180515759,0.9316384180790961
cplfw,0.24997413233527152,0.2017191977077364,0.9316384180790961
cplfw,0.24975310109472787,0.2022922636103152,0.9316384180790961
cplfw,0.24971631307517916,0.202865329512894,0.9316384180790961
cplfw,0.24964300873343445,0.202865329512894,0.9322033898305084
cplfw,0.2493382626291217,0.2034383954154728,0.9322033898305084
cplfw,0.24926545992665966,0.20401146131805156,0.9322033898305084
cplfw,0.249159199835265,0.20458452722063036,0.9322033898305084
cplfw,0.2489564077686471,0.20515759312320916,0.9322033898305084
cplfw,0.2487818106582296,0.20573065902578797,0.9322033898305084
cplfw,0.24877336069190903,0.20630372492836677,0.9322033898305084
cplfw,0.24876386290538471,0.20687679083094557,0.9322033898305084
cplfw,0.24860109627187707,0.20744985673352437,0.9322033898305084
cplfw,0.24841685465877592,0.20802292263610314,0.9322033898305084
cplfw,0.24839371305688718,0.20859598853868194,0.9322033898305084
cplfw,0.24825239903598234,0.20916905444126074,0.9322033898305084
cplfw,0.24820179735144587,0.20974212034383954,0.9322033898305084
cplfw,0.24813056214536516,0.21031518624641835,0.9322033898305084
cplfw,0.2480525453248545,0.21031518624641835,0.9327683615819209
cplfw,0.24801160905361957,0.21088825214899715,0.9327683615819209
cplfw,0.2480028641452101,0.21146131805157592,0.9327683615819209
cplfw,0.24788559842102992,0.21203438395415472,0.9327683615819209
cplfw,0.24766411552571604,0.21203438395415472,0.9333333333333333
cplfw,0.24760489304574673,0.21260744985673352,0.9333333333333333
cplfw,0.24752497597335255,0.21318051575931232,0.9333333333333333
cplfw,0.2473809667695459,0.21375358166189112,0.9333333333333333
cplfw,0.24716614714124036,0.21432664756446992,0.9333333333333333
cplfw,0.24699432988794204,0.2148997134670487,0.9333333333333333
cplfw,0.2469011708813124,0.2154727793696275,0.9333333333333333
cplfw,0.24645107035537198,0.2154727793696275,0.9338983050847458
cplfw,0.24633833323173782,0.2160458452722063,0.9338983050847458
cplfw,0.24632985691766826,0.2160458452722063,0.9344632768361582
cplfw,0.24575724071661564,0.2166189111747851,0.9344632768361582
cplfw,0.24570149367264374,0.2171919770773639,0.9344632768361582
cplfw,0.24566026319376616,0.2177650429799427,0.9344632768361582
cplfw,0.24548466361865676,0.2183381088825215,0.9344632768361582
cplfw,0.2451331743655695,0.21891117478510028,0.9344632768361582
cplfw,0.24496003795200297,0.21948424068767908,0.9344632768361582
cplfw,0.2449546036705875,0.22005730659025788,0.9344632768361582
cplfw,0.24489546970950057,0.22005730659025788,0.9350282485875706
cplfw,0.24469293272987344,0.22063037249283668,0.9350282485875706
cplfw,0.24467228016741274,0.22120343839541548,0.9350282485875706
cplfw,0.24446079938213455,0.22177650429799428,0.9350282485875706
cplfw,0.24440832641353688,0.22234957020057305,0.9350282485875706
cplfw,0.24427871998544412,0.22292263610315186,0.9350282485875706
cplfw,0.2440095867302211,0.22349570200573066,0.9350282485875706
cplfw,0.24354153564794573,0.22406876790830946,0.9350282485875706
cplfw,0.2435003577901233,0.22464183381088826,0.9350282485875706
cplfw,0.24338755884443994,0.22521489971346706,0.9350282485875706
cplfw,0.24329685589896774,0.22578796561604583,0.9350282485875706
cplfw,0.24329463061737333,0.22636103151862463,0.9350282485875706
cplfw,0.2432409335209549,0.22693409742120343,0.9350282485875706
cplfw,0.24321383184726542,0.22750716332378224,0.9350282485875706
cplfw,0.24317633938181066,0.22808022922636104,0.9350282485875706
cplfw,0.2430605609686818,0.22865329512893984,0.9350282485875706
cplfw,0.2430509359688111,0.22922636103151864,0.9350282485875706
cplfw,0.24297656059709907,0.2297994269340974,0.9350282485875706
cplfw,0.2424701094606524,0.2303724928366762,0.9350282485875706
cplfw,0.24230111255197678,0.230945558739255,0.9350282485875706
cplfw,0.2423005561191428,0.230945558739255,0.9355932203389831
cplfw,0.24202862085467108,0.23151862464183381,0.9355932203389831
cplfw,0.24202389785560569,0.23209169054441262,0.9355932203389831
cplfw,0.24174385553355707,0.23266475644699142,0.9355932203389831
cplfw,0.24152192158237354,0.2332378223495702,0.9355932203389831
cplfw,0.2413748166574884,0.233810888252149,0.9355932203389831
cplfw,0.24117718790848053,0.2343839541547278,0.9355932203389831
cplfw,0.2410566923942484,0.2349570200573066,0.9355932203389831
cplfw,0.24102337447391944,0.2355300859598854,0.9355932203389831
cplfw,0.24089932898244887,0.2361031518624642,0.9355932203389831
cplfw,0.2408702063624694,0.23667621776504297,0.9355932203389831
cplfw,0.24069004884479062,0.23667621776504297,0.9361581920903955
cplfw,0.24059271808304422,0.23724928366762177,0.9361581920903955
cplfw,0.24048682082651945,0.23782234957020057,0.9361581920903955
cplfw,0.24037661257882953,0.23839541547277937,0.9361581920903955
cplfw,0.2402972808605161,0.23896848137535817,0.9361581920903955
cplfw,0.24027387586310933,0.23954154727793697,0.9361581920903955
cplfw,0.239783355615851,0.24011461318051575,0.9361581920903955
cplfw,0.23977414139233783,0.24068767908309455,0.9361581920903955
cplfw,0.23951406624034485,0.24126074498567335,0.9361581920903955
cplfw,0.2391356004037103,0.24183381088825215,0.9361581920903955
cplfw,0.23912478841653467,0.24240687679083095,0.9361581920903955
cplfw,0.23892259309872416,0.24297994269340975,0.9361581920903955
cplfw,0.23886610868494246,0.24355300859598855,0.9361581920903955
cplfw,0.23880428874020498,0.24412607449856732,0.9361581920903955
cplfw,0.23874785645927363,0.24469914040114613,0.9361581920903955
cplfw,0.23860683649219067,0.24527220630372493,0.9361581920903955
cplfw,0.23842503581368993,0.24584527220630373,0.9361581920903955
cplfw,0.23837111298009117,0.24641833810888253,0.9361581920903955
cplfw,0.2382944607200448,0.24699140401146133,0.9361581920903955
cplfw,0.23823390381084478,0.24699140401146133,0.9367231638418079
cplfw,0.2378735580988674,0.2475644699140401,0.9367231638418079
cplfw,0.2378459528613029,0.2481375358166189,0.9367231638418079
cplfw,0.23784030403466053,0.2487106017191977,0.9367231638418079
cplfw,0.2376418680828262,0.2492836676217765,0.9367231638418079
cplfw,0.23748500733412117,0.2498567335243553,0.9367231638418079
cplfw,0.2374148329213267,0.2504297994269341,0.9367231638418079
cplfw,0.23710404128554358,0.2504297994269341,0.9372881355932203
cplfw,0.2368682806524871,0.2510028653295129,0.9372881355932203
cplfw,0.2368680888639886,0.2515759312320917,0.9372881355932203
cplfw,0.2366206488926268,0.2521489971346705,0.9372881355932203
cplfw,0.2365776144913631,0.25272206303724926,0.9372881355932203
cplfw,0.2364238481941644,0.2532951289398281,0.9372881355932203
cplfw,0.2362881906470771,0.25386819484240686,0.9372881355932203
cplfw,0.2359561728757227,0.25386819484240686,0.9378531073446328
cplfw,0.23588125175500588,0.2544412607449857,0.9378531073446328
cplfw,0.23587978371599214,0.25501432664756446,0.9378531073446328
cplfw,0.2356678171341007,0.25501432664756446,0.9384180790960452
cplfw,0.2354304519770374,0.2555873925501433,0.9384180790960452
cplfw,0.23529469954432602,0.25616045845272206,0.9384180790960452
cplfw,0.23513977721826718,0.25673352435530084,0.9384180790960452
cplfw,0.23498953369885084,0.25730659025787966,0.9384180790960452
cplfw,0.23485103436060084,0.25787965616045844,0.9384180790960452
cplfw,0.2347547838123034,0.25845272206303727,0.9384180790960452
cplfw,0.2347342901108428,0.25902578796561604,0.9384180790960452
cplfw,0.23446570164371422,0.25902578796561604,0.9389830508474576
cplfw,0.23428258718755154,0.25959885386819487,0.9389830508474576
cplfw,0.23425354515138994,0.26017191977077364,0.9389830508474576
cplfw,0.234141756205364,0.2607449856733524,0.9389830508474576
cplfw,0.23398288609854012,0.26131805157593124,0.9389830508474576
cplfw,0.2338530545606845,0.26189111747851,0.9389830508474576
cplfw,0.23365432190234764,0.26246418338108884,0.9389830508474576
cplfw,0.233581101544037,0.2630372492836676,0.9389830508474576
cplfw,0.23338394513068297,0.2636103151862464,0.9389830508474576
cplfw,0.2333168321042086,0.2641833810888252,0.9389830508474576
cplfw,0.2332755208627996,0.264756446991404,0.9389830508474576
cplfw,0.23312067924069452,0.2653295128939828,0.9389830508474576
cplfw,0.23278241904814026,0.2659025787965616,0.9389830508474576
cplfw,0.23213478823824144,0.2664756446991404,0.9389830508474576
cplfw,0.23198137301499036,0.2664756446991404,0.93954802259887
cplfw,0.2319542007182256,0.2670487106017192,0.93954802259887
cplfw,0.2317952011373973,0.2670487106017192,0.9401129943502825
cplfw,0.23169927557281922,0.26762177650429797,0.9401129943502825
cplfw,0.2315156594096631,0.2681948424068768,0.9401129943502825
cplfw,0.2313959992345338,0.26876790830945557,0.9401129943502825
cplfw,0.231320842682865,0.2693409742120344,0.9401129943502825
cplfw,0.2313038528229641,0.2699140401146132,0.9401129943502825
cplfw,0.23077363024551614,0.270487106017192,0.9401129943502825
cplfw,0.23076117332052756,0.2710601719197708,0.9401129943502825
cplfw,0.2305460620577118,0.27163323782234955,0.9401129943502825
cplfw,0.23053680908353666,0.2722063037249284,0.9401129943502825
cplfw,0.23045725576578455,0.27277936962750715,0.9401129943502825
cplfw,0.22981063291948722,0.273352435530086,0.9401129943502825
cplfw,0.2297491631369474,0.27392550143266475,0.9401129943502825
cplfw,0.2297212347752427,0.2744985673352435,0.9401129943502825
cplfw,0.22971861162071194,0.27507163323782235,0.9401129943502825
cplfw,0.22939407098853198,0.27564469914040113,0.9401129943502825
cplfw,0.22936680868513765,0.27621776504297996,0.9401129943502825
cplfw,0.2287750278872696,0.27679083094555873,0.9401129943502825
cplfw,0.22866236531745152,0.27736389684813756,0.9401129943502825
cplfw,0.22865299699186378,0.27793696275071633,0.9401129943502825
cplfw,0.2283814212412958,0.2785100286532951,0.9401129943502825
cplfw,0.22829574428414806,0.27908309455587393,0.9401129943502825
cplfw,0.22815513622244754,0.2796561604584527,0.9401129943502825
cplfw,0.22781646307745798,0.28022922636103154,0.9401129943502825
cplfw,0.22755165601671273,0.2808022922636103,0.9401129943502825
cplfw,0.22740276045589145,0.28137535816618914,0.9401129943502825
cplfw,0.2272033539893456,0.2819484240687679,0.9401129943502825
cplfw,0.22700581601392036,0.2825214899713467,0.9401129943502825
cplfw,0.22698136263974145,0.2830945558739255,0.9401129943502825
cplfw,0.22681304152846019,0.2836676217765043,0.9401129943502825
cplfw,0.226469345327323,0.2842406876790831,0.9401129943502825
cplfw,0.22640873985113621,0.2848137535816619,0.9401129943502825
cplfw,0.2263226031748822,0.28538681948424066,0.9401129943502825
cplfw,0.22627280405161632,0.2859598853868195,0.9401129943502825
cplfw,0.22613331947239107,0.28653295128939826,0.9401129943502825
cplfw,0.2259997217300247,0.2871060171919771,0.9401129943502825
cplfw,0.2258266222450561,0.28767908309455587,0.9401129943502825
cplfw,0.2257634836831062,0.2882521489971347,0.9401129943502825
cplfw,0.2254807920203746,0.28882521489971347,0.9401129943502825
cplfw,0.22540508942225235,0.28939828080229224,0.9401129943502825
cplfw,0.22505238872487343,0.28997134670487107,0.9401129943502825
cplfw,0.22504949489495324,0.29054441260744984,0.9401129943502825
cplfw,0.2248196798817681,0.29111747851002867,0.9401129943502825
cplfw,0.2247772009647731,0.29169054441260744,0.9401129943502825
cplfw,0.22454949678014183,0.2922636103151863,0.9401129943502825
cplfw,0.22435887961577278,0.29283667621776505,0.9401129943502825
cplfw,0.2242036593452661,0.2934097421203438,0.9401129943502825
cplfw,0.2241896073726911,0.29398280802292265,0.9401129943502825
cplfw,0.22398006232418047,0.2945558739255014,0.9401129943502825
cplfw,0.22386391882859252,0.29512893982808025,0.9401129943502825
cplfw,0.22374078441631376,0.29512893982808025,0.940677966101695
cplfw,0.22336517617804627,0.29512893982808025,0.9412429378531073
cplfw,0.22305069671605854,0.295702005730659,0.9412429378531073
cplfw,0.22267551681977776,0.2962750716332378,0.9412429378531073
cplfw,0.22255261378038863,0.2968481375358166,0.9412429378531073
cplfw,0.22254931482603516,0.2974212034383954,0.9412429378531073
cplfw,0.2225482935999716,0.2974212034383954,0.9418079096045198
cplfw,0.2225000642661384,0.2974212034383954,0.9423728813559322
cplfw,0.22231790831163484,0.2979942693409742,0.9423728813559322
cplfw,0.22220611178220462,0.298567335243553,0.9423728813559322
cplfw,0.22189074221036675,0.29914040114613183,0.9423728813559322
cplfw,0.22177527606981307,0.2997134670487106,0.9423728813559322
cplfw,0.22165295705604354,0.3002865329512894,0.9423728813559322
cplfw,0.2213698588404954,0.3008595988538682,0.9423728813559322
cplfw,0.2213618784540306,0.301432664756447,0.9423728813559322
cplfw,0.2211096185638209,0.3020057306590258,0.9423728813559322
cplfw,0.22093436209324976,0.3025787965616046,0.9423728813559322
cplfw,0.22072103485257566,0.3031518624641834,0.9423728813559322
cplfw,0.22066007458017556,0.3037249283667622,0.9423728813559322
cplfw,0.22061301422946206,0.30429799426934095,0.9423728813559322
cplfw,0.22036606501351425,0.3048710601719198,0.9423728813559322
cplfw,0.22031486714539245,0.30544412607449856,0.9423728813559322
cplfw,0.22005129514116908,0.3060171919770774,0.9423728813559322
cplfw,0.21969005718486653,0.3060171919770774,0.9429378531073447
cplfw,0.21950787944788003,0.30659025787965616,0.9429378531073447
cplfw,0.2194138038720592,0.30716332378223493,0.9429378531073447
cplfw,0.2193695706155177,0.30773638968481376,0.9429378531073447
cplfw,0.2191202831756941,0.30830945558739253,0.9429378531073447
cplfw,0.21904637019783757,0.30888252148997136,0.9429378531073447
cplfw,0.21878899064570115,0.30945558739255014,0.9429378531073447
cplfw,0.2187665529982549,0.31002865329512896,0.9429378531073447
cplfw,0.21851824667798742,0.31060171919770774,0.9429378531073447
cplfw,0.21763250366225448,0.3111747851002865,0.9429378531073447
cplfw,0.21754465367190834,0.31174785100286534,0.9429378531073447
cplfw,0.21745828409571463,0.31174785100286534,0.943502824858757
cplfw,0.2173925541592207,0.3123209169054441,0.943502824858757
cplfw,0.21724088203310687,0.31289398280802294,0.943502824858757
cplfw,0.21721138136223114,0.3134670487106017,0.943502824858757
cplfw,0.21688514879727006,0.31404011461318054,0.943502824858757
cplfw,0.21687707994694197,0.31404011461318054,0.9440677966101695
cplfw,0.2168703633131843,0.3146131805157593,0.9440677966101695
cplfw,0.2160497765757034,0.3151862464183381,0.9440677966101695
cplfw,0.21591390566669766,0.3157593123209169,0.9440677966101695
cplfw,0.2159136168777111,0.3163323782234957,0.9440677966101695
cplfw,0.21563918166861573,0.3169054441260745,0.9440677966101695
cplfw,0.2156096466793301,0.3174785100286533,0.9440677966101695
cplfw,0.2154063284001072,0.31805157593123207,0.9440677966101695
cplfw,0.2153752475734212,0.3186246418338109,0.9440677966101695
cplfw,0.21517923063384692,0.31919770773638967,0.9440677966101695
cplfw,0.21511258418096715,0.31919770773638967,0.9446327683615819
cplfw,0.2149770895799756,0.3197707736389685,0.9446327683615819
cplfw,0.21468284574672614,0.32034383954154727,0.9446327683615819
cplfw,0.2145243325867427,0.3209169054441261,0.9446327683615819
cplfw,0.2142548374184894,0.3214899713467049,0.9446327683615819
cplfw,0.21371039694141677,0.32206303724928365,0.9446327683615819
cplfw,0.213668662829394,0.3226361031518625,0.9446327683615819
cplfw,0.21355879930281393,0.32320916905444125,0.9446327683615819
cplfw,0.2133908296092611,0.3237822349570201,0.9446327683615819
cplfw,0.2131579585540472,0.32435530085959885,0.9446327683615819
cplfw,0.21310996813172506,0.3249283667621776,0.9446327683615819
cplfw,0.21304092404291558,0.32550143266475645,0.9446327683615819
cplfw,0.21267940898580548,0.3260744985673352,0.9446327683615819
cplfw,0.21260790068626326,0.32664756446991405,0.9446327683615819
cplfw,0.2124844047661432,0.3272206303724928,0.9446327683615819
cplfw,0.21229000440565882,0.32779369627507166,0.9446327683615819
cplfw,0.21195995931854786,0.32836676217765043,0.9446327683615819
cplfw,0.2119071030570216,0.3289398280802292,0.9446327683615819
cplfw,0.21186212628914255,0.32951289398280803,0.9446327683615819
cplfw,0.21177926596739294,0.3300859598853868,0.9446327683615819
cplfw,0.21138839058778414,0.33065902578796563,0.9446327683615819
cplfw,0.21132255803789524,0.3312320916905444,0.9446327683615819
cplfw,0.21120479186558289,0.33180515759312323,0.9446327683615819
cplfw,0.21066589313309458,0.332378223495702,0.9446327683615819
cplfw,0.21061383165882192,0.3329512893982808,0.9446327683615819
cplfw,0.2105549980401927,0.3335243553008596,0.9446327683615819
cplfw,0.21051787280155007,0.3340974212034384,0.9446327683615819
cplfw,0.21033704263400693,0.3346704871060172,0.9446327683615819
cplfw,0.21033488638390357,0.335243553008596,0.9446327683615819
cplfw,0.21011054833529116,0.33581661891117476,0.9446327683615819
cplfw,0.2099795836053288,0.3363896848137536,0.9446327683615819
cplfw,0.20985279339430915,0.33696275071633236,0.9446327683615819
cplfw,0.20976845825197374,0.3375358166189112,0.9446327683615819
cplfw,0.20934288418053973,0.33810888252148996,0.9446327683615819
cplfw,0.20910157774783902,0.3386819484240688,0.9446327683615819
cplfw,0.20903788696573283,0.33925501432664756,0.9446327683615819
cplfw,0.20900871420327005,0.33982808022922634,0.9446327683615819
cplfw,0.20892840610156296,0.34040114613180517,0.9446327683615819
cplfw,0.20886142943571018,0.34097421203438394,0.9446327683615819
cplfw,0.2087249038498603,0.34154727793696277,0.9446327683615819
cplfw,0.20835388705690536,0.34212034383954154,0.9446327683615819
cplfw,0.20827077239418473,0.34269340974212037,0.9446327683615819
cplfw,0.20801670780591225,0.34269340974212037,0.9451977401129944
cplfw,0.20793530065330348,0.34326647564469914,0.9451977401129944
cplfw,0.20789329656515912,0.3438395415472779,0.9451977401129944
cplfw,0.2078187675933873,0.34441260744985674,0.9451977401129944
cplfw,0.20777484070783403,0.3449856733524355,0.9451977401129944
cplfw,0.2076808593111515,0.3449856733524355,0.9457627118644067
cplfw,0.2075905383098162,0.34555873925501435,0.9457627118644067
cplfw,0.20755224708013276,0.3461318051575931,0.9457627118644067
cplfw,0.20694895919428524,0.3467048710601719,0.9457627118644067
cplfw,0.2069072000959262,0.3472779369627507,0.9457627118644067
cplfw,0.20690043948563622,0.3478510028653295,0.9457627118644067
cplfw,0.20661080988815214,0.3478510028653295,0.9463276836158192
cplfw,0.20656401822517284,0.3484240687679083,0.9463276836158192
cplfw,0.20650245606767953,0.3489971346704871,0.9463276836158192
cplfw,0.20637367258080103,0.3495702005730659,0.9463276836158192
cplfw,0.20636338626667355,0.3501432664756447,0.9463276836158192
cplfw,0.20588347483571645,0.35071633237822347,0.9463276836158192
cplfw,0.2058623849598185,0.3512893982808023,0.9463276836158192
cplfw,0.20581772888555522,0.3518624641833811,0.9463276836158192
cplfw,0.20580081319149796,0.3524355300859599,0.9463276836158192
cplfw,0.20576771732959628,0.3524355300859599,0.9468926553672317
cplfw,0.20543355949541564,0.3530085959885387,0.9468926553672317
cplfw,0.20541808342642207,0.3535816618911175,0.9468926553672317
cplfw,0.20464780811660946,0.3541547277936963,0.9468926553672317
cplfw,0.2045087771202944,0.35472779369627505,0.9468926553672317
cplfw,0.20440875180031529,0.3553008595988539,0.9468926553672317
cplfw,0.2043844586290549,0.35587392550143265,0.9468926553672317
cplfw,0.20437656327225942,0.3564469914040115,0.9468926553672317
cplfw,0.20416042619238514,0.35702005730659025,0.9468926553672317
cplfw,0.20413539963722271,0.35702005730659025,0.9474576271186441
cplfw,0.2038036471448578,0.35759312320916903,0.9474576271186441
cplfw,0.20374562799752136,0.35816618911174786,0.9474576271186441
cplfw,0.20368566641178437,0.35873925501432663,0.9474576271186441
cplfw,0.20364780416539746,0.35931232091690546,0.9474576271186441
cplfw,0.20343963041529234,0.35988538681948423,0.9474576271186441
cplfw,0.2034032727886971,0.36045845272206306,0.9474576271186441
cplfw,0.2033506057451475,0.36103151862464183,0.9474576271186441
cplfw,0.20321839101616582,0.3616045845272206,0.9474576271186441
cplfw,0.20297210930258036,0.36217765042979944,0.9474576271186441
cplfw,0.20287138449221637,0.3627507163323782,0.9474576271186441
cplfw,0.20285699891455014,0.36332378223495704,0.9474576271186441
cplfw,0.2028475808327655,0.3638968481375358,0.9474576271186441
cplfw,0.20283112177089158,0.36446991404011464,0.9474576271186441
cplfw,0.20275217184507535,0.3650429799426934,0.9474576271186441
cplfw,0.20271963992997358,0.3656160458452722,0.9474576271186441
cplfw,0.20270313185618533,0.366189111747851,0.9474576271186441
cplfw,0.20250820257852886,0.3667621776504298,0.9474576271186441
cplfw,0.20240189677235818,0.3673352435530086,0.9474576271186441
cplfw,0.20236822587645525,0.3679083094555874,0.9474576271186441
cplfw,0.20218190347052287,0.36848137535816616,0.9474576271186441
cplfw,0.20207949371883294,0.369054441260745,0.9474576271186441
cplfw,0.2019469866554824,0.36962750716332377,0.9474576271186441
cplfw,0.20159441796463518,0.36962750716332377,0.9480225988700565
cplfw,0.20159021155228596,0.3702005730659026,0.9480225988700565
cplfw,0.20153568280202794,0.37077363896848137,0.9480225988700565
cplfw,0.20150204422083917,0.3713467048710602,0.9480225988700565
cplfw,0.20131391599924023,0.37191977077363897,0.9480225988700565
cplfw,0.20128338197631127,0.37249283667621774,0.9480225988700565
cplfw,0.20122273905338717,0.37306590257879657,0.9480225988700565
cplfw,0.20119829832094926,0.37306590257879657,0.9485875706214689
cplfw,0.20115724888458167,0.37306590257879657,0.9491525423728814
cplfw,0.2010471052674651,0.37363896848137534,0.9491525423728814
cplfw,0.20094525377388298,0.3742120343839542,0.9491525423728814
cplfw,0.2007850564910521,0.37478510028653295,0.9491525423728814
cplfw,0.20072883141739925,0.37478510028653295,0.9497175141242938
cplfw,0.20065094246797097,0.3753581661891118,0.9497175141242938
cplfw,0.20054633595791752,0.37593123209169055,0.9497175141242938
cplfw,0.2004346358240205,0.3765042979942693,0.9497175141242938
cplfw,0.2003041606801879,0.37707736389684815,0.9497175141242938
cplfw,0.20027615671386279,0.3776504297994269,0.9497175141242938
cplfw,0.20025635659389154,0.37822349570200575,0.9497175141242938
cplfw,0.200244362279769,0.3787965616045845,0.9497175141242938
cplfw,0.200217027867287,0.3793696275071633,0.9497175141242938
cplfw,0.20010225016001243,0.3799426934097421,0.9497175141242938
cplfw,0.19974151589796804,0.3805157593123209,0.9497175141242938
cplfw,0.19967032396286932,0.38108882521489973,0.9497175141242938
cplfw,0.19949114489387987,0.3816618911174785,0.9497175141242938
cplfw,0.19880916604403093,0.38223495702005733,0.9497175141242938
cplfw,0.19867882381682012,0.3828080229226361,0.9497175141242938
cplfw,0.1985048020707996,0.3833810888252149,0.9497175141242938
cplfw,0.19812096258491418,0.3839541547277937,0.9497175141242938
cplfw,0.19806810415887388,0.3839541547277937,0.9502824858757062
cplfw,0.19803015544146158,0.3845272206303725,0.9502824858757062
cplfw,0.19800191769104727,0.3851002865329513,0.9502824858757062
cplfw,0.19776952838374678,0.3856733524355301,0.9502824858757062
cplfw,0.19769726148756975,0.3862464183381089,0.9502824858757062
cplfw,0.1976705584010716,0.3868194842406877,0.9502824858757062
cplfw,0.19742497946703197,0.38739255014326646,0.9502824858757062
cplfw,0.19721177832204934,0.3879656160458453,0.9502824858757062
cplfw,0.1968105917205623,0.3879656160458453,0.9508474576271186
cplfw,0.19675717414377797,0.38853868194842406,0.9508474576271186
cplfw,0.1967570139554106,0.3891117478510029,0.9508474576271186
cplfw,0.19663272963052725,0.3891117478510029,0.9514124293785311
cplfw,0.19661862089884202,0.38968481375358166,0.9514124293785311
cplfw,0.19661441517740624,0.38968481375358166,0.9519774011299436
cplfw,0.19658777043523656,0.39025787965616043,0.9519774011299436
cplfw,0.1964853696685701,0.39083094555873926,0.9519774011299436
cplfw,0.19627224607314733,0.39140401146131804,0.9519774011299436
cplfw,0.1958973498852575,0.39197707736389686,0.9519774011299436
cplfw,0.1958472873412922,0.39255014326647564,0.9519774011299436
cplfw,0.19556657585571702,0.39312320916905447,0.9519774011299436
cplfw,0.19548935620274238,0.39369627507163324,0.9519774011299436
cplfw,0.19544786077625279,0.394269340974212,0.9519774011299436
cplfw,0.19512011147442876,0.39484240687679084,0.9519774011299436
cplfw,0.19498255461774983,0.3954154727793696,0.9519774011299436
cplfw,0.1949733129172137,0.39598853868194844,0.9519774011299436
cplfw,0.19487295340647487,0.39598853868194844,0.9525423728813559
cplfw,0.19461246393012321,0.3965616045845272,0.9525423728813559
cplfw,0.19451668850677983,0.397134670487106,0.9525423728813559
cplfw,0.19450929449900947,0.3977077363896848,0.9525423728813559
cplfw,0.19448956346905308,0.3982808022922636,0.9525423728813559
cplfw,0.194371096678975,0.3988538681948424,0.9525423728813559
cplfw,0.1942109482190213,0.3994269340974212,0.9525423728813559
cplfw,0.19403903470307954,0.4,0.9525423728813559
cplfw,0.19400599929687332,0.4005730659025788,0.9525423728813559
cplfw,0.1938402643826043,0.40114613180515757,0.9525423728813559
cplfw,0.19378624582954682,0.4017191977077364,0.9525423728813559
cplfw,0.19368113055944286,0.40229226361031517,0.9525423728813559
cplfw,0.19359377431957994,0.402865329512894,0.9525423728813559
cplfw,0.19355167878822638,0.4034383954154728,0.9525423728813559
cplfw,0.19355156738888626,0.4040114613180516,0.9525423728813559
cplfw,0.19335007110405913,0.4040114613180516,0.9531073446327684
cplfw,0.19304954473205266,0.4045845272206304,0.9531073446327684
cplfw,0.1930192165651911,0.40515759312320915,0.9531073446327684
cplfw,0.1928887380259618,0.405730659025788,0.9531073446327684
cplfw,0.19283850529027308,0.40630372492836675,0.9531073446327684
cplfw,0.19279742143661718,0.4068767908309456,0.9531073446327684
cplfw,0.1927627988913,0.40744985673352435,0.9531073446327684
cplfw,0.1926751450716559,0.4080229226361031,0.9531073446327684
cplfw,0.192429850364269,0.40859598853868195,0.9531073446327684
cplfw,0.19236998885179776,0.40859598853868195,0.9536723163841808
cplfw,0.19213073926018417,0.40859598853868195,0.9542372881355933
cplfw,0.19209211069662202,0.4091690544412607,0.9542372881355933
cplfw,0.19199869326691668,0.40974212034383956,0.9542372881355933
cplfw,0.19197612350438437,0.41031518624641833,0.9542372881355933
cplfw,0.19178633627261138,0.41031518624641833,0.9548022598870056
cplfw,0.19165344196842385,0.41088825214899716,0.9548022598870056
cplfw,0.1915265345143554,0.41146131805157593,0.9548022598870056
cplfw,0.19099383327521952,0.4120343839541547,0.9548022598870056
cplfw,0.19094460897880997,0.41260744985673353,0.9548022598870056
cplfw,0.19075938862715106,0.4131805157593123,0.9548022598870056
cplfw,0.19068095015626618,0.41375358166189113,0.9548022598870056
cplfw,0.19063062306512735,0.4143266475644699,0.9548022598870056
cplfw,0.19051392072587814,0.41489971346704874,0.9548022598870056
cplfw,0.1904104117372176,0.41489971346704874,0.9553672316384181
cplfw,0.1901188697164494,0.4154727793696275,0.9553672316384181
cplfw,0.1900758246341731,0.4160458452722063,0.9553672316384181
cplfw,0.18994726692790903,0.4160458452722063,0.9559322033898305
cplfw,0.18987004800605764,0.4166189111747851,0.9559322033898305
cplfw,0.1896859934186764,0.4171919770773639,0.9559322033898305
cplfw,0.1895986862715236,0.4177650429799427,0.9559322033898305
cplfw,0.18914773138785126,0.4177650429799427,0.9564971751412429
cplfw,0.18914195980671877,0.4183381088825215,0.9564971751412429
cplfw,0.18892344919783027,0.41891117478510026,0.9564971751412429
cplfw,0.18888995926005242,0.4194842406876791,0.9564971751412429
cplfw,0.18888871010970215,0.42005730659025786,0.9564971751412429
cplfw,0.18881429522557663,0.4206303724928367,0.9564971751412429
cplfw,0.1887393049644972,0.42120343839541546,0.9564971751412429
cplfw,0.18864684748753907,0.4217765042979943,0.9564971751412429
cplfw,0.18860637506566025,0.42234957020057307,0.9564971751412429
cplfw,0.18857794630649918,0.42292263610315184,0.9564971751412429
cplfw,0.18818229237803513,0.42349570200573067,0.9564971751412429
cplfw,0.1880037774438302,0.42406876790830944,0.9564971751412429
cplfw,0.18789848785850743,0.42464183381088827,0.9564971751412429
cplfw,0.1878054556086385,0.42521489971346704,0.9564971751412429
cplfw,0.18704626500116808,0.42578796561604587,0.9564971751412429
cplfw,0.1870138665084619,0.42636103151862464,0.9564971751412429
cplfw,0.18697406751420068,0.4269340974212034,0.9564971751412429
cplfw,0.18678993839882407,0.42750716332378225,0.9564971751412429
cplfw,0.18656112307776976,0.428080229226361,0.9564971751412429
cplfw,0.18653370736936742,0.42865329512893985,0.9564971751412429
cplfw,0.18639242245493887,0.4292263610315186,0.9564971751412429
cplfw,0.1863134684184835,0.4297994269340974,0.9564971751412429
cplfw,0.18614647272553791,0.4303724928366762,0.9564971751412429
cplfw,0.18612197457091248,0.430945558739255,0.9564971751412429
cplfw,0.1860932898205679,0.4315186246418338,0.9564971751412429
cplfw,0.18586766148874084,0.4320916905444126,0.9564971751412429
cplfw,0.185828076013988,0.4326647564469914,0.9564971751412429
cplfw,0.1855168084985456,0.4332378223495702,0.9564971751412429
cplfw,0.1852768638807524,0.433810888252149,0.9564971751412429
cplfw,0.18519591274967487,0.4343839541547278,0.9564971751412429
cplfw,0.18519404985705717,0.4343839541547278,0.9570621468926553
cplfw,0.18480200507023378,0.4349570200573066,0.9570621468926553
cplfw,0.1847196475837653,0.4355300859598854,0.9570621468926553
cplfw,0.18425463668985845,0.4361031518624642,0.9570621468926553
cplfw,0.1840514805413002,0.436676217765043,0.9570621468926553
cplfw,0.18393619316264415,0.4372492836676218,0.9570621468926553
cplfw,0.1836660226904288,0.43782234957020055,0.9570621468926553
cplfw,0.18358047824265414,0.4383954154727794,0.9570621468926553
cplfw,0.18340620724270842,0.43896848137535815,0.9570621468926553
cplfw,0.18333898565357648,0.439541547277937,0.9570621468926553
cplfw,0.18318171409666756,0.44011461318051576,0.9570621468926553
cplfw,0.18287581599653668,0.44068767908309453,0.9570621468926553
cplfw,0.18266282975327425,0.44126074498567336,0.9570621468926553
cplfw,0.18215541267696042,0.44183381088825213,0.9570621468926553
cplfw,0.18190708017117999,0.44240687679083096,0.9570621468926553
cplfw,0.18165102322569535,0.44297994269340973,0.9570621468926553
cplfw,0.1816219606968742,0.44355300859598856,0.9570621468926553
cplfw,0.18147367400739545,0.44412607449856734,0.9570621468926553
cplfw,0.18139667698400494,0.44412607449856734,0.9576271186440678
cplfw,0.1810927131397625,0.4446991404011461,0.9576271186440678
cplfw,0.18099720822147616,0.44527220630372494,0.9576271186440678
cplfw,0.18097351041764773,0.4458452722063037,0.9576271186440678
cplfw,0.180847604272077,0.44641833810888254,0.9576271186440678
cplfw,0.18083987079031105,0.4469914040114613,0.9576271186440678
cplfw,0.18072197199441567,0.44756446991404014,0.9576271186440678
cplfw,0.1806692760929717,0.4481375358166189,0.9576271186440678
cplfw,0.18065102277177394,0.4487106017191977,0.9576271186440678
cplfw,0.18063639061373127,0.4492836676217765,0.9576271186440678
cplfw,0.1804336463353282,0.4498567335243553,0.9576271186440678
cplfw,0.1803643110417278,0.4504297994269341,0.9576271186440678
cplfw,0.1800380960183112,0.4510028653295129,0.9576271186440678
cplfw,0.17968185987331634,0.45157593123209167,0.9576271186440678
cplfw,0.17960025480026662,0.4521489971346705,0.9576271186440678
cplfw,0.1791677249302068,0.45272206303724927,0.9576271186440678
cplfw,0.17901320483233782,0.4532951289398281,0.9576271186440678
cplfw,0.17899940566718212,0.45386819484240687,0.9576271186440678
cplfw,0.1786267964158776,0.4544412607449857,0.9576271186440678
cplfw,0.17848764995296235,0.45501432664756447,0.9576271186440678
cplfw,0.17842532178300088,0.45501432664756447,0.9581920903954803
cplfw,0.17836085607004137,0.45558739255014324,0.9581920903954803
cplfw,0.17834500015185628,0.4561604584527221,0.9581920903954803
cplfw,0.17834045373043322,0.45673352435530085,0.9581920903954803
cplfw,0.17828621804271,0.4573065902578797,0.9581920903954803
cplfw,0.1782166566386457,0.45787965616045845,0.9581920903954803
cplfw,0.17820490500038352,0.4584527220630373,0.9581920903954803
cplfw,0.1781837844202822,0.45902578796561605,0.9581920903954803
cplfw,0.17817949657970375,0.4595988538681948,0.9581920903954803
cplfw,0.17809443906971104,0.46017191977077365,0.9581920903954803
cplfw,0.1778195009522895,0.4607449856733524,0.9581920903954803
cplfw,0.17780951990134802,0.46131805157593125,0.9581920903954803
cplfw,0.17768004474547558,0.46189111747851,0.9581920903954803
cplfw,0.17741904493778796,0.4624641833810888,0.9581920903954803
cplfw,0.1773464290405042,0.46303724928366763,0.9581920903954803
cplfw,0.17732656944379147,0.4636103151862464,0.9581920903954803
cplfw,0.1772092443503009,0.46418338108882523,0.9581920903954803
cplfw,0.17720373850081497,0.464756446991404,0.9581920903954803
cplfw,0.1770969692910517,0.464756446991404,0.9587570621468926
cplfw,0.17695374065677724,0.46532951289398283,0.9587570621468926
cplfw,0.17687898636559765,0.4659025787965616,0.9587570621468926
cplfw,0.17686324890062172,0.4664756446991404,0.9587570621468926
cplfw,0.1767856059266862,0.4670487106017192,0.9587570621468926
cplfw,0.17677704112283382,0.467621776504298,0.9587570621468926
cplfw,0.1766757912912243,0.4681948424068768,0.9587570621468926
cplfw,0.17621813024189012,0.4687679083094556,0.9587570621468926
cplfw,0.1754533468124815,0.46934097421203436,0.9587570621468926
cplfw,0.17539136504284303,0.46934097421203436,0.9593220338983051
cplfw,0.17525563308218386,0.4699140401146132,0.9593220338983051
cplfw,0.17524969214114408,0.47048710601719196,0.9593220338983051
cplfw,0.1749166730971859,0.4710601719197708,0.9593220338983051
cplfw,0.17483858352810333,0.47163323782234956,0.9593220338983051
cplfw,0.1747794933745427,0.4722063037249284,0.9593220338983051
cplfw,0.17466993941028858,0.47277936962750716,0.9593220338983051
cplfw,0.17464892723399278,0.47335243553008594,0.9593220338983051
cplfw,0.17454105350274798,0.47392550143266476,0.9593220338983051
cplfw,0.17452912616774297,0.47449856733524354,0.9593220338983051
cplfw,0.17406436181300947,0.47507163323782237,0.9593220338983051
cplfw,0.1740152526546093,0.47564469914040114,0.9593220338983051
cplfw,0.1738111712744468,0.47621776504297997,0.9593220338983051
cplfw,0.17380944903208956,0.47679083094555874,0.9593220338983051
cplfw,0.17380515710678215,0.4773638968481375,0.9593220338983051
cplfw,0.17348158292701346,0.47793696275071634,0.9593220338983051
cplfw,0.17281935442463295,0.4785100286532951,0.9593220338983051
cplfw,0.172715352400217,0.47908309455587395,0.9593220338983051
cplfw,0.1725970693460956,0.4796561604584527,0.9593220338983051
cplfw,0.17257803594035262,0.4802292263610315,0.9593220338983051
cplfw,0.17252537387568476,0.4808022922636103,0.9593220338983051
cplfw,0.1724661284420734,0.4813753581661891,0.9593220338983051
cplfw,0.17226018775337212,0.4819484240687679,0.9593220338983051
cplfw,0.17219804556011326,0.4825214899713467,0.9593220338983051
cplfw,0.17213910195431764,0.4830945558739255,0.9593220338983051
cplfw,0.17212575082243978,0.4836676217765043,0.9593220338983051
cplfw,0.17212036565307723,0.48424068767908307,0.9593220338983051
cplfw,0.1720759546530397,0.4848137535816619,0.9593220338983051
cplfw,0.17161928682567065,0.4848137535816619,0.9598870056497175
cplfw,0.1715588025134241,0.4848137535816619,0.96045197740113
cplfw,0.17139170851949395,0.4853868194842407,0.96045197740113
cplfw,0.17104230902979317,0.4859598853868195,0.96045197740113
cplfw,0.17085211562447283,0.4865329512893983,0.96045197740113
cplfw,0.17076918204351244,0.4871060171919771,0.96045197740113
cplfw,0.17027745354238488,0.4876790830945559,0.96045197740113
cplfw,0.17019668432466412,0.48825214899713465,0.96045197740113
cplfw,0.17019056152490442,0.4888252148997135,0.96045197740113
cplfw,0.16986157884578973,0.48939828080229225,0.96045197740113
cplfw,0.16966484584030866,0.4899713467048711,0.96045197740113
cplfw,0.16965151427931477,0.49054441260744985,0.96045197740113
cplfw,0.16940100676880077,0.4911174785100286,0.96045197740113
cplfw,0.16919308716783774,0.49169054441260746,0.96045197740113
cplfw,0.1688609676330581,0.49226361031518623,0.96045197740113
cplfw,0.16872367459995682,0.49283667621776506,0.96045197740113
cplfw,0.16872087226273588,0.49340974212034383,0.96045197740113
cplfw,0.16868175614518405,0.49398280802292266,0.96045197740113
cplfw,0.16823561874539045,0.49455587392550143,0.96045197740113
cplfw,0.1680846039577264,0.4951289398280802,0.96045197740113
cplfw,0.16806931605836273,0.49570200573065903,0.96045197740113
cplfw,0.16789566290942984,0.49570200573065903,0.9610169491525423
cplfw,0.16789436115219888,0.4962750716332378,0.9610169491525423
cplfw,0.16768853463485045,0.49684813753581664,0.9610169491525423
cplfw,0.16757895573584386,0.4974212034383954,0.9610169491525423
cplfw,0.16755576716825896,0.4974212034383954,0.9615819209039548
cplfw,0.167447458072761,0.49799426934097424,0.9615819209039548
cplfw,0.16710554253156437,0.498567335243553,0.9615819209039548
cplfw,0.16703066723987064,0.4991404011461318,0.9615819209039548
cplfw,0.1670151210444422,0.4997134670487106,0.9615819209039548
cplfw,0.16697511583903354,0.5002865329512894,0.9615819209039548
cplfw,0.1669483573982784,0.5008595988538682,0.9615819209039548
cplfw,0.16691409804554042,0.501432664756447,0.9615819209039548
cplfw,0.16648930915190321,0.501432664756447,0.9621468926553672
cplfw,0.16630713059196392,0.5020057306590258,0.9621468926553672
cplfw,0.1660916743341359,0.5020057306590258,0.9627118644067797
cplfw,0.16604356468813383,0.5025787965616045,0.9627118644067797
cplfw,0.1660042015537771,0.5031518624641834,0.9627118644067797
cplfw,0.16597996021274813,0.5037249283667622,0.9627118644067797
cplfw,0.1659007366859699,0.504297994269341,0.9627118644067797
cplfw,0.1658195623069013,0.5048710601719197,0.9627118644067797
cplfw,0.1653504394253868,0.5054441260744985,0.9627118644067797
cplfw,0.16517405764352167,0.5060171919770774,0.9627118644067797
cplfw,0.1651525764392403,0.5065902578796562,0.9627118644067797
cplfw,0.16488076419300499,0.5071633237822349,0.9627118644067797
cplfw,0.16482734387324488,0.5077363896848137,0.9627118644067797
cplfw,0.16470198753244014,0.5077363896848137,0.963276836158192
cplfw,0.1645205149109647,0.5083094555873926,0.963276836158192
cplfw,0.16400929809990847,0.5088825214899714,0.963276836158192
cplfw,0.16397948712921342,0.5094555873925501,0.963276836158192
cplfw,0.16397686729751082,0.5100286532951289,0.963276836158192
cplfw,0.16381566442825535,0.5106017191977077,0.963276836158192
cplfw,0.1637752112474991,0.5111747851002866,0.963276836158192
cplfw,0.16365824311922478,0.5117478510028654,0.963276836158192
cplfw,0.16362059940601142,0.5123209169054441,0.963276836158192
cplfw,0.16328747854063463,0.5128939828080229,0.963276836158192
cplfw,0.1632746647727862,0.5134670487106017,0.963276836158192
cplfw,0.16299118060359657,0.5134670487106017,0.9638418079096045
cplfw,0.16297403658273296,0.5140401146131806,0.9638418079096045
cplfw,0.16283717926785485,0.5146131805157593,0.9638418079096045
cplfw,0.16276517536539925,0.5151862464183381,0.9638418079096045
cplfw,0.16269240294736312,0.5157593123209169,0.9638418079096045
cplfw,0.16247494921835165,0.5163323782234956,0.9638418079096045
cplfw,0.16246416371433167,0.5169054441260745,0.9638418079096045
cplfw,0.1622325364579289,0.5174785100286533,0.9638418079096045
cplfw,0.16223111696726336,0.5180515759312321,0.9638418079096045
cplfw,0.1615290422521652,0.5186246418338109,0.9638418079096045
cplfw,0.16148947755227566,0.5191977077363897,0.9638418079096045
cplfw,0.16142378636830768,0.5197707736389685,0.9638418079096045
cplfw,0.16117815653835124,0.5203438395415473,0.9638418079096045
cplfw,0.16090857428278846,0.520916905444126,0.9638418079096045
cplfw,0.16071268723232818,0.5214899713467048,0.9638418079096045
cplfw,0.16069123659362428,0.5214899713467048,0.964406779661017
cplfw,0.16051296746379481,0.5220630372492837,0.964406779661017
cplfw,0.16032961635663992,0.5226361031518625,0.964406779661017
cplfw,0.16028951943637595,0.5232091690544413,0.964406779661017
cplfw,0.1602751550774521,0.52378223495702,0.964406779661017
cplfw,0.16009574592542236,0.5243553008595988,0.964406779661017
cplfw,0.1599806764794545,0.5249283667621777,0.964406779661017
cplfw,0.15978441208618396,0.5255014326647565,0.964406779661017
cplfw,0.15963069931537036,0.5260744985673352,0.964406779661017
cplfw,0.159568095452747,0.526647564469914,0.964406779661017
cplfw,0.15948375622487496,0.5272206303724928,0.964406779661017
cplfw,0.15919878274682828,0.5277936962750717,0.964406779661017
cplfw,0.15913391149865877,0.5283667621776504,0.964406779661017
cplfw,0.1590390222790484,0.5283667621776504,0.9649717514124294
cplfw,0.15902179070121253,0.5289398280802292,0.9649717514124294
cplfw,0.15892677094202146,0.529512893982808,0.9649717514124294
cplfw,0.15849752476180234,0.529512893982808,0.9655367231638418
cplfw,0.15821526149657644,0.5300859598853869,0.9655367231638418
cplfw,0.1582040055164791,0.5306590257879656,0.9655367231638418
cplfw,0.15812533194846579,0.5306590257879656,0.9661016949152542
cplfw,0.15802756720165853,0.5306590257879656,0.9666666666666667
cplfw,0.1578957161493174,0.5312320916905444,0.9666666666666667
cplfw,0.15784201635792525,0.5318051575931232,0.9666666666666667
cplfw,0.1578153831682995,0.532378223495702,0.9666666666666667
cplfw,0.1577475965168939,0.532378223495702,0.9672316384180791
cplfw,0.1576420511649465,0.5329512893982808,0.9672316384180791
cplfw,0.1574028408042708,0.5335243553008596,0.9672316384180791
cplfw,0.1573313389599747,0.5340974212034384,0.9672316384180791
cplfw,0.15706116130994488,0.5346704871060172,0.9672316384180791
cplfw,0.1569446598802007,0.5346704871060172,0.9677966101694915
cplfw,0.15673559456624564,0.5352435530085959,0.9677966101694915
cplfw,0.15653288615815497,0.5358166189111748,0.9677966101694915
cplfw,0.15639847700934575,0.5363896848137536,0.9677966101694915
cplfw,0.15626686466171766,0.5369627507163324,0.9677966101694915
cplfw,0.15596041724301232,0.5375358166189111,0.9677966101694915
cplfw,0.1555358590697067,0.5381088825214899,0.9677966101694915
cplfw,0.15538405608650527,0.5386819484240688,0.9677966101694915
cplfw,0.15532883935925346,0.5392550143266476,0.9677966101694915
cplfw,0.15503006979859246,0.5398280802292263,0.9677966101694915
cplfw,0.15488416593989793,0.5404011461318051,0.9677966101694915
cplfw,0.15485779589912285,0.540974212034384,0.9677966101694915
cplfw,0.15474730081299626,0.5415472779369628,0.9677966101694915
cplfw,0.15449192493107292,0.5421203438395416,0.9677966101694915
cplfw,0.15429743295637416,0.5426934097421203,0.9677966101694915
cplfw,0.15426022640127776,0.5432664756446991,0.9677966101694915
cplfw,0.1542341005327929,0.543839541547278,0.9677966101694915
cplfw,0.15378697158629617,0.5444126074498568,0.9677966101694915
cplfw,0.1537161139075579,0.5449856733524355,0.9677966101694915
cplfw,0.15338450591132335,0.5455587392550143,0.9677966101694915
cplfw,0.15337727734734016,0.5461318051575931,0.9677966101694915
cplfw,0.15328084630116587,0.546704871060172,0.9677966101694915
cplfw,0.1532575515878776,0.5472779369627507,0.9677966101694915
cplfw,0.15289506478307444,0.5478510028653295,0.9677966101694915
cplfw,0.15287288655261888,0.5484240687679083,0.9677966101694915
cplfw,0.15283596603576588,0.548997134670487,0.9677966101694915
cplfw,0.15273864179478805,0.548997134670487,0.9683615819209039
cplfw,0.15264567134242563,0.5495702005730659,0.9683615819209039
cplfw,0.15245921521672987,0.5501432664756447,0.9683615819209039
cplfw,0.15245712596328964,0.5507163323782235,0.9683615819209039
cplfw,0.15245204642662985,0.5512893982808023,0.9683615819209039
cplfw,0.15209395384259872,0.5518624641833811,0.9683615819209039
cplfw,0.15196281378255405,0.5518624641833811,0.9689265536723164
cplfw,0.1516811102966692,0.5524355300859599,0.9689265536723164
cplfw,0.15161374864083174,0.5530085959885387,0.9689265536723164
cplfw,0.15145407292076749,0.5535816618911175,0.9689265536723164
cplfw,0.15134149445063094,0.5541547277936962,0.9689265536723164
cplfw,0.15125646073915294,0.5547277936962751,0.9689265536723164
cplfw,0.1512216270056634,0.5553008595988539,0.9689265536723164
cplfw,0.15110786977513507,0.5558739255014327,0.9689265536723164
cplfw,0.15105910318213173,0.5564469914040114,0.9689265536723164
cplfw,0.15086691853091208,0.5570200573065902,0.9689265536723164
cplfw,0.1508275112312851,0.5575931232091691,0.9689265536723164
cplfw,0.15054085141357174,0.5581661891117479,0.9689265536723164
cplfw,0.15043823446014531,0.5587392550143266,0.9689265536723164
cplfw,0.15010206446219923,0.5593123209169054,0.9689265536723164
cplfw,0.15002087864726096,0.5593123209169054,0.9694915254237289
cplfw,0.1499873521510603,0.5598853868194842,0.9694915254237289
cplfw,0.14997773633689124,0.5604584527220631,0.9694915254237289
cplfw,0.14985398570831132,0.5610315186246418,0.9694915254237289
cplfw,0.14976898127566865,0.5616045845272206,0.9694915254237289
cplfw,0.14975768774437637,0.5621776504297994,0.9694915254237289
cplfw,0.1497260326505873,0.5627507163323783,0.9694915254237289
cplfw,0.14960139900372393,0.563323782234957,0.9694915254237289
cplfw,0.14940766949108383,0.5638968481375358,0.9694915254237289
cplfw,0.1493962544807447,0.5644699140401146,0.9694915254237289
cplfw,0.14936140165112843,0.5650429799426934,0.9694915254237289
cplfw,0.14933839278405783,0.5656160458452723,0.9694915254237289
cplfw,0.14933721527086083,0.566189111747851,0.9694915254237289
cplfw,0.14891561072871176,0.566189111747851,0.9700564971751412
cplfw,0.14890200217376579,0.5667621776504298,0.9700564971751412
cplfw,0.14879674835566836,0.5673352435530086,0.9700564971751412
cplfw,0.1487481823279914,0.5679083094555873,0.9700564971751412
cplfw,0.14835773535754804,0.5684813753581662,0.9700564971751412
cplfw,0.14834426276283547,0.5684813753581662,0.9706214689265537
cplfw,0.1482237526841524,0.569054441260745,0.9706214689265537
cplfw,0.14810534645859735,0.5696275071633238,0.9706214689265537
cplfw,0.14785270064209216,0.5702005730659025,0.9706214689265537
cplfw,0.14767523919869951,0.5707736389684813,0.9706214689265537
cplfw,0.1475574064964152,0.5713467048710602,0.9706214689265537
cplfw,0.14755638410014035,0.571919770773639,0.9706214689265537
cplfw,0.14753600177677337,0.5724928366762178,0.9706214689265537
cplfw,0.14746984899183344,0.5730659025787965,0.9706214689265537
cplfw,0.1471108116825951,0.5736389684813754,0.9706214689265537
cplfw,0.14705165119274013,0.5742120343839542,0.9706214689265537
cplfw,0.14639014148880478,0.574785100286533,0.9706214689265537
cplfw,0.14605264507336088,0.5753581661891117,0.9706214689265537
cplfw,0.14603752887016672,0.5759312320916905,0.9706214689265537
cplfw,0.14585107726947982,0.5765042979942694,0.9706214689265537
cplfw,0.14582756957146195,0.5770773638968482,0.9706214689265537
cplfw,0.1456797044340892,0.5770773638968482,0.9711864406779661
cplfw,0.14563412290760544,0.5776504297994269,0.9711864406779661
cplfw,0.1456079089959053,0.5782234957020057,0.9711864406779661
cplfw,0.14545592018963996,0.5787965616045845,0.9711864406779661
cplfw,0.145390032955837,0.5793696275071634,0.9711864406779661
cplfw,0.145320033639868,0.5799426934097421,0.9711864406779661
cplfw,0.1451620577324009,0.5805157593123209,0.9711864406779661
cplfw,0.1451538512979408,0.5810888252148997,0.9711864406779661
cplfw,0.1451377434574888,0.5816618911174785,0.9711864406779661
cplfw,0.14512882748820985,0.5822349570200573,0.9711864406779661
cplfw,0.14496741749063263,0.5828080229226361,0.9711864406779661
cplfw,0.14487336685048502,0.5833810888252149,0.9711864406779661
cplfw,0.14475463973190045,0.5839541547277937,0.9711864406779661
cplfw,0.1446833965112473,0.5845272206303725,0.9711864406779661
cplfw,0.14463459150652597,0.5851002865329513,0.9711864406779661
cplfw,0.14452965385073446,0.5856733524355301,0.9711864406779661
cplfw,0.14445465228867138,0.5862464183381089,0.9711864406779661
cplfw,0.14438058990169408,0.5868194842406876,0.9711864406779661
cplfw,0.14414612456000436,0.5873925501432665,0.9711864406779661
cplfw,0.14378400891383947,0.5879656160458453,0.9711864406779661
cplfw,0.1437034448902987,0.5885386819484241,0.9711864406779661
cplfw,0.14322092859286228,0.5891117478510028,0.9711864406779661
cplfw,0.14300040541963804,0.5896848137535816,0.9711864406779661
cplfw,0.14283792783119023,0.5896848137535816,0.9717514124293786
cplfw,0.14280442296261636,0.5902578796561605,0.9717514124293786
cplfw,0.14266576424811755,0.5908309455587393,0.9717514124293786
cplfw,0.1426262615168495,0.591404011461318,0.9717514124293786
cplfw,0.14236719615069104,0.5919770773638968,0.9717514124293786
cplfw,0.14234617097592503,0.5925501432664756,0.9717514124293786
cplfw,0.1422751463158061,0.5931232091690545,0.9717514124293786
cplfw,0.14219242138910543,0.5936962750716333,0.9717514124293786
cplfw,0.14199772803898292,0.594269340974212,0.9717514124293786
cplfw,0.14191950346954668,0.5948424068767908,0.9717514124293786
cplfw,0.14181542426555224,0.5954154727793697,0.9717514124293786
cplfw,0.14181523483874,0.5959885386819485,0.9717514124293786
cplfw,0.1415844155705058,0.5965616045845272,0.9717514124293786
cplfw,0.14155527534489867,0.597134670487106,0.9717514124293786
cplfw,0.14135388204744873,0.5977077363896848,0.9717514124293786
cplfw,0.1413285101617109,0.5982808022922637,0.9717514124293786
cplfw,0.14128818920669753,0.5988538681948424,0.9717514124293786
cplfw,0.1409074825755124,0.5994269340974212,0.9717514124293786
cplfw,0.14080674517657146,0.6,0.9717514124293786
cplfw,0.14064627265943616,0.6005730659025788,0.9717514124293786
cplfw,0.1405498113169717,0.6011461318051576,0.9717514124293786
cplfw,0.1403036238631849,0.6017191977077364,0.9717514124293786
cplfw,0.14029027320000828,0.6022922636103152,0.9717514124293786
cplfw,0.14020261428532826,0.602865329512894,0.9717514124293786
cplfw,0.13988075018790155,0.6034383954154727,0.9717514124293786
cplfw,0.1398675842731491,0.6040114613180516,0.9717514124293786
cplfw,0.13978656265283124,0.6045845272206304,0.9717514124293786
cplfw,0.13957232598508384,0.6051575931232092,0.9717514124293786
cplfw,0.13929492111403136,0.6057306590257879,0.9717514124293786
cplfw,0.13927488696674128,0.6063037249283668,0.9717514124293786
cplfw,0.1392577350565168,0.6063037249283668,0.9723163841807909
cplfw,0.13912267176145596,0.6068767908309456,0.9723163841807909
cplfw,0.13905055216717047,0.6074498567335244,0.9723163841807909
cplfw,0.13899265928638554,0.6080229226361031,0.9723163841807909
cplfw,0.13890468736368142,0.6080229226361031,0.9728813559322034
cplfw,0.1388832319291818,0.6085959885386819,0.9728813559322034
cplfw,0.13885262077078203,0.6091690544412608,0.9728813559322034
cplfw,0.13854057877253761,0.6097421203438396,0.9728813559322034
cplfw,0.1385167457032106,0.6103151862464183,0.9728813559322034
cplfw,0.13819498562565302,0.6108882521489971,0.9728813559322034
cplfw,0.13817378085276352,0.6114613180515759,0.9728813559322034
cplfw,0.1378075819400956,0.6120343839541548,0.9728813559322034
cplfw,0.13775339820100901,0.6126074498567335,0.9728813559322034
cplfw,0.13765934971697477,0.6131805157593123,0.9728813559322034
cplfw,0.13753194168898897,0.6137535816618911,0.9728813559322034
cplfw,0.13735529542144118,0.6143266475644699,0.9728813559322034
cplfw,0.13704705045426416,0.6148997134670487,0.9728813559322034
cplfw,0.13684213673932777,0.6154727793696275,0.9728813559322034
cplfw,0.13684119859869523,0.6160458452722063,0.9728813559322034
cplfw,0.13683152189189418,0.6166189111747851,0.9728813559322034
cplfw,0.13678718007473764,0.617191977077364,0.9728813559322034
cplfw,0.13667852258108806,0.6177650429799427,0.9728813559322034
cplfw,0.13643441500433517,0.6183381088825215,0.9728813559322034
cplfw,0.13634600429158725,0.6189111747851003,0.9728813559322034
cplfw,0.13633781985784732,0.619484240687679,0.9728813559322034
cplfw,0.1360182236632873,0.6200573065902579,0.9728813559322034
cplfw,0.13588944010920573,0.6206303724928367,0.9728813559322034
cplfw,0.13584788691490352,0.6212034383954155,0.9728813559322034
cplfw,0.13576066359560748,0.6217765042979942,0.9728813559322034
cplfw,0.13565884455168076,0.622349570200573,0.9728813559322034
cplfw,0.135607142709015,0.6229226361031519,0.9728813559322034
cplfw,0.13554322764772994,0.6234957020057307,0.9728813559322034
cplfw,0.13550380924345926,0.6240687679083095,0.9728813559322034
cplfw,0.13523139368653062,0.6246418338108882,0.9728813559322034
cplfw,0.13517646281113924,0.625214899713467,0.9728813559322034
cplfw,0.13515510227130287,0.6257879656160459,0.9728813559322034
cplfw,0.13467638745483312,0.6263610315186247,0.9728813559322034
cplfw,0.13456415219321605,0.6269340974212034,0.9728813559322034
cplfw,0.13446659833248212,0.6275071633237822,0.9728813559322034
cplfw,0.13435376604718752,0.6275071633237822,0.9734463276836158
cplfw,0.1343174723483747,0.6280802292263611,0.9734463276836158
cplfw,0.134281658099181,0.6286532951289399,0.9734463276836158
cplfw,0.13418060165537365,0.6292263610315186,0.9734463276836158
cplfw,0.1340378841279164,0.6297994269340974,0.9734463276836158
cplfw,0.1339974405728509,0.6303724928366762,0.9734463276836158
cplfw,0.13396890601657996,0.6309455587392551,0.9734463276836158
cplfw,0.13361872566377023,0.6315186246418338,0.9734463276836158
cplfw,0.13340332441305444,0.6320916905444126,0.9734463276836158
cplfw,0.1333404781581053,0.6326647564469914,0.9734463276836158
cplfw,0.13325491802970307,0.6332378223495702,0.9734463276836158
cplfw,0.13324833061694072,0.633810888252149,0.9734463276836158
cplfw,0.13321929889347178,0.6343839541547278,0.9734463276836158
cplfw,0.13303987585211843,0.6349570200573066,0.9734463276836158
cplfw,0.1327691242881077,0.6355300859598854,0.9734463276836158
cplfw,0.13254919601780607,0.6361031518624641,0.9734463276836158
cplfw,0.1324571453373217,0.636676217765043,0.9734463276836158
cplfw,0.1324056350609995,0.6372492836676218,0.9734463276836158
cplfw,0.1323914744535001,0.6378223495702006,0.9734463276836158
cplfw,0.13234043666645584,0.6383954154727793,0.9734463276836158
cplfw,0.13228647100557903,0.6389684813753582,0.9734463276836158
cplfw,0.1322440042207714,0.639541547277937,0.9734463276836158
cplfw,0.1322324150305946,0.6401146131805158,0.9734463276836158
cplfw,0.13206050555197518,0.6406876790830945,0.9734463276836158
cplfw,0.13203648543924362,0.6412607449856733,0.9734463276836158
cplfw,0.1319449335232489,0.6418338108882522,0.9734463276836158
cplfw,0.13172576506910036,0.642406876790831,0.9734463276836158
cplfw,0.13167789820508422,0.6429799426934097,0.9734463276836158
cplfw,0.13157131475986822,0.6435530085959885,0.9734463276836158
cplfw,0.13146032164731167,0.6441260744985673,0.9734463276836158
cplfw,0.1314084926236033,0.6446991404011462,0.9734463276836158
cplfw,0.13138333863900628,0.645272206303725,0.9734463276836158
cplfw,0.13136295159930436,0.6458452722063037,0.9734463276836158
cplfw,0.13124073899273903,0.6464183381088825,0.9734463276836158
cplfw,0.13124001928165907,0.6469914040114613,0.9734463276836158
cplfw,0.13111392030321942,0.6475644699140402,0.9734463276836158
cplfw,0.1309517000614647,0.6481375358166189,0.9734463276836158
cplfw,0.1309401448161101,0.6487106017191977,0.9734463276836158
cplfw,0.13093406308483924,0.6492836676217765,0.9734463276836158
cplfw,0.13093137938526567,0.6498567335243552,0.9734463276836158
cplfw,0.13040462735782854,0.6504297994269341,0.9734463276836158
cplfw,0.1303827966783918,0.6510028653295129,0.9734463276836158
cplfw,0.13023101370432025,0.6515759312320917,0.9734463276836158
cplfw,0.13000852658246362,0.6521489971346704,0.9734463276836158
cplfw,0.12992778141052494,0.6527220630372493,0.9734463276836158
cplfw,0.12942155357424362,0.6532951289398281,0.9734463276836158
cplfw,0.12940972575515272,0.6532951289398281,0.9740112994350283
cplfw,0.12914195834876607,0.6538681948424069,0.9740112994350283
cplfw,0.12909921090993387,0.6544412607449857,0.9740112994350283
cplfw,0.12906330827386153,0.6550143266475644,0.9740112994350283
cplfw,0.12888231199944963,0.6550143266475644,0.9745762711864406
cplfw,0.12853524318814455,0.6555873925501433,0.9745762711864406
cplfw,0.12762935779895251,0.6561604584527221,0.9745762711864406
cplfw,0.12757249967986894,0.6567335243553009,0.9745762711864406
cplfw,0.1275526631512227,0.6573065902578796,0.9745762711864406
cplfw,0.1275083970605122,0.6578796561604584,0.9745762711864406
cplfw,0.12739031681832272,0.6584527220630373,0.9745762711864406
cplfw,0.1273539607040648,0.6590257879656161,0.9745762711864406
cplfw,0.12722229103964725,0.6595988538681948,0.9745762711864406
cplfw,0.12708547310044765,0.6601719197707736,0.9745762711864406
cplfw,0.12672252028321648,0.6607449856733524,0.9745762711864406
cplfw,0.12671459267072485,0.6613180515759313,0.9745762711864406
cplfw,0.12647801194130975,0.66189111747851,0.9745762711864406
cplfw,0.12634946282191714,0.6624641833810888,0.9745762711864406
cplfw,0.12633133891764073,0.6630372492836676,0.9745762711864406
cplfw,0.1263125255843538,0.6636103151862465,0.9745762711864406
cplfw,0.1262956414589779,0.6641833810888252,0.9745762711864406
cplfw,0.12626404681034964,0.664756446991404,0.9745762711864406
cplfw,0.12588913918717104,0.6653295128939828,0.9745762711864406
cplfw,0.12583299122638406,0.6659025787965616,0.9745762711864406
cplfw,0.12573897283831742,0.6664756446991404,0.9745762711864406
cplfw,0.12562742466475332,0.6670487106017192,0.9745762711864406
cplfw,0.12554410074788197,0.667621776504298,0.9745762711864406
cplfw,0.1253156103859381,0.6681948424068768,0.9745762711864406
cplfw,0.12473714103738934,0.6687679083094555,0.9745762711864406
cplfw,0.12378747257812289,0.6693409742120344,0.9745762711864406
cplfw,0.12371759582456826,0.6699140401146132,0.9745762711864406
cplfw,0.12365250497328242,0.670487106017192,0.9745762711864406
cplfw,0.12361900913155187,0.6710601719197707,0.9745762711864406
cplfw,0.12358748561557885,0.6716332378223495,0.9745762711864406
cplfw,0.12348833759623568,0.6722063037249284,0.9745762711864406
cplfw,0.12342137454226818,0.6722063037249284,0.9751412429378531
cplfw,0.12317618723200886,0.6727793696275072,0.9751412429378531
cplfw,0.12297911478699666,0.673352435530086,0.9751412429378531
cplfw,0.12292966996615297,0.6739255014326647,0.9751412429378531
cplfw,0.12285855152271997,0.6744985673352436,0.9751412429378531
cplfw,0.12259522963507448,0.6750716332378224,0.9751412429378531
cplfw,0.12197080438972865,0.6756446991404012,0.9751412429378531
cplfw,0.1218862494174418,0.6762177650429799,0.9751412429378531
cplfw,0.12185193480237913,0.6767908309455587,0.9751412429378531
cplfw,0.12183094085718058,0.6773638968481376,0.9751412429378531
cplfw,0.12127243604396906,0.6779369627507164,0.9751412429378531
cplfw,0.12106324016139872,0.6785100286532951,0.9751412429378531
cplfw,0.12077564377752233,0.6790830945558739,0.9751412429378531
cplfw,0.12071625641809255,0.6796561604584527,0.9751412429378531
cplfw,0.12066324325616425,0.6802292263610316,0.9751412429378531
cplfw,0.12063067994525412,0.6808022922636103,0.9751412429378531
cplfw,0.12043943352979374,0.6813753581661891,0.9751412429378531
cplfw,0.12009211747223474,0.6819484240687679,0.9751412429378531
cplfw,0.11987606921121169,0.6825214899713467,0.9751412429378531
cplfw,0.11986124125514121,0.6830945558739255,0.9751412429378531
cplfw,0.11969033741526468,0.6836676217765043,0.9751412429378531
cplfw,0.11961820140889537,0.6842406876790831,0.9751412429378531
cplfw,0.11961281595757636,0.6848137535816619,0.9751412429378531
cplfw,0.11939732386337858,0.6853868194842407,0.9751412429378531
cplfw,0.11907688817123786,0.6859598853868195,0.9751412429378531
cplfw,0.1190272404717041,0.6859598853868195,0.9757062146892655
cplfw,0.11895570666333014,0.6865329512893983,0.9757062146892655
cplfw,0.11873745028565191,0.6871060171919771,0.9757062146892655
cplfw,0.11821736139696448,0.6876790830945558,0.9757062146892655
cplfw,0.11821681071733899,0.6876790830945558,0.976271186440678
cplfw,0.11814139932580188,0.6882521489971347,0.976271186440678
cplfw,0.11804784397711696,0.6888252148997135,0.976271186440678
cplfw,0.11803521400324613,0.6893982808022923,0.976271186440678
cplfw,0.11779528277999442,0.689971346704871,0.976271186440678
cplfw,0.11773397060517007,0.6905444126074498,0.976271186440678
cplfw,0.11738680276250497,0.6911174785100287,0.976271186440678
cplfw,0.11734337734546624,0.6916905444126075,0.976271186440678
cplfw,0.1172922135665677,0.6922636103151862,0.976271186440678
cplfw,0.11720794045452258,0.692836676217765,0.976271186440678
cplfw,0.11712407057054885,0.6934097421203438,0.976271186440678
cplfw,0.11699183491486553,0.6939828080229227,0.976271186440678
cplfw,0.11687766886995478,0.6945558739255014,0.976271186440678
cplfw,0.11682778895377181,0.6951289398280802,0.976271186440678
cplfw,0.11660326393114587,0.6951289398280802,0.9768361581920904
cplfw,0.11658267328851701,0.6951289398280802,0.9774011299435028
cplfw,0.11634639186353574,0.695702005730659,0.9774011299435028
cplfw,0.11634049105767179,0.6962750716332379,0.9774011299435028
cplfw,0.11614112777488382,0.6968481375358166,0.9774011299435028
cplfw,0.11612277534190649,0.6974212034383954,0.9774011299435028
cplfw,0.11607798320603768,0.6979942693409742,0.9774011299435028
cplfw,0.1156852378034752,0.698567335243553,0.9774011299435028
cplfw,0.11554982196963336,0.6991404011461319,0.9774011299435028
cplfw,0.11520083291467115,0.6991404011461319,0.9779661016949153
cplfw,0.11518315612011709,0.6997134670487106,0.9779661016949153
cplfw,0.11494196270802637,0.7002865329512894,0.9779661016949153
cplfw,0.1145647382265342,0.7008595988538682,0.9779661016949153
cplfw,0.11446740883912393,0.7014326647564469,0.9779661016949153
cplfw,0.11435467553734513,0.7020057306590258,0.9779661016949153
cplfw,0.11378870417287827,0.7025787965616046,0.9779661016949153
cplfw,0.11376104487116802,0.7031518624641834,0.9779661016949153
cplfw,0.11374478366266812,0.7037249283667621,0.9779661016949153
cplfw,0.11368800579120954,0.7042979942693409,0.9779661016949153
cplfw,0.1135987322163937,0.7048710601719198,0.9779661016949153
cplfw,0.11338198516363791,0.7054441260744986,0.9779661016949153
cplfw,0.11316586433050482,0.7060171919770774,0.9779661016949153
cplfw,0.11308846411086317,0.7065902578796561,0.9779661016949153
cplfw,0.11291431018421644,0.7065902578796561,0.9785310734463277
cplfw,0.11291171201514223,0.707163323782235,0.9785310734463277
cplfw,0.11268326031659755,0.7077363896848138,0.9785310734463277
cplfw,0.11244458941221802,0.7083094555873926,0.9785310734463277
cplfw,0.11239592178438773,0.7088825214899713,0.9785310734463277
cplfw,0.11211366849900375,0.7094555873925501,0.9785310734463277
cplfw,0.11178512176044489,0.710028653295129,0.9785310734463277
cplfw,0.1116165933062096,0.7106017191977078,0.9785310734463277
cplfw,0.11125214078155951,0.7111747851002865,0.9785310734463277
cplfw,0.1112352169154034,0.7117478510028653,0.9785310734463277
cplfw,0.11089055176135312,0.7123209169054441,0.9785310734463277
cplfw,0.1108580182776149,0.712893982808023,0.9785310734463277
cplfw,0.11057792451399279,0.7134670487106017,0.9785310734463277
cplfw,0.11044189088416019,0.7140401146131805,0.9785310734463277
cplfw,0.11038045342965241,0.7146131805157593,0.9785310734463277
cplfw,0.1102764822671136,0.7146131805157593,0.9790960451977401
cplfw,0.11000705508623893,0.7151862464183381,0.9790960451977401
cplfw,0.10984009393889718,0.7157593123209169,0.9790960451977401
cplfw,0.10969031380813377,0.7163323782234957,0.9790960451977401
cplfw,0.10960850444902671,0.7169054441260745,0.9790960451977401
cplfw,0.10928111431610237,0.7174785100286533,0.9790960451977401
cplfw,0.10926019245479554,0.7180515759312321,0.9790960451977401
cplfw,0.10898603424087822,0.7180515759312321,0.9796610169491525
cplfw,0.10890976075732302,0.7186246418338109,0.9796610169491525
cplfw,0.10888993456163408,0.7191977077363897,0.9796610169491525
cplfw,0.10885752950490367,0.7197707736389685,0.9796610169491525
cplfw,0.10883452404661749,0.7203438395415472,0.9796610169491525
cplfw,0.1085044924476339,0.7209169054441261,0.9796610169491525
cplfw,0.10844088785584367,0.7214899713467049,0.9796610169491525
cplfw,0.10816513511942201,0.7220630372492837,0.9796610169491525
cplfw,0.10815675190895481,0.7226361031518624,0.9796610169491525
cplfw,0.10778622746605822,0.7226361031518624,0.980225988700565
cplfw,0.10777706799395675,0.7232091690544412,0.980225988700565
cplfw,0.10766832093799764,0.7237822349570201,0.980225988700565
cplfw,0.10759579818665403,0.7243553008595989,0.980225988700565
cplfw,0.1075945689270027,0.7249283667621776,0.980225988700565
cplfw,0.10751552906370843,0.7255014326647564,0.980225988700565
cplfw,0.10722299345023256,0.7260744985673352,0.980225988700565
cplfw,0.10718813495814224,0.7266475644699141,0.980225988700565
cplfw,0.1071675164747336,0.7272206303724928,0.980225988700565
cplfw,0.10703705530960286,0.7277936962750716,0.980225988700565
cplfw,0.10703325615861164,0.7283667621776504,0.980225988700565
cplfw,0.10699710600727118,0.7289398280802293,0.980225988700565
cplfw,0.10695958623898,0.729512893982808,0.980225988700565
cplfw,0.1068983032684729,0.7300859598853868,0.980225988700565
cplfw,0.10682977632127982,0.7306590257879656,0.980225988700565
cplfw,0.10667995683690708,0.7312320916905444,0.980225988700565
cplfw,0.10660915705786132,0.7318051575931233,0.980225988700565
cplfw,0.10641754775329629,0.732378223495702,0.980225988700565
cplfw,0.10631705483482991,0.7329512893982808,0.980225988700565
cplfw,0.10618578810895674,0.7335243553008596,0.980225988700565
cplfw,0.10600857728821958,0.7340974212034383,0.980225988700565
cplfw,0.1058523488111534,0.7346704871060172,0.980225988700565
cplfw,0.10575073133637843,0.735243553008596,0.980225988700565
cplfw,0.10553868710879676,0.7358166189111748,0.980225988700565
cplfw,0.10541703204511615,0.7363896848137536,0.980225988700565
cplfw,0.10527449986263844,0.7369627507163323,0.980225988700565
cplfw,0.10499657081126927,0.7375358166189112,0.980225988700565
cplfw,0.10486436021452303,0.73810888252149,0.980225988700565
cplfw,0.10485993356164866,0.7386819484240688,0.980225988700565
cplfw,0.10479159015398376,0.7392550143266475,0.980225988700565
cplfw,0.10472025776481265,0.7398280802292264,0.980225988700565
cplfw,0.10458799039528356,0.7404011461318052,0.980225988700565
cplfw,0.10432008452936582,0.7404011461318052,0.9807909604519774
cplfw,0.10420486780411864,0.740974212034384,0.9807909604519774
cplfw,0.10412134960881488,0.7415472779369627,0.9807909604519774
cplfw,0.1040336871548283,0.7421203438395415,0.9807909604519774
cplfw,0.10344941321951327,0.7426934097421204,0.9807909604519774
cplfw,0.1032671044860427,0.7432664756446992,0.9807909604519774
cplfw,0.1030780556658122,0.7438395415472779,0.9807909604519774
cplfw,0.10304805367877863,0.7444126074498567,0.9807909604519774
cplfw,0.10286880924437153,0.7449856733524355,0.9807909604519774
cplfw,0.10235259337816602,0.7455587392550144,0.9807909604519774
cplfw,0.10226246241577303,0.7461318051575931,0.9807909604519774
cplfw,0.10209563203482819,0.7467048710601719,0.9807909604519774
cplfw,0.1014516563147493,0.7472779369627507,0.9807909604519774
cplfw,0.10138213454709552,0.7478510028653295,0.9807909604519774
cplfw,0.10102228947276301,0.7484240687679083,0.9807909604519774
cplfw,0.1007797389107788,0.7489971346704871,0.9807909604519774
cplfw,0.10046869845039987,0.7495702005730659,0.9807909604519774
cplfw,0.1004106989705803,0.7501432664756447,0.9807909604519774
cplfw,0.10028300568732601,0.7507163323782235,0.9807909604519774
cplfw,0.10022499197324596,0.7507163323782235,0.9813559322033898
cplfw,0.10004697520056505,0.7512893982808023,0.9813559322033898
cplfw,0.10000110447822663,0.7518624641833811,0.9813559322033898
cplfw,0.09977072114757543,0.7524355300859599,0.9813559322033898
cplfw,0.09969968133745942,0.7530085959885386,0.9813559322033898
cplfw,0.09960919261433827,0.7535816618911175,0.9813559322033898
cplfw,0.09897939193383823,0.7541547277936963,0.9813559322033898
cplfw,0.09895257581952469,0.7547277936962751,0.9813559322033898
cplfw,0.09869338635506862,0.7553008595988538,0.9813559322033898
cplfw,0.09863232682594435,0.7558739255014326,0.9813559322033898
cplfw,0.09856891848515355,0.7564469914040115,0.9813559322033898
cplfw,0.09784031632443102,0.7570200573065903,0.9813559322033898
cplfw,0.09776565885176704,0.757593123209169,0.9813559322033898
cplfw,0.09767320293187054,0.7581661891117478,0.9813559322033898
cplfw,0.09754407208097683,0.7587392550143266,0.9813559322033898
cplfw,0.09704504343152091,0.7593123209169055,0.9813559322033898
cplfw,0.09686400467169302,0.7598853868194843,0.9813559322033898
cplfw,0.09668773509391439,0.760458452722063,0.9813559322033898
cplfw,0.09662136575999448,0.7610315186246418,0.9813559322033898
cplfw,0.09651513827403468,0.7610315186246418,0.9819209039548022
cplfw,0.0964413929907702,0.7610315186246418,0.9824858757062147
cplfw,0.09598287334619554,0.7616045845272207,0.9824858757062147
cplfw,0.0959805783367636,0.7621776504297995,0.9824858757062147
cplfw,0.09587505070995536,0.7621776504297995,0.9830508474576272
cplfw,0.09585536746606127,0.7627507163323782,0.9830508474576272
cplfw,0.09551604688809914,0.763323782234957,0.9830508474576272
cplfw,0.0953846279667144,0.7638968481375358,0.9830508474576272
cplfw,0.09535525614600625,0.7644699140401147,0.9830508474576272
cplfw,0.09533710742904503,0.7650429799426934,0.9830508474576272
cplfw,0.09489126279153547,0.7656160458452722,0.9830508474576272
cplfw,0.09458427421450935,0.766189111747851,0.9830508474576272
cplfw,0.09417372060168304,0.7667621776504298,0.9830508474576272
cplfw,0.09391837141584916,0.7673352435530086,0.9830508474576272
cplfw,0.09371157561602879,0.7679083094555874,0.9830508474576272
cplfw,0.0937043159078319,0.7679083094555874,0.9836158192090395
cplfw,0.09352966618965569,0.7684813753581662,0.9836158192090395
cplfw,0.09290840157861516,0.769054441260745,0.9836158192090395
cplfw,0.0928841252135778,0.7696275071633237,0.9836158192090395
cplfw,0.09279980174492233,0.7702005730659026,0.9836158192090395
cplfw,0.09265428033474486,0.7707736389684814,0.9836158192090395
cplfw,0.09262468885631381,0.7713467048710602,0.9836158192090395
cplfw,0.09227236994661624,0.7719197707736389,0.9836158192090395
cplfw,0.09224808363435441,0.7724928366762178,0.9836158192090395
cplfw,0.09203908730518544,0.7730659025787966,0.9836158192090395
cplfw,0.09195389545654006,0.7736389684813754,0.9836158192090395
cplfw,0.09185242983281904,0.7742120343839541,0.9836158192090395
cplfw,0.0916575033390666,0.7747851002865329,0.9836158192090395
cplfw,0.09140582385107253,0.7753581661891118,0.9836158192090395
cplfw,0.0911240290749,0.7759312320916906,0.9836158192090395
cplfw,0.09112157423490784,0.7765042979942693,0.9836158192090395
cplfw,0.09106759744198803,0.7770773638968481,0.9836158192090395
cplfw,0.09098682101319418,0.7776504297994269,0.9836158192090395
cplfw,0.09086811823445101,0.7782234957020058,0.9836158192090395
cplfw,0.09051399419898884,0.7787965616045845,0.9836158192090395
cplfw,0.09030315843403189,0.7793696275071633,0.9836158192090395
cplfw,0.09015476891789183,0.7799426934097421,0.9836158192090395
cplfw,0.0895400324340722,0.7799426934097421,0.984180790960452
cplfw,0.08923533109565557,0.7805157593123209,0.984180790960452
cplfw,0.08909272459636633,0.7805157593123209,0.9847457627118644
cplfw,0.08903725355358448,0.7810888252148998,0.9847457627118644
cplfw,0.08900486816697889,0.7816618911174785,0.9847457627118644
cplfw,0.08883819299979238,0.7822349570200573,0.9847457627118644
cplfw,0.08798925423257639,0.7828080229226361,0.9847457627118644
cplfw,0.08797860314708057,0.783381088825215,0.9847457627118644
cplfw,0.08797497238761216,0.7839541547277937,0.9847457627118644
cplfw,0.08782365061451274,0.7839541547277937,0.9853107344632769
cplfw,0.08775505726281364,0.7845272206303725,0.9853107344632769
cplfw,0.08774649393880149,0.7851002865329513,0.9853107344632769
cplfw,0.08766697062702444,0.78567335243553,0.9853107344632769
cplfw,0.08739440497835264,0.7862464183381089,0.9853107344632769
cplfw,0.08714926428018244,0.7868194842406877,0.9853107344632769
cplfw,0.08678551453670132,0.7873925501432665,0.9853107344632769
cplfw,0.08667614648232287,0.7879656160458453,0.9853107344632769
cplfw,0.0862336693416821,0.788538681948424,0.9853107344632769
cplfw,0.08623259080756794,0.7891117478510029,0.9853107344632769
cplfw,0.08620430812116095,0.7896848137535817,0.9853107344632769
cplfw,0.08589479479355759,0.7902578796561605,0.9853107344632769
cplfw,0.08582928532735232,0.7908309455587392,0.9853107344632769
cplfw,0.0856311910113651,0.791404011461318,0.9853107344632769
cplfw,0.08558344509589237,0.7919770773638969,0.9853107344632769
cplfw,0.08554140552364924,0.7925501432664757,0.9853107344632769
cplfw,0.08545620538407528,0.7931232091690544,0.9853107344632769
cplfw,0.08542033870571196,0.7936962750716332,0.9853107344632769
cplfw,0.08520719158509882,0.794269340974212,0.9853107344632769
cplfw,0.08498675296792721,0.7948424068767909,0.9853107344632769
cplfw,0.08495564582939875,0.7954154727793696,0.9853107344632769
cplfw,0.08465839301627252,0.7959885386819484,0.9853107344632769
cplfw,0.08394145410246154,0.7965616045845272,0.9853107344632769
cplfw,0.08382859093323161,0.7971346704871061,0.9853107344632769
cplfw,0.08379110691436259,0.7977077363896848,0.9853107344632769
cplfw,0.08369684374587416,0.7982808022922636,0.9853107344632769
cplfw,0.08354360075355673,0.7988538681948424,0.9853107344632769
cplfw,0.08334459083195536,0.7994269340974212,0.9853107344632769
cplfw,0.08330096810785571,0.7994269340974212,0.9858757062146892
cplfw,0.08317463373288408,0.8,0.9858757062146892
cplfw,0.08317370385378904,0.8005730659025788,0.9858757062146892
cplfw,0.08317038379762597,0.8005730659025788,0.9864406779661017
cplfw,0.08268580352754373,0.8011461318051576,0.9864406779661017
cplfw,0.08234194124349653,0.8017191977077364,0.9864406779661017
cplfw,0.0821398347959509,0.8022922636103151,0.9864406779661017
cplfw,0.08201261215498107,0.802865329512894,0.9864406779661017
cplfw,0.08184291076033497,0.8034383954154728,0.9864406779661017
cplfw,0.08178963981808574,0.8040114613180516,0.9864406779661017
cplfw,0.08150019570025721,0.8045845272206303,0.9864406779661017
cplfw,0.08139851040421446,0.8051575931232091,0.9864406779661017
cplfw,0.08087070385059668,0.805730659025788,0.9864406779661017
cplfw,0.0806192953191909,0.8063037249283668,0.9864406779661017
cplfw,0.08049528457007771,0.8068767908309455,0.9864406779661017
cplfw,0.08033585253146523,0.8074498567335243,0.9864406779661017
cplfw,0.08030125511059774,0.8080229226361032,0.9864406779661017
cplfw,0.08017447975693445,0.808595988538682,0.9864406779661017
cplfw,0.07986917494586158,0.8091690544412607,0.9864406779661017
cplfw,0.07943588271437896,0.8097421203438395,0.9864406779661017
cplfw,0.07925342820562799,0.8103151862464183,0.9864406779661017
cplfw,0.07921162187191708,0.8108882521489972,0.9864406779661017
cplfw,0.079142545285299,0.811461318051576,0.9864406779661017
cplfw,0.07900444389982615,0.8120343839541547,0.9864406779661017
cplfw,0.07882794740956092,0.8126074498567335,0.9864406779661017
cplfw,0.07822763792899928,0.8131805157593123,0.9864406779661017
cplfw,0.07687225778455178,0.8137535816618912,0.9864406779661017
cplfw,0.07686067025640247,0.8143266475644699,0.9864406779661017
cplfw,0.07654563897451405,0.8148997134670487,0.9864406779661017
cplfw,0.0755540140628612,0.8154727793696275,0.9864406779661017
cplfw,0.0755166005768456,0.8160458452722062,0.9864406779661017
cplfw,0.07512537423893638,0.8166189111747851,0.9864406779661017
cplfw,0.07451160231010913,0.8171919770773639,0.9864406779661017
cplfw,0.07447977627698694,0.8177650429799427,0.9864406779661017
cplfw,0.0744543130413579,0.8183381088825215,0.9864406779661017
cplfw,0.0743462157265634,0.8189111747851003,0.9864406779661017
cplfw,0.07414525064434897,0.8194842406876791,0.9864406779661017
cplfw,0.07355535722104722,0.8200573065902579,0.9864406779661017
cplfw,0.0734633326532266,0.8206303724928367,0.9864406779661017
cplfw,0.07329288246904138,0.8212034383954154,0.9864406779661017
cplfw,0.0730275126794344,0.8217765042979943,0.9864406779661017
cplfw,0.0728502409482346,0.8223495702005731,0.9864406779661017
cplfw,0.07258542393917673,0.8229226361031519,0.9864406779661017
cplfw,0.07257639838069299,0.8234957020057306,0.9864406779661017
cplfw,0.07253988814007893,0.8240687679083094,0.9864406779661017
cplfw,0.07246592634844147,0.8246418338108883,0.9864406779661017
cplfw,0.07225207650230646,0.8246418338108883,0.9870056497175141
cplfw,0.07191596592296354,0.8252148997134671,0.9870056497175141
cplfw,0.07188235584692657,0.8257879656160458,0.9870056497175141
cplfw,0.07176571006988089,0.8263610315186246,0.9870056497175141
cplfw,0.07165521534951486,0.8269340974212034,0.9870056497175141
cplfw,0.0715494221273355,0.8275071633237823,0.9870056497175141
cplfw,0.0709173990697443,0.828080229226361,0.9870056497175141
cplfw,0.07068997116902061,0.8286532951289398,0.9870056497175141
cplfw,0.07061726023917914,0.8292263610315186,0.9870056497175141
cplfw,0.07059139093120391,0.8297994269340975,0.9870056497175141
cplfw,0.07058401569708188,0.8303724928366762,0.9870056497175141
cplfw,0.07055451540504877,0.830945558739255,0.9870056497175141
cplfw,0.07046389103751904,0.8315186246418338,0.9870056497175141
cplfw,0.06979795330319159,0.8320916905444126,0.9870056497175141
cplfw,0.06958199457202217,0.8326647564469914,0.9870056497175141
cplfw,0.06956772183169298,0.8332378223495702,0.9870056497175141
cplfw,0.06947427812051328,0.833810888252149,0.9870056497175141
cplfw,0.06779685535404997,0.8343839541547278,0.9870056497175141
cplfw,0.06766406979440644,0.8349570200573065,0.9870056497175141
cplfw,0.06735971944158912,0.8355300859598854,0.9870056497175141
cplfw,0.06735606176293667,0.8361031518624642,0.9870056497175141
cplfw,0.06705847747859933,0.836676217765043,0.9870056497175141
cplfw,0.06680449038381336,0.8372492836676217,0.9870056497175141
cplfw,0.06675971639116923,0.8372492836676217,0.9875706214689266
cplfw,0.06634300509628997,0.8378223495702005,0.9875706214689266
cplfw,0.06583869966441593,0.8383954154727794,0.9875706214689266
cplfw,0.06480888934137426,0.8389684813753582,0.9875706214689266
cplfw,0.06411415725599241,0.839541547277937,0.9875706214689266
cplfw,0.06393770738236652,0.8401146131805157,0.9875706214689266
cplfw,0.06357132221000898,0.8406876790830946,0.9875706214689266
cplfw,0.063498652696426,0.8412607449856734,0.9875706214689266
cplfw,0.06331131543732361,0.8418338108882522,0.9875706214689266
cplfw,0.0632761345873107,0.8424068767908309,0.9875706214689266
cplfw,0.062969761641531,0.8429799426934097,0.9875706214689266
cplfw,0.06296232377857493,0.8435530085959886,0.9875706214689266
cplfw,0.06281196017944587,0.8441260744985674,0.9875706214689266
cplfw,0.06263451340558954,0.8446991404011461,0.9875706214689266
cplfw,0.062468462570307796,0.8452722063037249,0.9875706214689266
cplfw,0.06219650757466726,0.8458452722063037,0.9875706214689266
cplfw,0.06181710597680843,0.8464183381088826,0.9875706214689266
cplfw,0.06177606870483798,0.8469914040114613,0.9875706214689266
cplfw,0.06151089290882454,0.8475644699140401,0.9875706214689266
cplfw,0.06118708861185288,0.8481375358166189,0.9875706214689266
cplfw,0.06105495844976596,0.8487106017191977,0.9875706214689266
cplfw,0.060868690796782365,0.8492836676217765,0.9875706214689266
cplfw,0.06071105739612942,0.8498567335243553,0.9875706214689266
cplfw,0.06047034230798789,0.8504297994269341,0.9875706214689266
cplfw,0.059882368809195057,0.8510028653295129,0.9875706214689266
cplfw,0.059604328846795014,0.8515759312320917,0.9875706214689266
cplfw,0.059383456526151804,0.8521489971346705,0.9875706214689266
cplfw,0.059096943193865215,0.8527220630372493,0.9875706214689266
cplfw,0.058644716736632664,0.8527220630372493,0.988135593220339
cplfw,0.05838705572243614,0.8532951289398281,0.988135593220339
cplfw,0.05827430131372532,0.8538681948424068,0.988135593220339
cplfw,0.05808208282251959,0.8544412607449857,0.988135593220339
cplfw,0.05720985337815622,0.8550143266475645,0.988135593220339
cplfw,0.05719734578835257,0.8555873925501433,0.988135593220339
cplfw,0.057196576732289235,0.856160458452722,0.988135593220339
cplfw,0.05682403005187832,0.8567335243553008,0.988135593220339
cplfw,0.05651479827279373,0.8573065902578797,0.988135593220339
cplfw,0.05648630448875205,0.8578796561604585,0.988135593220339
cplfw,0.05644262881965438,0.8584527220630372,0.988135593220339
cplfw,0.05640752361849883,0.859025787965616,0.988135593220339
cplfw,0.056365046255545094,0.8595988538681948,0.988135593220339
cplfw,0.056021566892943034,0.8601719197707737,0.988135593220339
cplfw,0.0559444159378204,0.8607449856733524,0.988135593220339
cplfw,0.05545493190889933,0.8613180515759312,0.988135593220339
cplfw,0.05530744092127387,0.8613180515759312,0.9887005649717514
cplfw,0.055126520055768936,0.86189111747851,0.9887005649717514
cplfw,0.05465274685678891,0.8624641833810889,0.9887005649717514
cplfw,0.054589943800720166,0.8630372492836677,0.9887005649717514
cplfw,0.05428943772090147,0.8636103151862464,0.9887005649717514
cplfw,0.05428176051192077,0.8641833810888252,0.9887005649717514
cplfw,0.05428090869459829,0.864756446991404,0.9887005649717514
cplfw,0.054153441339832846,0.8653295128939829,0.9887005649717514
cplfw,0.05348367479503406,0.8659025787965616,0.9887005649717514
cplfw,0.053414345824034315,0.8664756446991404,0.9887005649717514
cplfw,0.05305306228544512,0.8670487106017192,0.9887005649717514
cplfw,0.05297673816037256,0.867621776504298,0.9887005649717514
cplfw,0.052874021438316876,0.8681948424068768,0.9887005649717514
cplfw,0.052850734459442925,0.8687679083094556,0.9887005649717514
cplfw,0.05281078949844534,0.8693409742120344,0.9887005649717514
cplfw,0.052337452375148794,0.8699140401146132,0.9887005649717514
cplfw,0.052206931055714126,0.8704871060171919,0.9887005649717514
cplfw,0.05199010891460404,0.8710601719197708,0.9887005649717514
cplfw,0.0517187782030779,0.8716332378223496,0.9887005649717514
cplfw,0.05150249450927576,0.8722063037249284,0.9887005649717514
cplfw,0.051391085493631396,0.8727793696275071,0.9887005649717514
cplfw,0.05113582189224703,0.873352435530086,0.9887005649717514
cplfw,0.050679327534208354,0.8739255014326648,0.9887005649717514
cplfw,0.050456810375281456,0.8744985673352436,0.9887005649717514
cplfw,0.05028133477516944,0.8744985673352436,0.9892655367231639
cplfw,0.05013325166640467,0.8750716332378223,0.9892655367231639
cplfw,0.05000660876146272,0.8756446991404011,0.9892655367231639
cplfw,0.049697255534638274,0.87621776504298,0.9892655367231639
cplfw,0.04961137646987231,0.8767908309455588,0.9892655367231639
cplfw,0.048774896200251446,0.8773638968481375,0.9892655367231639
cplfw,0.0485108542929487,0.8779369627507163,0.9892655367231639
cplfw,0.0483719086397553,0.8785100286532951,0.9892655367231639
cplfw,0.04815086648942462,0.879083094555874,0.9892655367231639
cplfw,0.04798240684543035,0.8796561604584527,0.9892655367231639
cplfw,0.04664687458559306,0.8802292263610315,0.9892655367231639
cplfw,0.046635229365282506,0.8808022922636103,0.9892655367231639
cplfw,0.046593916509252487,0.8813753581661891,0.9892655367231639
cplfw,0.04648632275639716,0.8819484240687679,0.9892655367231639
cplfw,0.04615383628371847,0.8825214899713467,0.9892655367231639
cplfw,0.04595157227691131,0.8830945558739255,0.9892655367231639
cplfw,0.04594588077664505,0.8830945558739255,0.9898305084745763
cplfw,0.04587029015367372,0.8836676217765043,0.9898305084745763
cplfw,0.045672062628071046,0.8842406876790831,0.9898305084745763
cplfw,0.04540750499987843,0.8848137535816619,0.9898305084745763
cplfw,0.04538344213314209,0.8853868194842407,0.9898305084745763
cplfw,0.04534634203282705,0.8859598853868195,0.9898305084745763
cplfw,0.044931169318485474,0.8865329512893982,0.9898305084745763
cplfw,0.0446617418255406,0.8871060171919771,0.9898305084745763
cplfw,0.044596658321606544,0.8876790830945559,0.9898305084745763
cplfw,0.04451755422544647,0.8882521489971347,0.9898305084745763
cplfw,0.04438954967790345,0.8882521489971347,0.9903954802259887
cplfw,0.04432545343652381,0.8888252148997134,0.9903954802259887
cplfw,0.04416739992217867,0.8893982808022922,0.9903954802259887
cplfw,0.044060700548111204,0.8899713467048711,0.9903954802259887
cplfw,0.043627985821886706,0.8905444126074499,0.9903954802259887
cplfw,0.04350739929803864,0.8911174785100286,0.9903954802259887
cplfw,0.04342987383589638,0.8916905444126074,0.9903954802259887
cplfw,0.0431366159344842,0.8922636103151862,0.9903954802259887
cplfw,0.04186223103858317,0.8928366762177651,0.9903954802259887
cplfw,0.041771679424977885,0.8934097421203439,0.9903954802259887
cplfw,0.041507213576634026,0.8939828080229226,0.9903954802259887
cplfw,0.040181948606012916,0.8945558739255014,0.9903954802259887
cplfw,0.04016207001738081,0.8951289398280803,0.9903954802259887
cplfw,0.04013385290852906,0.8957020057306591,0.9903954802259887
cplfw,0.040121299163779024,0.8962750716332378,0.9903954802259887
cplfw,0.040070132509240616,0.8968481375358166,0.9903954802259887
cplfw,0.04003153103797846,0.8974212034383954,0.9903954802259887
cplfw,0.04002821331736085,0.8979942693409743,0.9903954802259887
cplfw,0.03986036717154745,0.898567335243553,0.9903954802259887
cplfw,0.03848550716322245,0.8991404011461318,0.9903954802259887
cplfw,0.0374681276008969,0.8997134670487106,0.9903954802259887
cplfw,0.03740435200217296,0.9002865329512894,0.9903954802259887
cplfw,0.03727221182723286,0.9008595988538682,0.9903954802259887
cplfw,0.03678367072977313,0.901432664756447,0.9903954802259887
cplfw,0.036459236726892615,0.9020057306590258,0.9903954802259887
cplfw,0.03643653965015134,0.9025787965616046,0.9903954802259887
cplfw,0.03568442156691653,0.9031518624641833,0.9903954802259887
cplfw,0.035623677045522335,0.9037249283667622,0.9903954802259887
cplfw,0.034934438334905484,0.904297994269341,0.9903954802259887
cplfw,0.034926262057968435,0.9048710601719198,0.9903954802259887
cplfw,0.034862442991693415,0.9054441260744985,0.9903954802259887
cplfw,0.03473406404533781,0.9060171919770774,0.9903954802259887
cplfw,0.034645682107135076,0.9065902578796562,0.9903954802259887
cplfw,0.034575924022525954,0.9065902578796562,0.9909604519774011
cplfw,0.03402072205949834,0.907163323782235,0.9909604519774011
cplfw,0.033601925445635214,0.9077363896848137,0.9909604519774011
cplfw,0.03333751661198737,0.9083094555873925,0.9909604519774011
cplfw,0.033328105189014114,0.9088825214899714,0.9909604519774011
cplfw,0.03264027088020427,0.9094555873925502,0.9909604519774011
cplfw,0.0326264375075536,0.9100286532951289,0.9909604519774011
cplfw,0.032554879349318416,0.9100286532951289,0.9915254237288136
cplfw,0.03214549978445231,0.9106017191977077,0.9915254237288136
cplfw,0.032045539007288126,0.9111747851002865,0.9915254237288136
cplfw,0.03200707889921318,0.9111747851002865,0.992090395480226
cplfw,0.030510642931183246,0.9117478510028654,0.992090395480226
cplfw,0.029844415702547325,0.9123209169054441,0.992090395480226
cplfw,0.02955569708066898,0.9128939828080229,0.992090395480226
cplfw,0.029516350872499836,0.9134670487106017,0.992090395480226
cplfw,0.0286841332324098,0.9140401146131805,0.992090395480226
cplfw,0.028543351355796834,0.9146131805157593,0.992090395480226
cplfw,0.027819365370825175,0.9151862464183381,0.992090395480226
cplfw,0.027604353398626186,0.9157593123209169,0.992090395480226
cplfw,0.027547099969246168,0.9163323782234957,0.992090395480226
cplfw,0.02687598456479304,0.9169054441260746,0.992090395480226
cplfw,0.02626616372093754,0.9174785100286533,0.992090395480226
cplfw,0.026165227203904594,0.9180515759312321,0.992090395480226
cplfw,0.025749098394076086,0.9186246418338109,0.992090395480226
cplfw,0.02569684623396939,0.9191977077363896,0.992090395480226
cplfw,0.025528998847836236,0.9197707736389685,0.992090395480226
cplfw,0.02495584691182765,0.9203438395415473,0.992090395480226
cplfw,0.024726452834778187,0.9209169054441261,0.992090395480226
cplfw,0.02435448300200452,0.9214899713467049,0.992090395480226
cplfw,0.024338419578899026,0.9220630372492836,0.992090395480226
cplfw,0.024191894758030984,0.9226361031518625,0.992090395480226
cplfw,0.023749432386239618,0.9232091690544413,0.992090395480226
cplfw,0.02268927052725681,0.92378223495702,0.992090395480226
cplfw,0.022670575502181135,0.9243553008595988,0.992090395480226
cplfw,0.022107339799794002,0.9249283667621776,0.992090395480226
cplfw,0.021149541446133926,0.9255014326647565,0.992090395480226
cplfw,0.021137173701020053,0.9255014326647565,0.9926553672316384
cplfw,0.020319567641683328,0.9260744985673353,0.9926553672316384
cplfw,0.019803252688140493,0.926647564469914,0.9926553672316384
cplfw,0.019620575637802694,0.9272206303724928,0.9926553672316384
cplfw,0.019611302042320783,0.9277936962750717,0.9926553672316384
cplfw,0.01954018112197205,0.9283667621776505,0.9926553672316384
cplfw,0.019241621557714594,0.9289398280802292,0.9926553672316384
cplfw,0.019169322881044244,0.929512893982808,0.9926553672316384
cplfw,0.018250188144997986,0.9300859598853868,0.9926553672316384
cplfw,0.018144991704202473,0.9306590257879657,0.9926553672316384
cplfw,0.017668068124459143,0.9312320916905444,0.9926553672316384
cplfw,0.017496453481799644,0.9318051575931232,0.9926553672316384
cplfw,0.01711231562780312,0.932378223495702,0.9926553672316384
cplfw,0.015966724740580984,0.9329512893982808,0.9926553672316384
cplfw,0.015192327747032568,0.9335243553008596,0.9926553672316384
cplfw,0.014720587650274342,0.9340974212034384,0.9926553672316384
cplfw,0.014629858512611338,0.9346704871060172,0.9926553672316384
cplfw,0.014235682084935294,0.9346704871060172,0.9932203389830508
cplfw,0.01346460523290026,0.935243553008596,0.9932203389830508
cplfw,0.01292657724585095,0.9358166189111747,0.9932203389830508
cplfw,0.012757750784226501,0.9363896848137536,0.9932203389830508
cplfw,0.012333956921892035,0.9369627507163324,0.9932203389830508
cplfw,0.011865464554306565,0.9375358166189112,0.9932203389830508
cplfw,0.011659757916527212,0.9381088825214899,0.9932203389830508
cplfw,0.011645314728818726,0.9386819484240687,0.9932203389830508
cplfw,0.011450647007573131,0.9392550143266476,0.9932203389830508
cplfw,0.011352203863512858,0.9398280802292264,0.9932203389830508
cplfw,0.011274939492579822,0.9398280802292264,0.9937853107344633
cplfw,0.01051914829211661,0.9404011461318051,0.9937853107344633
cplfw,0.010016099181085416,0.9409742120343839,0.9937853107344633
cplfw,0.00967152574089164,0.9415472779369628,0.9937853107344633
cplfw,0.009475434468562235,0.9421203438395416,0.9937853107344633
cplfw,0.009129401297602029,0.9421203438395416,0.9943502824858758
cplfw,0.008913906596381036,0.9426934097421203,0.9943502824858758
cplfw,0.008587399691415339,0.9426934097421203,0.9949152542372881
cplfw,0.00831765818563477,0.9432664756446991,0.9949152542372881
cplfw,0.007907776472178184,0.9438395415472779,0.9949152542372881
cplfw,0.007811455950507806,0.9444126074498568,0.9949152542372881
cplfw,0.00775417233292517,0.9449856733524356,0.9949152542372881
cplfw,0.007366893038450013,0.9455587392550143,0.9949152542372881
cplfw,0.007197542674072953,0.9461318051575931,0.9949152542372881
cplfw,0.007093173266511293,0.9467048710601719,0.9949152542372881
cplfw,0.006973903412132423,0.9472779369627508,0.9949152542372881
cplfw,0.0069309193405341024,0.9478510028653295,0.9949152542372881
cplfw,0.006593112916813781,0.9484240687679083,0.9949152542372881
cplfw,0.006405934961926819,0.9489971346704871,0.9949152542372881
cplfw,0.006197683561138639,0.9495702005730658,0.9949152542372881
cplfw,0.004719262453637928,0.9501432664756447,0.9949152542372881
cplfw,0.004548067819371185,0.9507163323782235,0.9949152542372881
cplfw,0.00423458950195093,0.9512893982808023,0.9949152542372881
cplfw,0.0034881368288677693,0.951862464183381,0.9949152542372881
cplfw,0.0020903910875160955,0.9524355300859599,0.9949152542372881
cplfw,0.0016024929815868089,0.9530085959885387,0.9949152542372881
cplfw,0.0013194196126719568,0.9535816618911175,0.9949152542372881
cplfw,0.0005561656635384994,0.9541547277936963,0.9949152542372881
cplfw,0.0005410101241678998,0.954727793696275,0.9949152542372881
cplfw,-0.001666315743911183,0.9553008595988539,0.9949152542372881
cplfw,-0.0052829801002664,0.9553008595988539,0.9954802259887006
cplfw,-0.00537830394873427,0.9558739255014327,0.9954802259887006
cplfw,-0.006181645428906681,0.9564469914040115,0.9954802259887006
cplfw,-0.006285313696033763,0.9570200573065902,0.9954802259887006
cplfw,-0.0065957773238556824,0.9570200573065902,0.996045197740113
cplfw,-0.006605682473808849,0.957593123209169,0.996045197740113
cplfw,-0.009153595366653233,0.957593123209169,0.9966101694915255
cplfw,-0.009381672003794445,0.9581661891117479,0.9966101694915255
cplfw,-0.0095899845989951,0.9587392550143267,0.9966101694915255
cplfw,-0.009797283109413489,0.9593123209169054,0.9966101694915255
cplfw,-0.010340100565867663,0.9598853868194842,0.9966101694915255
cplfw,-0.010595165964202279,0.960458452722063,0.9966101694915255
cplfw,-0.012213219921588466,0.9610315186246419,0.9966101694915255
cplfw,-0.012531294312598666,0.9616045845272206,0.9966101694915255
cplfw,-0.013319553169723157,0.9621776504297994,0.9966101694915255
cplfw,-0.013493967951238306,0.9627507163323782,0.9966101694915255
cplfw,-0.016207553681950274,0.9627507163323782,0.9971751412429378
cplfw,-0.016244523983704726,0.9633237822349571,0.9971751412429378
cplfw,-0.016913759658501396,0.9638968481375358,0.9971751412429378
cplfw,-0.017447935913676785,0.9638968481375358,0.9977401129943503
cplfw,-0.018309791162675785,0.9644699140401146,0.9977401129943503
cplfw,-0.018472227666161634,0.9650429799426934,0.9977401129943503
cplfw,-0.018570512168839,0.9656160458452722,0.9977401129943503
cplfw,-0.019587032375048143,0.966189111747851,0.9977401129943503
cplfw,-0.02054574204533445,0.9667621776504298,0.9977401129943503
cplfw,-0.020633212697296364,0.9673352435530086,0.9977401129943503
cplfw,-0.021049295707312028,0.9679083094555874,0.9977401129943503
cplfw,-0.02108271915001514,0.9684813753581661,0.9977401129943503
cplfw,-0.022573166935544158,0.969054441260745,0.9977401129943503
cplfw,-0.023092367444411597,0.9696275071633238,0.9977401129943503
cplfw,-0.023128724318426244,0.9702005730659026,0.9977401129943503
cplfw,-0.023459087383559733,0.9707736389684813,0.9977401129943503
cplfw,-0.02765380671786476,0.9713467048710601,0.9977401129943503
cplfw,-0.029992407178434637,0.971919770773639,0.9977401129943503
cplfw,-0.030294432842468987,0.9724928366762178,0.9977401129943503
cplfw,-0.031564469504762285,0.9730659025787965,0.9977401129943503
cplfw,-0.03294091838164957,0.9736389684813753,0.9977401129943503
cplfw,-0.0335956498813592,0.9742120343839542,0.9977401129943503
cplfw,-0.034188473548300506,0.974785100286533,0.9977401129943503
cplfw,-0.035611425147103304,0.9753581661891118,0.9977401129943503
cplfw,-0.03659606575683421,0.9759312320916905,0.9977401129943503
cplfw,-0.037117144834791525,0.9765042979942693,0.9977401129943503
cplfw,-0.03786090777473223,0.9770773638968482,0.9977401129943503
cplfw,-0.03820361021386313,0.977650429799427,0.9977401129943503
cplfw,-0.038369063239645645,0.9782234957020057,0.9977401129943503
cplfw,-0.03905358914038719,0.9787965616045845,0.9977401129943503
cplfw,-0.03936468337144408,0.9793696275071633,0.9977401129943503
cplfw,-0.03976367150444007,0.9793696275071633,0.9983050847457627
cplfw,-0.0412891888456624,0.9799426934097422,0.9983050847457627
cplfw,-0.04216746151247711,0.9805157593123209,0.9983050847457627
cplfw,-0.042722500081457136,0.9810888252148997,0.9983050847457627
cplfw,-0.04338096626226062,0.9816618911174785,0.9983050847457627
cplfw,-0.043583213183614786,0.9822349570200573,0.9983050847457627
cplfw,-0.04420978319780867,0.9828080229226361,0.9983050847457627
cplfw,-0.045139191166436395,0.9833810888252149,0.9983050847457627
cplfw,-0.046603772236585975,0.9839541547277937,0.9983050847457627
cplfw,-0.047020711864404624,0.9845272206303725,0.9983050847457627
cplfw,-0.047356155430458874,0.9851002865329513,0.9983050847457627
cplfw,-0.04795394222608716,0.9851002865329513,0.9988700564971752
cplfw,-0.05080377379131373,0.9856733524355301,0.9988700564971752
cplfw,-0.05080439109212895,0.9862464183381089,0.9988700564971752
cplfw,-0.051361135899448226,0.9868194842406877,0.9988700564971752
cplfw,-0.051577042169058895,0.9873925501432664,0.9988700564971752
cplfw,-0.06015692481962183,0.9879656160458453,0.9988700564971752
cplfw,-0.061390759403788825,0.9885386819484241,0.9988700564971752
cplfw,-0.06261039792215874,0.9891117478510029,0.9988700564971752
cplfw,-0.064489233336592,0.9896848137535816,0.9988700564971752
cplfw,-0.06499426392579007,0.9902578796561604,0.9988700564971752
cplfw,-0.06572970900520075,0.9908309455587393,0.9988700564971752
cplfw,-0.06581291102537715,0.9914040114613181,0.9988700564971752
cplfw,-0.0659564991054964,0.9914040114613181,0.9994350282485875
cplfw,-0.06683082382224556,0.9919770773638968,0.9994350282485875
cplfw,-0.07418368407144596,0.9925501432664756,0.9994350282485875
cplfw,-0.07554290931964949,0.9931232091690544,0.9994350282485875
cplfw,-0.07659613509284612,0.9936962750716333,0.9994350282485875
cplfw,-0.07673765229815893,0.994269340974212,0.9994350282485875
cplfw,-0.07758422006763582,0.9948424068767908,0.9994350282485875
cplfw,-0.0787464603274481,0.9954154727793696,0.9994350282485875
cplfw,-0.07916920669153334,0.9959885386819485,0.9994350282485875
cplfw,-0.08124401752277312,0.9959885386819485,1.0
cplfw,-0.08328588802067816,0.9965616045845272,1.0
cplfw,-0.08975682986436699,0.997134670487106,1.0
cplfw,-0.09818752873732152,0.9977077363896848,1.0
cplfw,-0.11491083688971018,0.9982808022922636,1.0
cplfw,-0.11805365737580498,0.9988538681948425,1.0
cplfw,-0.12377186210242887,0.9994269340974212,1.0
cplfw,-0.1338249290809561,1.0,1.0
cplfw,-1.1338249290809561,1.0,1.0
